date,symbol,open,high,low,close,volume,open_interest,settlement,change_pct
2008-01-09,AU,230.95,230.99,221.88,223.3,103364,16342,0.0,0.0
2008-01-10,AU,222.5,222.85,213.7,215.12,87984,23494,0.0,0.0
2008-01-11,AU,218.0,219.23,215.5,218.1,85418,25424,0.0,0.0
2008-01-14,AU,218.85,220.25,217.6,220.1,60776,27714,0.0,0.0
2008-01-15,AU,220.7,224.6,220.3,223.8,88242,29866,0.0,0.0
2008-01-16,AU,220.6,220.6,215.4,215.89,94362,29582,0.0,0.0
2008-01-17,AU,214.03,216.8,213.5,216.47,61962,30916,0.0,0.0
2008-01-18,AU,214.0,214.9,212.42,214.7,58006,29538,0.0,0.0
2008-01-21,AU,214.7,216.33,213.8,214.2,43510,30294,0.0,0.0
2008-01-22,AU,208.0,209.5,204.72,206.41,78532,29326,0.0,0.0
2008-01-23,AU,212.0,214.25,210.9,212.51,60988,26596,0.0,0.0
2008-01-24,AU,213.02,217.08,212.61,216.7,57962,30156,0.0,0.0
2008-01-25,AU,220.1,221.4,218.32,219.8,72624,32428,0.0,0.0
2008-01-28,AU,219.6,221.97,219.2,220.33,62712,33182,0.0,0.0
2008-01-29,AU,223.6,224.3,222.56,222.56,47652,34168,0.0,0.0
2008-01-31,AU,220.0,221.04,218.22,219.35,43002,33082,0.0,0.0
2008-02-01,AU,220.61,221.0,218.56,218.75,28726,32934,0.0,0.0
2008-02-04,AU,216.0,216.94,215.0,215.6,31388,32288,0.0,0.0
2008-02-05,AU,215.5,215.58,214.7,215.26,17456,32802,0.0,0.0
2008-02-13,AU,216.01,216.16,213.5,213.69,22060,34146,0.0,0.0
2008-02-14,AU,214.6,216.18,214.43,216.1,29802,35040,0.0,0.0
2008-02-15,AU,216.0,216.51,215.33,216.25,22126,35278,0.0,0.0
2008-02-18,AU,215.2,215.7,214.2,215.48,22840,36068,0.0,0.0
2008-02-19,AU,215.51,218.38,215.5,218.38,42656,44314,0.0,0.0
2008-02-20,AU,222.0,222.25,219.51,219.81,50118,43710,0.0,0.0
2008-02-21,AU,221.81,224.1,221.81,223.58,50356,44110,0.0,0.0
2008-02-22,AU,221.5,224.45,221.5,222.45,40978,42460,0.0,0.0
2008-02-25,AU,223.6,225.8,223.0,225.78,39612,46534,0.0,0.0
2008-02-26,AU,222.96,222.96,218.92,219.43,46998,37020,0.0,0.0
2008-02-27,AU,224.9,226.0,224.02,224.68,37188,37268,0.0,0.0
2008-02-28,AU,225.0,225.5,223.42,223.5,22788,37564,0.0,0.0
2008-02-29,AU,226.0,226.5,225.23,225.43,31254,36150,0.0,0.0
2008-03-03,AU,226.55,228.99,226.23,228.45,41170,40996,0.0,0.0
2008-03-04,AU,229.02,229.85,226.73,227.2,31874,38062,0.0,0.0
2008-03-05,AU,224.0,224.99,223.5,224.75,23908,37094,0.0,0.0
2008-03-06,AU,227.0,228.69,227.0,227.95,22082,36086,0.0,0.0
2008-03-07,AU,226.5,227.63,226.5,227.58,14940,35616,0.0,0.0
2008-03-10,AU,226.0,226.0,224.63,225.2,15138,35216,0.0,0.0
2008-03-11,AU,225.0,225.47,224.11,224.6,13184,36582,0.0,0.0
2008-03-12,AU,224.97,225.25,223.79,224.26,14300,35118,0.0,0.0
2008-03-13,AU,226.51,226.98,225.35,226.48,19782,36878,0.0,0.0
2008-03-14,AU,228.0,228.6,227.57,227.87,23164,40400,0.0,0.0
2008-03-17,AU,231.22,233.59,231.22,232.36,42482,41516,0.0,0.0
2008-03-18,AU,226.0,228.19,226.0,227.58,35308,38366,0.0,0.0
2008-03-19,AU,225.5,226.29,225.5,226.2,18872,39302,0.0,0.0
2008-03-20,AU,214.55,214.55,214.55,214.55,6530,36460,0.0,0.0
2008-03-21,AU,209.48,210.47,207.58,210.11,24388,35680,0.0,0.0
2008-03-24,AU,209.75,209.99,206.31,206.81,26702,37174,0.0,0.0
2008-03-25,AU,209.0,210.85,208.1,210.19,25658,36372,0.0,0.0
2008-03-26,AU,212.97,213.45,211.58,211.8,26278,37218,0.0,0.0
2008-03-27,AU,213.98,214.5,213.1,213.3,18126,34894,0.0,0.0
2008-03-28,AU,213.11,213.28,211.2,211.76,13966,35170,0.0,0.0
2008-03-31,AU,209.02,209.47,208.41,208.98,14388,37054,0.0,0.0
2008-04-01,AU,206.23,206.37,198.88,203.22,33934,34800,0.0,0.0
2008-04-02,AU,200.18,202.0,198.11,199.13,36416,31948,0.0,0.0
2008-04-03,AU,202.0,202.45,201.13,202.35,19752,31828,0.0,0.0
2008-04-04,AU,202.0,202.45,201.13,202.35,19752,31828,0.0,0.0
2008-04-07,AU,205.0,205.5,204.05,205.36,14318,30752,0.0,0.0
2008-04-08,AU,206.45,206.99,204.03,204.81,22960,30174,0.0,0.0
2008-04-09,AU,204.82,204.95,202.86,203.35,20438,29480,0.0,0.0
2008-04-10,AU,208.0,208.09,206.86,207.5,18414,27398,0.0,0.0
2008-04-11,AU,206.0,206.0,204.16,204.56,17082,27462,0.0,0.0
2008-04-14,AU,201.5,205.5,201.5,205.4,15516,26928,0.0,0.0
2008-04-15,AU,206.2,208.65,205.8,208.62,20794,25504,0.0,0.0
2008-04-16,AU,206.7,207.5,205.7,207.03,16288,23958,0.0,0.0
2008-04-17,AU,209.8,211.09,209.38,210.66,16078,21568,0.0,0.0
2008-04-18,AU,209.0,210.7,209.0,210.15,9282,21066,0.0,0.0
2008-04-21,AU,206.0,206.8,204.26,204.5,15046,18346,0.0,0.0
2008-04-22,AU,203.5,204.78,203.5,203.77,7206,17548,0.0,0.0
2008-04-23,AU,204.97,204.97,202.5,203.4,8056,21904,0.0,0.0
2008-04-24,AU,201.5,203.45,201.4,202.6,11112,15592,0.0,0.0
2008-04-25,AU,198.5,198.66,197.81,198.22,12600,22952,0.0,0.0
2008-04-28,AU,198.97,200.35,198.8,199.94,10840,24534,0.0,0.0
2008-04-29,AU,199.5,199.75,198.25,198.62,9208,25372,0.0,0.0
2008-04-30,AU,195.48,196.0,194.13,195.98,20378,30032,0.0,0.0
2008-05-01,AU,195.48,196.0,194.13,195.98,20378,30032,0.0,0.0
2008-05-02,AU,195.48,196.0,194.13,195.98,20378,30032,0.0,0.0
2008-05-05,AU,194.99,195.38,194.21,194.63,16342,30688,0.0,0.0
2008-05-06,AU,196.0,196.3,195.51,196.03,12532,31648,0.0,0.0
2008-05-07,AU,196.5,196.78,194.8,194.96,12972,33260,0.0,0.0
2008-05-08,AU,194.5,194.5,193.85,194.15,10360,33816,0.0,0.0
2008-05-09,AU,196.5,197.48,196.5,197.48,14464,34160,0.0,0.0
2008-05-12,AU,198.15,198.38,197.03,197.38,11010,35498,0.0,0.0
2008-05-13,AU,197.26,197.49,196.55,196.6,8816,34996,0.0,0.0
2008-05-14,AU,194.8,194.8,194.1,194.63,8994,35050,0.0,0.0
2008-05-15,AU,194.16,195.35,193.5,195.3,10946,35160,0.0,0.0
2008-05-16,AU,197.3,198.1,196.8,197.86,13810,32762,0.0,0.0
2008-05-19,AU,202.11,203.98,202.01,203.48,15132,32182,0.0,0.0
2008-05-20,AU,202.68,203.5,202.01,203.33,12260,32318,0.0,0.0
2008-05-21,AU,204.99,205.74,204.6,204.68,17252,35032,0.0,0.0
2008-05-22,AU,208.16,208.25,207.16,208.02,15166,34292,0.0,0.0
2008-05-23,AU,204.63,204.82,204.08,204.7,12752,32084,0.0,0.0
2008-05-26,AU,206.5,207.58,206.4,207.13,8416,31892,0.0,0.0
2008-05-27,AU,208.11,208.11,206.75,206.8,10542,32642,0.0,0.0
2008-05-28,AU,203.0,203.4,202.61,203.38,12250,34174,0.0,0.0
2008-05-29,AU,202.2,202.45,200.09,200.33,20840,30796,0.0,0.0
2008-05-30,AU,196.5,197.3,195.02,195.07,17240,31500,0.0,0.0
2008-06-02,AU,197.0,197.59,196.01,196.35,18710,30062,0.0,0.0
2008-06-03,AU,197.61,200.16,197.61,199.84,17002,30888,0.0,0.0
2008-06-04,AU,195.51,196.63,195.33,196.15,13168,29934,0.0,0.0
2008-06-05,AU,195.96,196.55,195.5,196.55,13990,29068,0.0,0.0
2008-06-06,AU,196.99,197.75,196.36,197.28,13188,29366,0.0,0.0
2008-06-09,AU,196.99,197.75,196.36,197.28,13188,29366,0.0,0.0
2008-06-10,AU,198.5,198.85,197.6,198.4,14864,26428,0.0,0.0
2008-06-11,AU,194.99,195.69,194.4,195.6,18060,29012,0.0,0.0
2008-06-12,AU,196.5,196.7,193.61,194.13,20576,28242,0.0,0.0
2008-06-13,AU,194.5,195.3,194.5,194.69,13770,30270,0.0,0.0
2008-06-16,AU,195.5,195.88,193.8,193.85,14766,31290,0.0,0.0
2008-06-17,AU,195.87,197.77,195.72,197.61,24332,26848,0.0,0.0
2008-06-18,AU,197.05,197.45,196.3,196.86,9454,26228,0.0,0.0
2008-06-19,AU,198.02,198.58,197.7,198.33,10642,25708,0.0,0.0
2008-06-20,AU,198.72,200.23,198.3,199.88,14702,26992,0.0,0.0
2008-06-23,AU,200.01,201.24,199.88,200.95,12552,27678,0.0,0.0
2008-06-24,AU,197.0,197.0,196.18,196.59,13980,26526,0.0,0.0
2008-06-25,AU,196.35,197.4,196.35,196.91,6346,26294,0.0,0.0
2008-06-26,AU,196.88,197.68,196.8,197.28,10374,27802,0.0,0.0
2008-06-27,AU,202.99,203.49,202.0,202.58,14240,26782,0.0,0.0
2008-06-30,AU,205.51,205.85,204.7,205.71,13176,26880,0.0,0.0
2008-07-01,AU,204.5,205.75,204.03,205.55,12342,26264,0.0,0.0
2008-07-02,AU,207.95,208.63,207.45,208.06,13600,26786,0.0,0.0
2008-07-03,AU,208.1,208.69,207.65,208.3,14756,25872,0.0,0.0
2008-07-04,AU,206.31,206.88,206.3,206.31,11306,25532,0.0,0.0
2008-07-07,AU,205.88,205.98,203.51,203.61,13396,25078,0.0,0.0
2008-07-08,AU,204.18,206.3,204.18,205.75,12188,26852,0.0,0.0
2008-07-09,AU,203.58,204.58,202.66,204.27,11806,26282,0.0,0.0
2008-07-10,AU,205.8,206.15,204.73,205.59,12396,26402,0.0,0.0
2008-07-11,AU,208.11,208.5,207.85,208.41,11740,28266,0.0,0.0
2008-07-14,AU,212.46,212.5,211.5,212.2,15412,29594,0.0,0.0
2008-07-15,AU,212.88,213.92,212.75,213.9,17258,31460,0.0,0.0
2008-07-16,AU,211.0,212.49,211.0,211.62,17956,30476,0.0,0.0
2008-07-17,AU,211.5,211.5,210.8,211.12,6126,29662,0.0,0.0
2008-07-20,AU,209.99,211.5,209.52,211.36,12658,32804,0.0,0.0
2008-07-21,AU,211.0,212.0,210.81,211.95,14032,34834,0.0,0.0
2008-07-22,AU,212.61,214.2,212.5,214.11,15318,35392,0.0,0.0
2008-07-23,AU,209.98,209.98,206.5,206.6,23976,31614,0.0,0.0
2008-07-24,AU,202.29,204.38,200.45,203.4,19938,28794,0.0,0.0
2008-07-25,AU,203.88,205.78,203.88,205.22,11112,28448,0.0,0.0
2008-07-28,AU,205.0,205.2,203.93,204.3,9208,27988,0.0,0.0
2008-07-29,AU,205.41,205.7,204.59,204.68,8518,28264,0.0,0.0
2008-07-30,AU,202.0,202.4,201.3,202.11,9972,27370,0.0,0.0
2008-07-31,AU,201.27,202.9,201.02,202.84,18976,31948,0.0,0.0
2008-08-01,AU,201.5,201.97,201.31,201.6,9420,31682,0.0,0.0
2008-08-04,AU,201.66,203.38,201.66,203.35,10824,32132,0.0,0.0
2008-08-05,AU,197.8,199.46,195.8,196.75,20124,31130,0.0,0.0
2008-08-06,AU,195.77,196.95,195.1,196.91,13228,33354,0.0,0.0
2008-08-07,AU,196.02,197.49,196.02,197.4,9230,33498,0.0,0.0
2008-08-08,AU,194.5,194.87,193.52,194.11,14476,34946,0.0,0.0
2008-08-11,AU,192.31,193.38,191.0,191.4,17024,35790,0.0,0.0
2008-08-12,AU,182.82,182.82,182.82,182.82,2062,34844,0.0,0.0
2008-08-13,AU,180.1,184.6,179.1,184.5,38206,33818,0.0,0.0
2008-08-14,AU,186.6,186.87,184.04,186.09,22812,31968,0.0,0.0
2008-08-15,AU,176.28,177.87,176.1,176.1,27944,30930,0.0,0.0
2008-08-18,AU,179.33,181.52,178.81,181.44,22596,32262,0.0,0.0
2008-08-19,AU,178.28,178.72,176.18,176.44,24368,33180,0.0,0.0
2008-08-20,AU,183.03,183.29,181.86,182.41,19694,30326,0.0,0.0
2008-08-21,AU,183.3,184.55,182.73,184.3,17578,31978,0.0,0.0
2008-08-22,AU,187.0,187.3,186.12,186.59,15108,30984,0.0,0.0
2008-08-25,AU,182.51,183.18,181.1,182.81,15814,30530,0.0,0.0
2008-08-26,AU,182.05,183.35,181.56,182.3,15318,30106,0.0,0.0
2008-08-27,AU,184.49,185.34,184.15,184.85,12512,29940,0.0,0.0
2008-08-28,AU,185.11,186.12,184.72,185.75,11370,29876,0.0,0.0
2008-08-29,AU,184.38,185.75,184.35,185.45,10890,27848,0.0,0.0
2008-09-01,AU,185.0,185.18,184.5,184.91,8866,28364,0.0,0.0
2008-09-02,AU,180.5,181.4,179.37,179.66,17368,28606,0.0,0.0
2008-09-03,AU,180.0,180.24,178.1,178.7,16388,30016,0.0,0.0
2008-09-04,AU,179.8,180.32,179.35,180.3,14022,31386,0.0,0.0
2008-09-05,AU,176.5,178.33,176.3,178.08,15300,31900,0.0,0.0
2008-09-08,AU,181.4,182.09,180.8,181.23,17896,29966,0.0,0.0
2008-09-09,AU,179.0,179.27,177.5,178.48,18250,31238,0.0,0.0
2008-09-10,AU,170.81,173.85,170.71,173.21,25450,31982,0.0,0.0
2008-09-11,AU,169.2,169.9,168.5,168.93,21558,33786,0.0,0.0
2008-09-12,AU,168.9,169.8,168.4,169.73,25854,37220,0.0,0.0
2008-09-15,AU,168.9,170.0,168.4,170.0,26708,37004,0.0,0.0
2008-09-16,AU,174.02,174.38,171.0,172.97,44052,32128,0.0,0.0
2008-09-17,AU,174.66,174.88,173.41,174.55,22502,31024,0.0,0.0
2008-09-18,AU,182.86,182.86,182.86,182.86,1050,30434,0.0,0.0
2008-09-19,AU,189.0,189.7,185.8,187.31,50720,28736,0.0,0.0
2008-09-22,AU,191.0,191.86,189.5,191.7,34970,28152,0.0,0.0
2008-09-23,AU,199.38,199.5,196.25,196.3,39760,27480,0.0,0.0
2008-09-24,AU,195.0,196.66,193.38,196.28,36066,26472,0.0,0.0
2008-09-25,AU,195.0,197.48,194.47,197.28,28310,24978,0.0,0.0
2008-09-26,AU,195.0,195.46,192.88,193.69,23162,22258,0.0,0.0
2008-10-06,AU,184.35,184.68,184.35,184.35,7894,21720,0.0,0.0
2008-10-07,AU,188.3,192.09,188.0,192.0,47028,25390,0.0,0.0
2008-10-08,AU,194.08,199.98,193.12,199.4,51198,29884,0.0,0.0
2008-10-09,AU,198.1,199.18,193.88,194.72,64838,31924,0.0,0.0
2008-10-10,AU,203.5,204.5,199.1,202.75,168896,37150,0.0,0.0
2008-10-13,AU,191.54,191.96,191.54,191.54,17624,29870,0.0,0.0
2008-10-14,AU,188.7,188.7,185.69,186.6,48374,27912,0.0,0.0
2008-10-15,AU,186.41,187.28,185.5,186.71,51620,29230,0.0,0.0
2008-10-16,AU,184.5,185.49,177.1,179.7,71010,38628,0.0,0.0
2008-10-17,AU,176.0,177.8,173.6,176.56,48656,32142,0.0,0.0
2008-10-20,AU,175.0,177.6,172.61,177.15,57294,29544,0.0,0.0
2008-10-21,AU,176.0,176.3,172.33,172.75,44262,32066,0.0,0.0
2008-10-22,AU,169.0,169.33,165.35,165.35,35712,40262,0.0,0.0
2008-10-23,AU,155.44,159.97,155.44,159.55,40168,40862,0.0,0.0
2008-10-24,AU,158.0,159.5,148.88,148.88,104556,45398,0.0,0.0
2008-10-27,AU,160.3,160.65,152.13,155.84,93960,36252,0.0,0.0
2008-10-28,AU,159.85,164.32,155.8,164.19,86138,41972,0.0,0.0
2008-10-29,AU,163.0,164.48,161.21,163.88,68682,46100,0.0,0.0
2008-10-30,AU,168.0,168.4,165.66,167.91,79482,51472,0.0,0.0
2008-10-31,AU,159.1,159.74,159.1,159.1,31252,56838,0.0,0.0
2008-11-03,AU,159.0,161.1,157.97,160.69,68360,58164,0.0,0.0
2008-11-04,AU,159.5,159.6,156.51,158.41,65148,59750,0.0,0.0
2008-11-05,AU,166.05,166.05,163.3,164.16,55966,59330,0.0,0.0
2008-11-06,AU,160.5,160.88,159.38,159.63,47062,62324,0.0,0.0
2008-11-07,AU,156.81,159.68,156.01,159.3,54380,64470,0.0,0.0
2008-11-10,AU,162.97,163.88,162.01,163.22,46224,59232,0.0,0.0
2008-11-11,AU,161.0,161.19,159.84,160.3,51862,68056,0.0,0.0
2008-11-12,AU,158.0,160.33,157.69,160.1,42652,66632,0.0,0.0
2008-11-13,AU,155.0,155.31,153.37,153.55,54446,73204,0.0,0.0
2008-11-14,AU,158.0,158.5,157.38,157.99,40700,68942,0.0,0.0
2008-11-17,AU,158.6,160.97,158.6,160.97,41858,69002,0.0,0.0
2008-11-18,AU,159.8,160.8,159.5,159.55,30262,63588,0.0,0.0
2008-11-19,AU,160.0,160.78,160.0,160.75,19130,60152,0.0,0.0
2008-11-20,AU,159.69,164.0,159.69,161.44,58262,57984,0.0,0.0
2008-11-21,AU,161.4,165.3,161.22,164.88,67320,53944,0.0,0.0
2008-11-24,AU,171.47,171.47,171.47,171.47,5610,50548,0.0,0.0
2008-11-25,AU,178.85,178.85,176.05,177.96,57282,43882,0.0,0.0
2008-11-26,AU,177.01,177.75,176.7,177.4,26038,43404,0.0,0.0
2008-11-27,AU,177.02,179.47,177.02,177.68,32376,42386,0.0,0.0
2008-11-28,AU,177.4,177.96,176.77,177.61,22958,40976,0.0,0.0
2008-12-01,AU,177.01,178.08,175.88,177.33,30958,42574,0.0,0.0
2008-12-02,AU,168.51,169.58,168.07,168.07,32096,45530,0.0,0.0
2008-12-03,AU,168.5,170.3,168.43,169.7,29084,48176,0.0,0.0
2008-12-04,AU,168.76,169.03,167.01,167.82,39078,51850,0.0,0.0
2008-12-05,AU,168.0,168.77,167.34,168.69,50378,52074,0.0,0.0
2008-12-08,AU,166.99,170.4,166.7,170.24,47686,46528,0.0,0.0
2008-12-09,AU,170.25,171.47,169.6,170.4,32026,45028,0.0,0.0
2008-12-10,AU,171.85,173.16,171.0,173.08,39572,43356,0.0,0.0
2008-12-11,AU,176.6,180.84,176.6,180.8,39022,46892,0.0,0.0
2008-12-12,AU,181.0,181.88,177.12,178.02,62898,41790,0.0,0.0
2008-12-15,AU,182.0,184.38,181.7,183.61,46738,43514,0.0,0.0
2008-12-16,AU,184.0,184.0,182.61,183.1,40460,44728,0.0,0.0
2008-12-17,AU,186.66,186.7,183.9,184.28,45270,50280,0.0,0.0
2008-12-18,AU,186.0,188.0,185.8,186.66,46614,55220,0.0,0.0
2008-12-19,AU,183.52,185.26,183.11,184.98,37076,56104,0.0,0.0
2008-12-22,AU,184.99,186.1,183.91,184.29,46502,51798,0.0,0.0
2008-12-23,AU,184.07,185.5,183.88,185.19,26410,51412,0.0,0.0
2008-12-24,AU,183.99,184.45,183.69,184.22,16578,48874,0.0,0.0
2008-12-25,AU,184.75,186.16,184.51,185.84,16706,47968,0.0,0.0
2008-12-26,AU,185.51,186.1,185.15,185.41,14114,47986,0.0,0.0
2008-12-29,AU,194.88,194.88,192.6,193.87,33046,48138,0.0,0.0
2008-12-30,AU,191.8,192.5,190.32,190.91,22554,46986,0.0,0.0
2008-12-31,AU,190.75,190.98,188.4,189.21,21060,44832,0.0,0.0
2009-01-05,AU,191.03,192.01,188.3,190.25,43542,49846,0.0,0.0
2009-01-06,AU,185.5,186.88,184.32,184.61,35598,51110,0.0,0.0
2009-01-07,AU,187.01,188.15,186.22,187.63,33054,50984,0.0,0.0
2009-01-08,AU,184.7,185.09,183.98,184.79,26624,48754,0.0,0.0
2009-01-09,AU,185.88,186.97,185.53,186.94,17112,47708,0.0,0.0
2009-01-12,AU,185.7,186.98,185.24,185.82,19966,46808,0.0,0.0
2009-01-13,AU,180.38,181.05,179.02,179.2,25170,46312,0.0,0.0
2009-01-14,AU,179.9,180.99,179.53,180.9,20908,44936,0.0,0.0
2009-01-15,AU,178.02,178.28,176.0,177.48,26104,43400,0.0,0.0
2009-01-16,AU,178.5,180.73,178.5,180.41,22210,42660,0.0,0.0
2009-01-19,AU,183.38,184.56,183.11,184.12,19250,40566,0.0,0.0
2009-01-20,AU,181.71,182.2,180.9,181.65,13612,38824,0.0,0.0
2009-01-21,AU,185.88,187.0,185.7,186.43,13450,35882,0.0,0.0
2009-01-22,AU,187.0,187.38,186.0,186.61,8930,34184,0.0,0.0
2009-01-23,AU,186.59,188.59,186.0,187.51,7610,33286,0.0,0.0
2009-02-02,AU,200.16,200.16,198.38,198.46,19710,34084,0.0,0.0
2009-02-03,AU,197.58,198.5,197.0,197.31,16838,36378,0.0,0.0
2009-02-04,AU,197.0,197.55,196.52,196.85,12532,36674,0.0,0.0
2009-02-05,AU,197.6,198.85,197.38,198.75,17244,38026,0.0,0.0
2009-02-06,AU,199.24,200.55,199.22,200.31,17328,37032,0.0,0.0
2009-02-09,AU,198.75,198.98,197.5,198.33,18230,37222,0.0,0.0
2009-02-10,AU,196.78,197.25,195.65,195.99,17672,37102,0.0,0.0
2009-02-11,AU,200.0,200.58,199.35,199.58,18014,37870,0.0,0.0
2009-02-12,AU,205.0,205.78,204.65,205.54,21010,40628,0.0,0.0
2009-02-13,AU,205.21,206.12,205.21,206.08,13728,42452,0.0,0.0
2009-02-16,AU,205.38,205.68,204.8,205.52,13036,42244,0.0,0.0
2009-02-17,AU,206.5,215.0,206.5,210.83,34462,48366,0.0,0.0
2009-02-18,AU,212.1,213.96,211.8,213.59,24246,48890,0.0,0.0
2009-02-19,AU,215.66,215.9,213.69,214.01,23434,48564,0.0,0.0
2009-02-20,AU,213.46,214.45,212.92,214.4,17504,48628,0.0,0.0
2009-02-23,AU,217.8,217.84,216.0,216.5,23514,49798,0.0,0.0
2009-02-24,AU,216.21,217.39,215.74,216.8,19052,49382,0.0,0.0
2009-02-25,AU,211.49,211.94,209.41,209.63,27128,45318,0.0,0.0
2009-02-26,AU,209.0,209.29,206.8,208.23,30488,40370,0.0,0.0
2009-02-27,AU,206.9,207.44,205.88,206.48,24676,40902,0.0,0.0
2009-03-02,AU,208.68,209.5,208.03,209.31,21986,41308,0.0,0.0
2009-03-03,AU,204.18,204.8,203.5,203.96,26320,38510,0.0,0.0
2009-03-04,AU,201.52,201.59,200.63,201.48,21848,38556,0.0,0.0
2009-03-05,AU,201.09,202.5,200.72,202.5,35920,45714,0.0,0.0
2009-03-06,AU,205.6,207.78,205.0,207.73,32018,42372,0.0,0.0
2009-03-09,AU,207.12,207.35,205.81,206.06,23438,39244,0.0,0.0
2009-03-10,AU,202.49,202.7,201.5,201.58,23930,38318,0.0,0.0
2009-03-11,AU,197.0,198.6,196.53,198.49,24044,37652,0.0,0.0
2009-03-12,AU,200.65,202.15,200.21,201.79,22650,36948,0.0,0.0
2009-03-13,AU,203.13,203.63,202.71,202.75,20588,35880,0.0,0.0
2009-03-16,AU,203.49,204.28,203.43,203.63,14654,35126,0.0,0.0
2009-03-17,AU,203.37,203.66,201.6,202.01,19608,35724,0.0,0.0
2009-03-18,AU,201.26,201.5,199.8,200.57,20440,34080,0.0,0.0
2009-03-19,AU,204.6,205.68,203.2,205.28,32622,33450,0.0,0.0
2009-03-20,AU,209.02,211.12,208.66,210.41,25186,33790,0.0,0.0
2009-03-23,AU,209.63,212.12,209.0,211.43,34262,40872,0.0,0.0
2009-03-24,AU,208.0,208.47,206.81,206.96,25720,36424,0.0,0.0
2009-03-25,AU,204.59,205.4,203.9,204.4,22924,35712,0.0,0.0
2009-03-26,AU,205.51,206.55,205.26,206.35,16480,34116,0.0,0.0
2009-03-27,AU,205.36,206.29,204.91,205.62,17110,33268,0.0,0.0
2009-03-30,AU,204.24,204.24,202.32,204.15,19058,32492,0.0,0.0
2009-03-31,AU,201.31,202.8,201.31,202.49,14658,31200,0.0,0.0
2009-04-01,AU,202.81,203.15,202.0,202.13,14716,30578,0.0,0.0
2009-04-02,AU,203.68,204.55,202.7,202.85,14920,29938,0.0,0.0
2009-04-03,AU,198.96,199.29,198.51,198.94,18048,29252,0.0,0.0
2009-04-07,AU,192.65,193.66,192.31,193.4,20974,26624,0.0,0.0
2009-04-08,AU,193.98,195.8,193.68,195.53,18932,25426,0.0,0.0
2009-04-09,AU,194.16,194.75,193.5,193.76,12082,24544,0.0,0.0
2009-04-10,AU,193.68,194.65,193.5,194.59,7054,23034,0.0,0.0
2009-04-13,AU,194.99,195.8,194.6,195.78,9956,21870,0.0,0.0
2009-04-14,AU,196.8,198.4,196.75,197.95,11630,19160,0.0,0.0
2009-04-15,AU,196.6,197.2,196.51,196.6,6342,16524,0.0,0.0
2009-04-16,AU,196.28,197.01,195.12,196.87,10318,17124,0.0,0.0
2009-04-17,AU,193.38,193.38,192.08,192.41,15186,19878,0.0,0.0
2009-04-20,AU,190.23,192.99,190.23,191.3,13318,21248,0.0,0.0
2009-04-21,AU,195.58,197.0,195.2,196.63,23634,22166,0.0,0.0
2009-04-22,AU,195.0,195.45,194.62,195.31,13610,21104,0.0,0.0
2009-04-23,AU,197.27,197.5,196.08,196.7,14346,20700,0.0,0.0
2009-04-24,AU,199.31,201.27,199.1,201.15,21460,25128,0.0,0.0
2009-04-27,AU,201.91,201.96,201.0,201.43,17540,25304,0.0,0.0
2009-04-28,AU,197.88,198.36,197.2,197.41,17454,23466,0.0,0.0
2009-04-29,AU,196.0,197.81,195.87,197.2,14780,23964,0.0,0.0
2009-04-30,AU,196.83,198.2,196.79,198.18,13456,25160,0.0,0.0
2009-05-01,AU,197.59,197.59,197.16,197.21,10,176,0.0,0.0
2009-05-04,AU,196.0,197.6,195.41,197.31,21404,29328,0.0,0.0
2009-05-05,AU,199.29,200.13,198.91,199.22,21654,32020,0.0,0.0
2009-05-06,AU,198.06,199.28,197.88,198.99,16660,31702,0.0,0.0
2009-05-07,AU,200.81,201.48,200.51,201.33,25708,35276,0.0,0.0
2009-05-08,AU,201.33,202.1,201.08,201.75,20618,35446,0.0,0.0
2009-05-11,AU,201.7,202.18,201.03,201.83,21098,35688,0.0,0.0
2009-05-12,AU,201.29,201.29,200.48,200.73,16980,35224,0.0,0.0
2009-05-13,AU,203.74,204.09,203.62,203.96,21262,41832,0.0,0.0
2009-05-14,AU,203.22,203.65,202.72,202.72,14108,41056,0.0,0.0
2009-05-15,AU,203.4,203.58,203.06,203.23,9952,41200,0.0,0.0
2009-05-18,AU,203.84,204.66,203.84,204.53,15046,40862,0.0,0.0
2009-05-19,AU,202.0,202.52,202.0,202.44,18764,38358,0.0,0.0
2009-05-20,AU,203.32,203.78,203.11,203.73,9508,37500,0.0,0.0
2009-05-21,AU,206.0,207.11,205.91,206.85,17934,41742,0.0,0.0
2009-05-22,AU,209.1,209.2,208.07,208.38,19752,41192,0.0,0.0
2009-05-25,AU,209.3,209.5,208.5,208.8,15162,44822,0.0,0.0
2009-05-26,AU,209.03,209.08,208.01,208.02,11978,45500,0.0,0.0
2009-05-27,AU,207.88,208.2,207.2,207.98,12912,44250,0.0,0.0
2009-06-01,AU,214.15,215.37,213.8,215.02,21484,48166,0.0,0.0
2009-06-02,AU,213.5,214.35,212.02,212.15,22006,49366,0.0,0.0
2009-06-03,AU,215.15,216.21,214.68,216.18,27090,52892,0.0,0.0
2009-06-04,AU,211.9,212.21,211.35,211.96,22964,49620,0.0,0.0
2009-06-05,AU,214.0,214.4,213.73,214.32,18306,51116,0.0,0.0
2009-06-08,AU,209.25,210.39,209.15,209.41,22658,49412,0.0,0.0
2009-06-09,AU,209.26,209.35,208.08,209.12,20136,48038,0.0,0.0
2009-06-10,AU,209.92,210.59,209.68,209.84,19594,48810,0.0,0.0
2009-06-11,AU,209.01,210.05,208.81,209.48,15150,47584,0.0,0.0
2009-06-12,AU,210.0,210.15,208.56,208.91,15106,46614,0.0,0.0
2009-06-15,AU,205.1,206.0,204.61,204.87,21978,46086,0.0,0.0
2009-06-16,AU,204.6,205.37,204.6,205.34,24762,44216,0.0,0.0
2009-06-17,AU,204.77,206.38,204.5,206.3,17560,43286,0.0,0.0
2009-06-18,AU,206.52,206.75,205.8,206.43,13106,43934,0.0,0.0
2009-06-19,AU,205.73,205.75,204.9,205.04,12756,43468,0.0,0.0
2009-06-22,AU,205.0,205.49,204.75,205.0,13614,43244,0.0,0.0
2009-06-23,AU,202.01,202.5,200.9,201.6,28548,39460,0.0,0.0
2009-06-24,AU,202.9,203.9,202.63,203.9,16324,39054,0.0,0.0
2009-06-25,AU,204.53,205.7,204.41,205.48,15088,39104,0.0,0.0
2009-06-26,AU,206.61,207.19,206.36,207.11,14748,40112,0.0,0.0
2009-06-29,AU,206.28,206.28,205.25,205.91,13026,39732,0.0,0.0
2009-06-30,AU,206.32,207.7,206.32,207.37,15454,41562,0.0,0.0
2009-07-01,AU,204.15,204.48,203.77,204.45,17094,40576,0.0,0.0
2009-07-02,AU,206.34,206.7,205.86,206.06,13820,40874,0.0,0.0
2009-07-03,AU,204.9,205.25,204.65,205.13,11130,39038,0.0,0.0
2009-07-06,AU,204.03,204.58,203.26,203.41,13208,40006,0.0,0.0
2009-07-07,AU,203.45,203.65,202.97,203.16,13572,40298,0.0,0.0
2009-07-08,AU,202.74,203.22,201.87,202.85,11952,39580,0.0,0.0
2009-07-09,AU,200.01,201.15,200.01,201.06,14952,41480,0.0,0.0
2009-07-10,AU,200.9,201.41,200.5,200.55,10914,41502,0.0,0.0
2009-07-13,AU,201.13,201.45,199.88,200.1,11398,41144,0.0,0.0
2009-07-14,AU,201.82,202.66,201.62,202.35,12674,39990,0.0,0.0
2009-07-15,AU,203.5,204.24,203.18,204.09,12684,39348,0.0,0.0
2009-07-16,AU,205.93,206.1,205.2,205.32,15540,36374,0.0,0.0
2009-07-17,AU,205.59,205.85,205.16,205.34,10586,36312,0.0,0.0
2009-07-20,AU,206.1,207.65,206.1,207.54,18286,39046,0.0,0.0
2009-07-21,AU,208.04,208.38,207.62,207.77,18542,38200,0.0,0.0
2009-07-22,AU,207.43,208.4,207.43,207.94,10702,38562,0.0,0.0
2009-07-23,AU,209.0,209.35,208.68,209.16,10290,38686,0.0,0.0
2009-07-24,AU,207.97,208.1,207.72,208.05,10108,39410,0.0,0.0
2009-07-27,AU,208.26,210.09,208.19,210.08,16098,42722,0.0,0.0
2009-07-28,AU,209.0,209.71,208.6,209.58,11716,43622,0.0,0.0
2009-07-29,AU,206.2,206.6,204.48,204.9,24984,37770,0.0,0.0
2009-07-30,AU,204.1,204.66,204.0,204.5,9888,36944,0.0,0.0
2009-07-31,AU,205.48,206.6,205.47,205.93,17120,41038,0.0,0.0
2009-08-03,AU,209.71,209.85,209.18,209.41,19694,42900,0.0,0.0
2009-08-04,AU,210.02,210.2,208.96,209.66,16070,41706,0.0,0.0
2009-08-05,AU,212.0,212.2,211.16,211.38,16950,44296,0.0,0.0
2009-08-06,AU,211.52,211.68,210.94,211.57,10142,43866,0.0,0.0
2009-08-07,AU,210.88,210.98,210.55,210.55,9720,44584,0.0,0.0
2009-08-10,AU,209.11,210.17,209.11,209.78,8766,44962,0.0,0.0
2009-08-11,AU,208.01,208.41,207.2,208.35,13830,43980,0.0,0.0
2009-08-12,AU,208.35,208.6,207.1,207.15,13454,41824,0.0,0.0
2009-08-13,AU,208.51,209.86,208.51,209.58,15998,43306,0.0,0.0
2009-08-14,AU,210.3,210.43,209.81,209.9,13296,40956,0.0,0.0
2009-08-17,AU,207.35,207.41,206.51,207.18,21862,39122,0.0,0.0
2009-08-18,AU,206.2,206.78,206.05,206.5,15478,35706,0.0,0.0
2009-08-19,AU,207.0,207.05,205.21,205.54,15192,33864,0.0,0.0
2009-08-20,AU,207.0,208.05,206.66,207.51,11856,34172,0.0,0.0
2009-08-21,AU,206.5,206.95,206.15,206.52,6834,33388,0.0,0.0
2009-08-24,AU,209.88,209.89,209.31,209.77,17952,39586,0.0,0.0
2009-08-25,AU,207.33,207.9,207.33,207.65,10426,38306,0.0,0.0
2009-08-26,AU,207.61,208.46,207.54,208.26,7314,40006,0.0,0.0
2009-08-27,AU,207.5,208.15,207.4,208.0,8164,40390,0.0,0.0
2009-08-28,AU,209.0,209.1,208.56,208.8,9286,38774,0.0,0.0
2009-08-31,AU,211.0,211.0,209.29,209.29,15852,36610,0.0,0.0
2009-09-01,AU,210.29,210.37,208.9,209.72,11192,37046,0.0,0.0
2009-09-02,AU,209.32,210.18,209.15,210.0,13704,38850,0.0,0.0
2009-09-03,AU,214.3,215.58,214.05,215.57,37810,54592,0.0,0.0
2009-09-04,AU,217.66,218.18,217.23,217.39,26326,59760,0.0,0.0
2009-09-07,AU,217.8,219.09,217.65,218.9,30036,69786,0.0,0.0
2009-09-08,AU,219.47,223.08,218.8,222.8,39874,80454,0.0,0.0
2009-09-09,AU,221.64,222.57,220.3,220.65,45092,72616,0.0,0.0
2009-09-10,AU,219.76,220.18,218.4,219.47,33842,70374,0.0,0.0
2009-09-11,AU,219.0,222.2,219.0,220.27,46754,73540,0.0,0.0
2009-09-14,AU,220.02,221.75,219.45,219.57,50382,72426,0.0,0.0
2009-09-15,AU,220.27,220.88,219.25,219.27,32292,68162,0.0,0.0
2009-09-16,AU,222.5,225.75,222.0,225.24,74634,87710,0.0,0.0
2009-09-17,AU,224.99,227.3,224.39,225.96,71664,87826,0.0,0.0
2009-09-18,AU,224.37,224.42,222.83,223.1,40774,78398,0.0,0.0
2009-09-21,AU,221.01,222.45,220.12,221.1,44680,71196,0.0,0.0
2009-09-22,AU,221.96,223.35,221.71,223.3,51320,81304,0.0,0.0
2009-09-23,AU,223.93,224.49,223.08,223.13,51478,70732,0.0,0.0
2009-09-24,AU,223.06,223.61,222.06,223.51,35748,68512,0.0,0.0
2009-09-25,AU,219.0,219.26,218.45,218.9,40506,48944,0.0,0.0
2009-09-28,AU,218.5,218.73,216.4,216.83,39468,34172,0.0,0.0
2009-09-29,AU,217.03,217.81,216.81,217.77,13300,30390,0.0,0.0
2009-09-30,AU,217.78,218.78,217.6,218.7,15000,27478,0.0,0.0
2009-10-09,AU,231.88,231.88,228.0,228.95,19046,26340,0.0,0.0
2009-10-12,AU,231.01,231.6,230.0,230.88,18524,29426,0.0,0.0
2009-10-13,AU,231.07,231.89,230.8,231.59,18944,32814,0.0,0.0
2009-10-14,AU,233.0,234.74,232.64,233.85,34562,39766,0.0,0.0
2009-10-15,AU,233.2,233.68,231.8,231.85,27606,39100,0.0,0.0
2009-10-16,AU,231.2,231.68,229.56,230.38,25960,41488,0.0,0.0
2009-10-19,AU,230.5,231.78,230.17,231.7,24824,44064,0.0,0.0
2009-10-20,AU,233.73,234.86,233.42,234.59,33534,49986,0.0,0.0
2009-10-21,AU,231.7,232.32,231.08,232.22,20752,47716,0.0,0.0
2009-10-22,AU,233.0,233.36,231.78,231.85,22524,48312,0.0,0.0
2009-10-23,AU,233.0,234.2,232.92,233.2,28920,54634,0.0,0.0
2009-10-26,AU,232.01,232.54,231.5,231.98,23838,55062,0.0,0.0
2009-10-27,AU,228.88,229.52,228.81,229.37,19242,53654,0.0,0.0
2009-10-28,AU,228.8,229.77,228.71,229.0,21814,56788,0.0,0.0
2009-10-29,AU,227.0,227.75,226.98,227.5,18520,56396,0.0,0.0
2009-10-30,AU,230.0,230.95,230.0,230.68,17424,58570,0.0,0.0
2009-11-02,AU,230.05,230.73,229.7,230.71,15340,60792,0.0,0.0
2009-11-03,AU,234.0,234.27,233.5,233.86,23180,59574,0.0,0.0
2009-11-04,AU,237.59,238.08,237.35,238.06,30152,63164,0.0,0.0
2009-11-05,AU,238.74,238.88,238.1,238.12,31746,58518,0.0,0.0
2009-11-06,AU,238.6,239.36,238.58,239.25,18918,59856,0.0,0.0
2009-11-09,AU,240.5,242.26,240.5,242.17,30742,64256,0.0,0.0
2009-11-10,AU,241.6,241.7,240.34,240.84,33316,59856,0.0,0.0
2009-11-11,AU,242.25,242.83,242.1,242.62,25968,62972,0.0,0.0
2009-11-12,AU,245.0,245.7,245.0,245.56,28716,64678,0.0,0.0
2009-11-13,AU,241.87,242.97,241.62,242.91,28042,61180,0.0,0.0
2009-11-16,AU,246.18,247.51,246.01,247.39,27022,64878,0.0,0.0
2009-11-17,AU,249.49,249.82,248.04,248.48,29234,65626,0.0,0.0
2009-11-18,AU,249.6,249.9,249.12,249.49,25944,67794,0.0,0.0
2009-11-19,AU,249.8,250.6,249.7,250.26,33114,68722,0.0,0.0
2009-11-20,AU,250.58,251.46,249.57,250.92,35088,72482,0.0,0.0
2009-11-23,AU,253.99,255.58,253.96,255.42,37460,74372,0.0,0.0
2009-11-24,AU,254.0,256.39,253.96,255.05,45582,73484,0.0,0.0
2009-11-25,AU,255.99,259.47,255.86,259.33,71268,81264,0.0,0.0
2009-11-26,AU,261.11,263.86,261.1,261.92,83696,80568,0.0,0.0
2009-11-27,AU,261.0,262.63,256.0,257.02,102384,73266,0.0,0.0
2009-11-30,AU,258.5,260.25,256.1,258.23,90894,83102,0.0,0.0
2009-12-01,AU,259.87,260.1,258.6,259.33,40718,82602,0.0,0.0
2009-12-02,AU,264.6,268.04,264.3,267.5,87220,97022,0.0,0.0
2009-12-03,AU,270.17,270.49,266.66,267.55,95160,98564,0.0,0.0
2009-12-04,AU,264.83,266.0,263.89,265.8,82192,84076,0.0,0.0
2009-12-07,AU,254.0,255.87,253.2,254.81,102638,82850,0.0,0.0
2009-12-08,AU,257.39,257.39,255.43,255.9,66656,80166,0.0,0.0
2009-12-09,AU,249.05,250.54,248.72,248.85,68012,71746,0.0,0.0
2009-12-10,AU,249.61,250.4,248.11,249.27,58438,73682,0.0,0.0
2009-12-11,AU,250.02,251.29,249.43,250.7,53848,80006,0.0,0.0
2009-12-14,AU,247.0,249.88,246.8,249.7,68328,82270,0.0,0.0
2009-12-15,AU,248.95,251.55,248.1,248.31,70656,86798,0.0,0.0
2009-12-16,AU,248.94,252.3,248.6,252.1,83472,103000,0.0,0.0
2009-12-17,AU,254.0,254.26,249.62,249.73,92360,99174,0.0,0.0
2009-12-18,AU,245.6,246.1,244.32,245.4,76048,92714,0.0,0.0
2009-12-21,AU,247.01,247.86,246.11,246.8,58328,91458,0.0,0.0
2009-12-22,AU,242.82,243.37,242.34,242.43,46622,92034,0.0,0.0
2009-12-23,AU,241.1,242.16,240.52,241.3,56468,96816,0.0,0.0
2009-12-24,AU,242.6,245.96,242.0,245.61,73994,101270,0.0,0.0
2009-12-25,AU,245.5,246.48,244.51,246.35,39492,97572,0.0,0.0
2009-12-28,AU,246.0,249.09,245.6,247.98,54726,102296,0.0,0.0
2009-12-29,AU,246.34,246.7,244.78,246.4,52070,99316,0.0,0.0
2009-12-30,AU,243.0,243.97,242.77,243.39,44012,95596,0.0,0.0
2009-12-31,AU,243.68,247.58,243.6,247.51,52368,100364,0.0,0.0
2010-01-04,AU,245.38,247.43,244.58,245.96,57752,101232,0.0,0.0
2010-01-05,AU,250.0,253.28,249.71,253.23,74798,106498,0.0,0.0
2010-01-06,AU,251.01,253.14,250.59,251.1,73904,109054,0.0,0.0
2010-01-07,AU,255.1,255.5,251.2,252.36,86698,100124,0.0,0.0
2010-01-08,AU,251.22,251.22,249.0,249.56,53716,91082,0.0,0.0
2010-01-11,AU,257.5,258.44,256.66,256.85,51302,93998,0.0,0.0
2010-01-12,AU,256.85,257.5,255.38,257.14,38234,94330,0.0,0.0
2010-01-13,AU,251.0,251.0,249.3,250.72,49252,83830,0.0,0.0
2010-01-14,AU,254.28,254.38,252.41,252.97,27014,81238,0.0,0.0
2010-01-15,AU,253.22,253.55,251.81,252.21,25270,78682,0.0,0.0
2010-01-18,AU,250.5,252.05,249.91,251.81,25412,79576,0.0,0.0
2010-01-19,AU,252.4,253.0,251.89,252.39,19448,81094,0.0,0.0
2010-01-20,AU,253.49,253.99,251.2,251.38,32490,81338,0.0,0.0
2010-01-21,AU,247.5,248.31,246.51,248.3,38986,79524,0.0,0.0
2010-01-22,AU,243.05,243.99,242.66,243.32,35292,76678,0.0,0.0
2010-01-25,AU,243.32,245.99,243.0,245.36,34950,77788,0.0,0.0
2010-01-26,AU,245.77,246.28,242.72,243.1,37918,73382,0.0,0.0
2010-01-27,AU,244.57,245.15,243.54,243.81,28192,74518,0.0,0.0
2010-01-28,AU,241.6,241.98,239.6,241.44,36302,67022,0.0,0.0
2010-01-29,AU,240.01,240.91,239.3,239.36,27932,64946,0.0,0.0
2010-02-01,AU,240.78,240.8,238.58,239.56,27820,63424,0.0,0.0
2010-02-02,AU,244.81,245.2,243.96,244.74,34270,62160,0.0,0.0
2010-02-03,AU,246.87,247.35,245.93,247.24,22686,59746,0.0,0.0
2010-02-04,AU,245.0,246.06,244.83,245.11,20660,61560,0.0,0.0
2010-02-05,AU,235.0,235.9,234.88,235.77,35700,55754,0.0,0.0
2010-02-08,AU,236.5,237.18,236.1,236.86,18356,55750,0.0,0.0
2010-02-09,AU,236.3,238.88,236.1,238.47,16136,55820,0.0,0.0
2010-02-10,AU,239.38,239.88,238.85,239.85,15046,52298,0.0,0.0
2010-02-11,AU,239.5,240.8,239.48,240.3,11930,51840,0.0,0.0
2010-02-12,AU,242.16,242.5,241.8,242.2,13110,49826,0.0,0.0
2010-02-22,AU,250.4,251.5,248.33,248.33,18470,50400,0.0,0.0
2010-02-23,AU,246.5,247.45,245.85,247.22,19936,52922,0.0,0.0
2010-02-24,AU,245.0,245.46,244.88,245.06,16490,54514,0.0,0.0
2010-02-25,AU,244.0,244.0,241.76,242.28,25200,57358,0.0,0.0
2010-02-26,AU,245.16,246.6,244.89,246.4,32442,61264,0.0,0.0
2010-03-01,AU,248.87,248.87,247.23,247.79,23066,56566,0.0,0.0
2010-03-02,AU,247.75,248.42,246.77,247.38,24652,58386,0.0,0.0
2010-03-03,AU,251.1,251.99,250.78,251.9,32232,64582,0.0,0.0
2010-03-04,AU,252.19,252.24,250.84,251.05,30632,59534,0.0,0.0
2010-03-05,AU,250.69,251.73,250.41,251.28,19616,60412,0.0,0.0
2010-03-08,AU,251.06,252.16,250.88,252.01,23400,62712,0.0,0.0
2010-03-09,AU,248.99,249.19,248.3,248.36,23422,57376,0.0,0.0
2010-03-10,AU,248.39,249.69,248.36,249.44,19254,57578,0.0,0.0
2010-03-11,AU,245.95,246.46,245.62,245.93,22378,56568,0.0,0.0
2010-03-12,AU,246.49,246.83,245.81,246.82,14970,55348,0.0,0.0
2010-03-15,AU,244.7,244.99,244.26,244.99,18538,53070,0.0,0.0
2010-03-16,AU,245.41,246.78,245.33,246.34,17994,55304,0.0,0.0
2010-03-17,AU,249.48,250.18,249.21,250.13,21258,58818,0.0,0.0
2010-03-18,AU,248.6,248.94,248.27,248.53,15000,57616,0.0,0.0
2010-03-19,AU,248.79,249.09,248.5,248.71,14040,57022,0.0,0.0
2010-03-22,AU,244.7,245.49,244.69,244.99,19182,56726,0.0,0.0
2010-03-23,AU,244.8,245.01,244.42,244.5,17904,56728,0.0,0.0
2010-03-24,AU,244.5,244.86,243.77,243.9,22050,55748,0.0,0.0
2010-03-25,AU,241.36,242.0,241.2,241.8,22358,58136,0.0,0.0
2010-03-26,AU,242.0,243.89,241.89,243.88,19008,57952,0.0,0.0
2010-03-29,AU,245.3,246.22,244.85,246.01,22830,52770,0.0,0.0
2010-03-30,AU,245.8,246.68,245.6,246.46,15366,50200,0.0,0.0
2010-03-31,AU,245.11,245.56,244.97,245.28,14766,48962,0.0,0.0
2010-04-01,AU,246.69,246.95,245.89,245.91,15094,46864,0.0,0.0
2010-04-02,AU,248.5,248.51,247.72,248.03,18890,42576,0.0,0.0
2010-04-06,AU,249.0,249.2,248.18,248.7,11272,40242,0.0,0.0
2010-04-07,AU,250.02,250.68,249.68,250.68,15292,37108,0.0,0.0
2010-04-08,AU,252.0,252.28,251.62,251.8,15164,33150,0.0,0.0
2010-04-09,AU,253.01,255.0,252.9,254.97,20336,26154,0.0,0.0
2010-04-12,AU,256.97,257.35,256.38,256.45,19266,27350,0.0,0.0
2010-04-13,AU,254.66,254.79,253.8,254.35,17326,29330,0.0,0.0
2010-04-14,AU,254.0,255.37,254.0,254.45,21188,33700,0.0,0.0
2010-04-15,AU,254.61,255.15,254.1,254.16,14914,34934,0.0,0.0
2010-04-16,AU,254.82,254.87,254.1,254.23,9956,35294,0.0,0.0
2010-04-19,AU,250.53,251.02,249.5,249.7,21200,32392,0.0,0.0
2010-04-20,AU,250.78,251.36,250.56,251.07,21060,37244,0.0,0.0
2010-04-21,AU,251.67,252.83,251.55,252.56,19206,38712,0.0,0.0
2010-04-22,AU,252.8,253.26,252.4,252.5,16356,39580,0.0,0.0
2010-04-23,AU,251.01,251.59,251.01,251.26,16646,39292,0.0,0.0
2010-04-26,AU,254.85,255.85,254.73,255.41,18808,42908,0.0,0.0
2010-04-27,AU,255.1,255.38,254.16,254.39,17950,45438,0.0,0.0
2010-04-28,AU,257.25,257.3,256.5,256.8,21458,47950,0.0,0.0
2010-04-29,AU,256.8,257.32,256.64,257.08,16250,49440,0.0,0.0
2010-04-30,AU,258.86,258.97,257.98,258.58,19850,51784,0.0,0.0
2010-05-03,AU,257.67,258.38,257.33,257.58,20,66,0.0,0.0
2010-05-04,AU,260.0,260.08,258.6,258.61,23662,48410,0.0,0.0
2010-05-05,AU,257.0,257.48,255.72,257.33,24552,47338,0.0,0.0
2010-05-06,AU,257.86,258.5,257.7,258.2,27734,49052,0.0,0.0
2010-05-07,AU,264.0,264.61,263.31,264.6,34792,52284,0.0,0.0
2010-05-10,AU,263.99,264.67,262.64,262.75,37106,54176,0.0,0.0
2010-05-11,AU,264.14,265.75,264.14,265.64,33772,56568,0.0,0.0
2010-05-12,AU,269.7,271.24,269.18,270.17,46428,58840,0.0,0.0
2010-05-13,AU,271.01,271.83,270.91,271.14,37740,59050,0.0,0.0
2010-05-14,AU,271.14,272.3,270.74,271.32,40830,59388,0.0,0.0
2010-05-17,AU,271.32,273.58,271.32,271.89,66552,59846,0.0,0.0
2010-05-18,AU,269.86,270.0,267.3,267.62,56578,60814,0.0,0.0
2010-05-19,AU,268.99,269.5,265.61,266.29,75546,58434,0.0,0.0
2010-05-20,AU,262.0,263.8,260.37,261.27,64916,54182,0.0,0.0
2010-05-21,AU,260.4,261.2,257.5,259.72,73574,51498,0.0,0.0
2010-05-24,AU,260.84,262.56,260.39,262.25,44208,51298,0.0,0.0
2010-05-25,AU,261.7,263.55,261.5,262.17,54428,53412,0.0,0.0
2010-05-26,AU,265.0,266.25,264.52,265.8,44236,55272,0.0,0.0
2010-05-27,AU,266.8,267.98,266.2,266.7,48384,53332,0.0,0.0
2010-05-28,AU,266.5,267.7,265.45,267.68,50270,53474,0.0,0.0
2010-05-31,AU,266.43,267.53,266.17,266.54,31608,51022,0.0,0.0
2010-06-01,AU,269.0,269.35,268.3,268.59,46650,52906,0.0,0.0
2010-06-02,AU,269.27,269.8,268.63,268.71,42082,53002,0.0,0.0
2010-06-03,AU,269.09,269.36,268.2,269.18,33872,53172,0.0,0.0
2010-06-04,AU,265.0,265.58,263.64,264.82,44450,56686,0.0,0.0
2010-06-07,AU,267.0,268.16,266.82,267.77,43016,53982,0.0,0.0
2010-06-08,AU,272.32,273.0,271.9,272.9,38104,55064,0.0,0.0
2010-06-09,AU,272.24,272.34,271.0,271.35,44988,58402,0.0,0.0
2010-06-10,AU,270.49,271.6,269.25,270.24,39270,49918,0.0,0.0
2010-06-11,AU,268.0,268.69,267.81,268.44,23324,45656,0.0,0.0
2010-06-14,AU,268.0,268.69,267.81,268.44,23324,45656,0.0,0.0
2010-06-17,AU,271.06,271.8,270.8,271.47,22766,48810,0.0,0.0
2010-06-18,AU,274.09,274.33,273.35,273.93,39298,59884,0.0,0.0
2010-06-21,AU,276.56,277.01,275.86,276.98,41182,66788,0.0,0.0
2010-06-22,AU,271.72,272.19,270.88,271.24,43244,57384,0.0,0.0
2010-06-23,AU,271.36,272.45,271.36,272.08,22152,56522,0.0,0.0
2010-06-24,AU,271.17,271.54,270.61,270.75,21380,57942,0.0,0.0
2010-06-25,AU,272.9,273.58,272.64,272.95,25832,56240,0.0,0.0
2010-06-28,AU,276.0,276.19,274.85,274.91,21814,55978,0.0,0.0
2010-06-29,AU,271.99,271.99,270.45,270.6,33154,54918,0.0,0.0
2010-06-30,AU,272.06,272.48,271.56,272.04,24188,53912,0.0,0.0
2010-07-01,AU,271.05,271.6,270.72,270.8,25238,56312,0.0,0.0
2010-07-02,AU,262.53,263.87,261.88,263.12,47410,53962,0.0,0.0
2010-07-05,AU,263.98,264.83,263.7,264.26,21122,54586,0.0,0.0
2010-07-06,AU,262.88,264.0,262.5,263.01,25252,53074,0.0,0.0
2010-07-07,AU,260.95,261.27,259.17,259.4,37286,54342,0.0,0.0
2010-07-08,AU,263.02,263.48,262.6,263.16,26662,50026,0.0,0.0
2010-07-09,AU,261.18,261.88,261.12,261.36,20958,49492,0.0,0.0
2010-07-12,AU,264.0,264.04,263.3,263.3,21098,50614,0.0,0.0
2010-07-13,AU,261.5,261.98,261.15,261.2,24626,51262,0.0,0.0
2010-07-14,AU,264.0,264.95,263.81,264.6,28432,52468,0.0,0.0
2010-07-15,AU,264.09,264.68,263.7,263.75,19926,50604,0.0,0.0
2010-07-16,AU,264.0,264.15,263.0,263.02,21536,51270,0.0,0.0
2010-07-19,AU,259.9,260.74,259.88,260.3,30682,53302,0.0,0.0
2010-07-20,AU,258.3,259.2,258.25,258.85,28818,54396,0.0,0.0
2010-07-21,AU,260.65,260.65,259.73,259.76,21112,53542,0.0,0.0
2010-07-22,AU,259.1,259.6,258.25,258.73,25562,54750,0.0,0.0
2010-07-23,AU,260.99,261.63,260.71,261.46,24718,52974,0.0,0.0
2010-07-26,AU,260.22,261.28,260.22,261.12,17752,54242,0.0,0.0
2010-07-27,AU,259.48,259.72,259.15,259.46,19310,52898,0.0,0.0
2010-07-28,AU,254.83,255.46,254.68,255.18,30888,54208,0.0,0.0
2010-07-29,AU,255.6,256.2,255.24,256.17,22442,56706,0.0,0.0
2010-07-30,AU,255.61,256.29,255.36,255.94,20384,55000,0.0,0.0
2010-08-02,AU,258.6,259.46,258.5,259.25,22792,53536,0.0,0.0
2010-08-03,AU,259.38,259.45,258.88,258.95,16370,54160,0.0,0.0
2010-08-04,AU,260.7,261.69,260.52,261.57,26324,57010,0.0,0.0
2010-08-05,AU,261.86,261.97,261.17,261.4,15292,55316,0.0,0.0
2010-08-06,AU,261.4,262.9,261.24,262.9,14528,55174,0.0,0.0
2010-08-09,AU,263.79,264.8,263.43,264.63,21442,56928,0.0,0.0
2010-08-10,AU,262.98,263.17,262.0,262.0,17080,54502,0.0,0.0
2010-08-11,AU,263.15,263.75,262.01,262.43,17026,54134,0.0,0.0
2010-08-12,AU,262.86,262.98,262.3,262.88,13234,54394,0.0,0.0
2010-08-13,AU,265.5,266.96,265.4,266.73,23508,56660,0.0,0.0
2010-08-16,AU,266.86,268.05,266.77,267.48,20088,59270,0.0,0.0
2010-08-17,AU,268.5,268.58,267.53,267.8,18196,57332,0.0,0.0
2010-08-18,AU,268.08,268.26,267.4,267.55,14844,55066,0.0,0.0
2010-08-19,AU,268.83,269.15,268.62,268.98,13192,54500,0.0,0.0
2010-08-20,AU,269.13,269.2,268.61,268.78,14916,50706,0.0,0.0
2010-08-23,AU,268.47,268.96,268.32,268.6,12292,50882,0.0,0.0
2010-08-24,AU,267.08,267.42,266.82,266.86,13486,50222,0.0,0.0
2010-08-25,AU,269.0,269.8,268.83,269.8,19852,51048,0.0,0.0
2010-08-26,AU,271.11,271.52,270.73,271.11,18426,51556,0.0,0.0
2010-08-27,AU,270.05,270.55,270.05,270.22,11954,51516,0.0,0.0
2010-08-30,AU,269.82,270.45,269.82,270.41,13000,50804,0.0,0.0
2010-08-31,AU,270.38,271.19,270.01,270.28,17014,50998,0.0,0.0
2010-09-01,AU,272.63,274.29,272.63,274.1,21192,52184,0.0,0.0
2010-09-02,AU,273.11,273.42,272.92,273.1,13358,52670,0.0,0.0
2010-09-03,AU,274.24,274.24,273.5,273.72,9532,54194,0.0,0.0
2010-09-06,AU,272.63,273.46,272.45,273.25,11320,52258,0.0,0.0
2010-09-07,AU,272.96,273.28,272.72,273.15,10130,51492,0.0,0.0
2010-09-08,AU,274.59,275.5,274.53,275.33,15884,54386,0.0,0.0
2010-09-09,AU,273.96,274.32,273.58,273.83,23692,47518,0.0,0.0
2010-09-10,AU,271.68,272.16,271.56,272.01,13612,45452,0.0,0.0
2010-09-13,AU,271.77,272.19,271.65,272.08,9122,45896,0.0,0.0
2010-09-14,AU,272.68,272.71,272.03,272.6,13242,46550,0.0,0.0
2010-09-15,AU,277.1,277.1,276.15,276.55,34820,54612,0.0,0.0
2010-09-16,AU,275.96,276.55,275.56,275.95,16342,54032,0.0,0.0
2010-09-17,AU,277.13,278.35,276.6,278.24,22150,52574,0.0,0.0
2010-09-20,AU,277.5,279.2,277.5,279.2,19264,51670,0.0,0.0
2010-09-21,AU,278.13,278.17,277.3,277.4,14914,49126,0.0,0.0
2010-09-27,AU,281.51,281.6,279.71,281.14,16508,49988,0.0,0.0
2010-09-28,AU,279.5,280.14,279.38,279.45,10616,49056,0.0,0.0
2010-09-29,AU,283.0,283.26,282.22,283.19,13600,49276,0.0,0.0
2010-09-30,AU,282.5,284.59,282.1,284.11,17228,51560,0.0,0.0
2010-10-07,AU,282.28,284.49,282.26,284.17,1046,4518,0.0,0.0
2010-10-08,AU,285.1,287.33,285.02,285.69,27108,44334,0.0,0.0
2010-10-11,AU,289.85,291.46,289.8,290.85,29380,54594,0.0,0.0
2010-10-12,AU,291.0,291.59,289.83,290.09,21102,53412,0.0,0.0
2010-10-13,AU,292.0,293.2,291.3,292.47,24142,58100,0.0,0.0
2010-10-14,AU,296.1,297.83,295.8,297.47,25754,55722,0.0,0.0
2010-10-15,AU,296.13,297.56,295.88,297.16,16436,54418,0.0,0.0
2010-10-18,AU,292.0,292.89,291.26,292.41,23972,48006,0.0,0.0
2010-10-19,AU,293.91,294.6,293.03,293.34,15402,47044,0.0,0.0
2010-10-20,AU,286.6,287.6,286.6,286.99,30388,33388,0.0,0.0
2010-10-21,AU,288.6,288.6,286.8,286.95,13572,27290,0.0,0.0
2010-10-22,AU,285.74,286.69,285.58,285.97,14690,30900,0.0,0.0
2010-10-25,AU,288.69,291.5,288.69,291.5,26286,41540,0.0,0.0
2010-10-26,AU,290.9,291.19,289.1,289.28,23402,45556,0.0,0.0
2010-10-27,AU,290.89,291.0,287.5,287.83,28762,48994,0.0,0.0
2010-10-28,AU,287.88,287.99,287.08,287.55,15034,53180,0.0,0.0
2010-10-29,AU,290.0,290.39,289.31,290.01,22482,55768,0.0,0.0
2010-11-01,AU,293.48,295.4,292.61,295.27,24076,60786,0.0,0.0
2010-11-02,AU,293.33,294.38,293.01,294.28,14764,61516,0.0,0.0
2010-11-03,AU,293.44,293.97,292.1,292.39,19246,59344,0.0,0.0
2010-11-04,AU,291.88,307.0,291.5,293.67,24400,63818,0.0,0.0
2010-11-05,AU,300.0,302.98,299.7,301.24,28842,69116,0.0,0.0
2010-11-08,AU,302.51,303.4,301.1,301.62,25836,70664,0.0,0.0
2010-11-09,AU,304.33,314.0,304.1,311.23,57822,82598,0.0,0.0
2010-11-10,AU,305.19,311.47,304.17,305.76,73698,82248,0.0,0.0
2010-11-11,AU,307.89,309.03,305.96,307.16,40290,85724,0.0,0.0
2010-11-12,AU,306.95,307.31,295.03,301.0,92764,70260,0.0,0.0
2010-11-15,AU,298.0,298.7,294.6,295.9,47410,65956,0.0,0.0
2010-11-16,AU,295.02,295.88,294.0,294.55,34130,34130,0.0,0.0
2010-11-17,AU,288.85,289.71,288.14,288.43,52908,56146,0.0,0.0
2010-11-18,AU,291.44,293.3,291.11,292.99,37008,37008,0.0,0.0
2010-11-19,AU,294.5,294.7,292.71,294.0,24500,58902,0.0,0.0
2010-11-22,AU,293.53,295.98,293.18,294.31,24038,62580,0.0,0.0
2010-11-23,AU,295.03,295.38,293.52,294.98,29744,60128,0.0,0.0
2010-11-24,AU,296.85,298.97,296.8,298.68,36412,69100,0.0,0.0
2010-11-25,AU,297.2,297.55,296.3,297.45,20838,69244,0.0,0.0
2010-11-26,AU,297.4,297.74,295.0,295.21,31486,63120,0.0,0.0
2010-11-29,AU,292.0,295.54,292.0,294.8,24566,61888,0.0,0.0
2010-11-30,AU,296.3,296.57,295.61,296.31,19932,63820,0.0,0.0
2010-12-01,AU,300.37,304.27,299.8,303.95,34258,73578,0.0,0.0
2010-12-02,AU,303.0,305.01,303.0,304.96,24484,79744,0.0,0.0
2010-12-03,AU,304.32,304.8,302.94,303.65,20782,81122,0.0,0.0
2010-12-06,AU,308.98,309.93,307.7,308.51,24876,84526,0.0,0.0
2010-12-07,AU,310.02,310.7,308.0,309.84,22966,84262,0.0,0.0
2010-12-08,AU,304.0,304.8,300.66,301.3,42622,70240,0.0,0.0
2010-12-09,AU,300.93,301.15,299.66,300.35,24922,69320,0.0,0.0
2010-12-10,AU,300.88,302.19,300.52,301.38,16936,69844,0.0,0.0
2010-12-13,AU,300.22,302.5,299.8,302.34,17572,73336,0.0,0.0
2010-12-14,AU,304.68,306.47,303.75,305.95,24984,77706,0.0,0.0
2010-12-15,AU,304.0,304.0,300.99,301.1,27918,66814,0.0,0.0
2010-12-16,AU,299.01,300.28,298.69,300.25,19962,65558,0.0,0.0
2010-12-17,AU,298.95,299.8,298.35,299.53,17958,68184,0.0,0.0
2010-12-20,AU,301.55,302.6,301.39,302.35,33136,76414,0.0,0.0
2010-12-21,AU,301.51,302.45,301.35,302.38,16924,74164,0.0,0.0
2010-12-22,AU,302.7,303.09,302.01,302.33,13410,71724,0.0,0.0
2010-12-23,AU,302.0,302.39,301.16,302.01,10228,69196,0.0,0.0
2010-12-24,AU,300.38,301.5,300.12,301.5,7764,69122,0.0,0.0
2010-12-27,AU,300.0,301.9,299.4,301.6,12198,70264,0.0,0.0
2010-12-28,AU,302.0,304.38,301.86,303.73,23022,77110,0.0,0.0
2010-12-29,AU,306.0,307.15,305.5,307.1,19566,76058,0.0,0.0
2010-12-30,AU,307.23,309.1,307.23,308.37,19304,79044,0.0,0.0
2010-12-31,AU,306.68,309.13,306.47,309.11,18322,77990,0.0,0.0
2011-01-04,AU,308.79,309.29,307.63,307.81,21202,72646,0.0,0.0
2011-01-05,AU,300.0,300.8,298.88,299.95,39874,62610,0.0,0.0
2011-01-06,AU,299.3,299.6,298.82,298.91,17494,66980,0.0,0.0
2011-01-07,AU,298.0,298.4,296.83,297.01,26024,65918,0.0,0.0
2011-01-10,AU,298.01,299.47,297.79,299.21,16818,67660,0.0,0.0
2011-01-11,AU,299.22,299.73,298.83,299.66,12766,65286,0.0,0.0
2011-01-12,AU,300.97,301.29,300.41,301.06,12006,64210,0.0,0.0
2011-01-13,AU,301.38,301.38,299.61,299.84,14382,63256,0.0,0.0
2011-01-14,AU,298.84,298.84,297.0,297.4,13028,62484,0.0,0.0
2011-01-17,AU,295.46,295.81,292.44,292.75,28964,54810,0.0,0.0
2011-01-18,AU,293.45,294.7,293.12,294.33,13558,53744,0.0,0.0
2011-01-19,AU,295.45,296.06,295.1,295.86,11696,54398,0.0,0.0
2011-01-20,AU,294.37,294.49,293.28,293.3,13676,55334,0.0,0.0
2011-01-21,AU,288.83,290.35,288.83,290.2,17514,52346,0.0,0.0
2011-01-24,AU,290.74,292.38,290.6,291.6,15424,54184,0.0,0.0
2011-01-25,AU,288.28,288.3,287.32,287.75,13782,53132,0.0,0.0
2011-01-26,AU,288.25,297.74,288.13,288.95,16580,53792,0.0,0.0
2011-01-27,AU,290.51,291.37,290.1,290.41,12208,54494,0.0,0.0
2011-01-28,AU,283.5,284.73,283.28,284.73,17086,54952,0.0,0.0
2011-01-31,AU,289.93,289.97,287.94,288.35,14784,54348,0.0,0.0
2011-02-01,AU,288.91,289.61,288.59,289.61,14014,56964,0.0,0.0
2011-02-09,AU,293.9,294.52,292.8,292.96,16022,52536,0.0,0.0
2011-02-10,AU,292.66,293.15,292.56,292.7,7068,53118,0.0,0.0
2011-02-11,AU,293.5,294.18,292.93,293.32,10452,52360,0.0,0.0
2011-02-14,AU,292.0,293.1,291.93,293.0,7616,53766,0.0,0.0
2011-02-15,AU,293.78,294.48,293.32,293.59,9080,53818,0.0,0.0
2011-02-16,AU,294.78,295.98,294.78,295.88,9814,52686,0.0,0.0
2011-02-17,AU,295.55,296.39,295.53,296.06,9196,52844,0.0,0.0
2011-02-18,AU,297.02,297.77,297.02,297.42,9702,54394,0.0,0.0
2011-02-21,AU,298.79,299.61,298.68,299.27,10378,55572,0.0,0.0
2011-02-22,AU,301.54,302.11,298.9,299.5,24686,53274,0.0,0.0
2011-02-23,AU,298.23,299.75,298.1,299.7,9420,51888,0.0,0.0
2011-02-24,AU,302.99,303.0,300.1,301.2,15986,52752,0.0,0.0
2011-02-25,AU,299.6,299.96,284.3,299.61,10994,52110,0.0,0.0
2011-02-28,AU,301.7,301.9,300.51,301.28,10578,52200,0.0,0.0
2011-03-01,AU,300.3,302.1,299.5,302.0,15390,52124,0.0,0.0
2011-03-02,AU,304.83,304.97,303.35,303.58,17504,51414,0.0,0.0
2011-03-03,AU,304.0,304.42,301.08,301.61,17128,51496,0.0,0.0
2011-03-04,AU,300.98,301.11,299.8,299.99,10534,49930,0.0,0.0
2011-03-07,AU,303.1,304.54,302.86,304.33,13578,51298,0.0,0.0
2011-03-08,AU,302.83,303.32,301.37,301.92,16952,51390,0.0,0.0
2011-03-09,AU,301.56,302.3,300.85,301.78,8902,50740,0.0,0.0
2011-03-10,AU,301.7,303.31,301.49,303.17,14034,50820,0.0,0.0
2011-03-11,AU,299.89,300.69,299.05,299.12,16716,48646,0.0,0.0
2011-03-14,AU,302.6,302.99,300.21,301.26,13776,48052,0.0,0.0
2011-03-15,AU,301.47,301.47,298.36,299.38,16504,47780,0.0,0.0
2011-03-16,AU,296.15,297.1,295.55,296.82,13982,45652,0.0,0.0
2011-03-17,AU,294.76,295.8,294.76,295.8,8940,45316,0.0,0.0
2011-03-18,AU,298.0,299.29,297.98,299.05,11818,45136,0.0,0.0
2011-03-21,AU,302.53,303.84,302.23,303.1,17756,45722,0.0,0.0
2011-03-22,AU,302.9,303.08,302.0,302.29,11292,45120,0.0,0.0
2011-03-23,AU,302.0,302.75,301.94,302.42,8702,44084,0.0,0.0
2011-03-24,AU,304.0,304.08,303.26,303.3,9984,42094,0.0,0.0
2011-03-25,AU,302.38,303.3,302.27,303.28,7794,40324,0.0,0.0
2011-03-28,AU,301.28,302.1,299.7,299.9,10668,39934,0.0,0.0
2011-03-29,AU,299.5,300.45,299.38,299.82,7600,38286,0.0,0.0
2011-03-30,AU,299.97,300.5,299.08,300.35,7570,37726,0.0,0.0
2011-03-31,AU,300.8,301.3,300.47,301.26,5554,37444,0.0,0.0
2011-04-01,AU,302.03,302.27,301.32,301.89,7342,36726,0.0,0.0
2011-04-06,AU,304.95,306.17,304.89,306.13,15904,33854,0.0,0.0
2011-04-07,AU,305.87,306.22,305.31,305.33,8766,31730,0.0,0.0
2011-04-08,AU,305.94,307.96,305.93,307.8,8812,30414,0.0,0.0
2011-04-11,AU,309.5,309.5,307.0,307.47,9788,30226,0.0,0.0
2011-04-12,AU,305.01,306.36,304.97,305.89,9040,25670,0.0,0.0
2011-04-13,AU,305.97,307.49,305.38,307.11,6020,23782,0.0,0.0
2011-04-14,AU,308.0,309.23,307.66,309.0,7296,23070,0.0,0.0
2011-04-15,AU,311.32,311.58,310.42,310.5,12288,25866,0.0,0.0
2011-04-18,AU,312.0,312.35,311.11,312.22,12530,29812,0.0,0.0
2011-04-19,AU,312.89,313.3,311.1,311.25,20332,32786,0.0,0.0
2011-04-20,AU,312.18,314.68,312.12,314.54,20838,39944,0.0,0.0
2011-04-21,AU,316.0,316.29,314.57,315.14,19248,41802,0.0,0.0
2011-04-22,AU,314.77,315.73,314.77,315.64,8958,42116,0.0,0.0
2011-04-25,AU,317.02,317.12,315.53,316.69,16162,44952,0.0,0.0
2011-04-26,AU,313.49,313.51,312.25,312.8,28688,41632,0.0,0.0
2011-04-27,AU,314.2,314.8,313.35,313.36,15906,44676,0.0,0.0
2011-04-28,AU,317.18,318.56,317.12,318.1,25064,48114,0.0,0.0
2011-04-29,AU,318.81,318.92,317.25,317.4,18524,49564,0.0,0.0
2011-05-03,AU,318.0,318.3,316.35,317.15,22722,52540,0.0,0.0
2011-05-04,AU,315.98,316.19,314.15,314.21,30008,54784,0.0,0.0
2011-05-05,AU,313.39,313.39,312.0,313.11,31644,54534,0.0,0.0
2011-05-06,AU,308.9,310.03,308.1,309.38,30998,50956,0.0,0.0
2011-05-09,AU,310.0,310.99,309.51,310.9,21630,55592,0.0,0.0
2011-05-10,AU,311.0,312.64,310.9,312.09,23524,58638,0.0,0.0
2011-05-11,AU,313.5,314.65,313.4,314.64,20268,62654,0.0,0.0
2011-05-12,AU,312.18,312.89,309.67,310.1,35394,56040,0.0,0.0
2011-05-13,AU,312.0,314.28,311.98,314.24,27546,55510,0.0,0.0
2011-05-16,AU,311.53,311.59,310.71,310.9,23312,54744,0.0,0.0
2011-05-17,AU,310.8,311.82,310.66,311.59,19974,52074,0.0,0.0
2011-05-18,AU,311.0,311.63,310.5,310.86,21510,51402,0.0,0.0
2011-05-19,AU,312.47,312.9,312.0,312.37,19812,51552,0.0,0.0
2011-05-20,AU,312.4,313.25,312.38,313.24,13416,48682,0.0,0.0
2011-05-23,AU,315.3,315.3,314.06,314.14,13246,49158,0.0,0.0
2011-05-24,AU,316.0,317.31,316.0,317.09,15264,47894,0.0,0.0
2011-05-25,AU,317.5,317.89,316.6,317.23,13878,48834,0.0,0.0
2011-05-26,AU,318.1,318.5,317.8,317.9,11786,49260,0.0,0.0
2011-05-27,AU,317.78,317.85,317.02,317.54,10912,47272,0.0,0.0
2011-05-30,AU,319.13,319.92,319.13,319.49,13096,49086,0.0,0.0
2011-05-31,AU,320.8,321.0,319.71,320.01,11824,49170,0.0,0.0
2011-06-01,AU,319.7,319.7,317.25,317.53,18538,49856,0.0,0.0
2011-06-02,AU,319.19,320.3,319.05,320.25,19372,49246,0.0,0.0
2011-06-03,AU,319.4,319.6,319.0,319.35,12096,46866,0.0,0.0
2011-06-07,AU,321.1,321.4,320.55,321.3,16658,49780,0.0,0.0
2011-06-08,AU,320.6,320.8,320.0,320.05,13974,49468,0.0,0.0
2011-06-09,AU,319.99,320.0,318.87,319.0,11820,49928,0.0,0.0
2011-06-10,AU,320.8,321.02,320.43,320.56,9854,50078,0.0,0.0
2011-06-13,AU,318.99,319.26,318.0,318.5,12528,49368,0.0,0.0
2011-06-14,AU,316.5,317.19,316.3,317.11,11606,49354,0.0,0.0
2011-06-15,AU,317.87,318.06,317.12,317.19,9166,48830,0.0,0.0
2011-06-16,AU,318.0,318.4,317.81,318.15,9804,49734,0.0,0.0
2011-06-17,AU,318.3,318.47,317.61,317.66,8938,49200,0.0,0.0
2011-06-20,AU,319.85,320.88,319.85,320.27,12502,48548,0.0,0.0
2011-06-21,AU,320.97,321.89,320.62,321.31,13322,48042,0.0,0.0
2011-06-22,AU,321.92,322.18,321.2,321.2,8226,47998,0.0,0.0
2011-06-23,AU,321.4,321.5,320.83,321.07,10174,49082,0.0,0.0
2011-06-24,AU,317.5,337.27,316.61,316.82,22780,47900,0.0,0.0
2011-06-27,AU,313.3,313.5,311.52,311.52,20898,47262,0.0,0.0
2011-06-28,AU,313.08,313.35,311.52,312.16,13052,46730,0.0,0.0
2011-06-29,AU,313.3,313.73,313.05,313.57,10390,46664,0.0,0.0
2011-06-30,AU,314.4,314.98,313.9,314.18,13118,45620,0.0,0.0
2011-07-01,AU,312.01,312.44,311.67,311.8,14302,46332,0.0,0.0
2011-07-04,AU,311.38,312.08,310.93,311.95,22718,44612,0.0,0.0
2011-07-05,AU,312.33,312.87,311.16,311.24,13566,46662,0.0,0.0
2011-07-06,AU,315.0,316.63,314.88,316.56,18922,43092,0.0,0.0
2011-07-07,AU,318.02,320.11,317.55,319.55,16230,41600,0.0,0.0
2011-07-08,AU,319.01,320.0,319.01,319.19,8718,40804,0.0,0.0
2011-07-11,AU,321.41,322.17,321.13,321.86,15988,44596,0.0,0.0
2011-07-12,AU,323.09,323.48,321.9,322.07,16038,45408,0.0,0.0
2011-07-13,AU,325.58,326.95,325.58,326.66,22456,48610,0.0,0.0
2011-07-14,AU,330.0,330.3,328.51,329.67,20592,50206,0.0,0.0
2011-07-15,AU,329.53,329.9,328.0,328.11,24342,50030,0.0,0.0
2011-07-18,AU,330.99,332.5,330.8,332.48,25986,56010,0.0,0.0
2011-07-19,AU,333.1,334.25,332.61,334.11,19188,56402,0.0,0.0
2011-07-20,AU,330.23,331.64,330.23,330.59,20148,54788,0.0,0.0
2011-07-21,AU,332.78,333.68,332.33,333.45,19296,57438,0.0,0.0
2011-07-22,AU,331.1,331.4,329.83,330.2,22248,50118,0.0,0.0
2011-07-25,AU,335.85,336.29,334.3,336.1,19212,52960,0.0,0.0
2011-07-26,AU,334.92,335.76,334.7,335.41,12456,51878,0.0,0.0
2011-07-27,AU,336.75,337.43,336.2,336.62,18812,53736,0.0,0.0
2011-07-28,AU,334.7,335.75,334.65,335.21,15138,51540,0.0,0.0
2011-07-29,AU,335.4,335.92,334.41,334.48,18600,50820,0.0,0.0
2011-08-01,AU,333.94,334.7,333.07,333.51,19386,51440,0.0,0.0
2011-08-02,AU,335.0,336.06,334.67,335.58,21332,55998,0.0,0.0
2011-08-03,AU,341.0,345.8,340.6,345.3,60610,70238,0.0,0.0
2011-08-04,AU,345.0,346.99,344.31,345.62,64268,73610,0.0,0.0
2011-08-05,AU,341.02,345.47,341.02,344.08,65082,72136,0.0,0.0
2011-08-08,AU,349.6,356.2,349.6,354.47,99700,75992,0.0,0.0
2011-08-09,AU,358.0,365.02,358.0,362.46,167118,78434,0.0,0.0
2011-08-10,AU,362.03,364.33,360.06,361.78,140262,84840,0.0,0.0
2011-08-11,AU,372.18,374.75,366.66,367.43,157554,82594,0.0,0.0
2011-08-12,AU,363.66,365.75,361.5,362.99,138760,81670,0.0,0.0
2011-08-15,AU,359.6,362.66,359.5,360.27,96730,79848,0.0,0.0
2011-08-16,AU,365.09,366.6,364.04,366.46,88014,87438,0.0,0.0
2011-08-17,AU,368.92,369.76,367.2,369.31,83620,89648,0.0,0.0
2011-08-18,AU,368.0,370.61,367.93,370.38,74180,94814,0.0,0.0
2011-08-19,AU,379.0,383.89,378.1,383.8,144632,107210,0.0,0.0
2011-08-22,AU,387.71,392.67,384.67,392.38,215912,110962,0.0,0.0
2011-08-23,AU,394.2,394.6,390.9,391.69,225334,109760,0.0,0.0
2011-08-24,AU,382.0,384.49,380.5,380.9,222524,104104,0.0,0.0
2011-08-25,AU,363.51,366.62,363.51,363.51,162386,86882,0.0,0.0
2011-08-26,AU,366.0,370.4,364.45,367.8,290460,83144,0.0,0.0
2011-08-29,AU,374.5,377.39,373.5,376.79,243114,90168,0.0,0.0
2011-08-30,AU,372.95,373.85,371.2,372.3,173142,92800,0.0,0.0
2011-08-31,AU,378.03,380.26,377.91,380.19,139162,100202,0.0,0.0
2011-09-01,AU,378.89,378.92,376.22,376.31,162496,98446,0.0,0.0
2011-09-02,AU,377.8,381.5,377.61,381.24,122968,104084,0.0,0.0
2011-09-05,AU,389.17,390.66,387.85,390.6,159716,102570,0.0,0.0
2011-09-06,AU,392.06,398.08,391.5,395.25,260000,104630,0.0,0.0
2011-09-07,AU,388.97,389.88,376.82,378.7,320426,96958,0.0,0.0
2011-09-08,AU,378.7,382.1,377.9,382.0,296516,97768,0.0,0.0
2011-09-09,AU,384.4,389.28,383.11,388.31,291588,0,0.0,0.0
2011-09-13,AU,378.2,380.0,376.67,378.59,206798,94890,0.0,0.0
2011-09-14,AU,381.97,383.04,376.84,378.33,218396,99614,0.0,0.0
2011-09-15,AU,378.01,378.58,373.1,375.54,259918,93792,0.0,0.0
2011-09-16,AU,369.0,369.5,364.82,365.71,210454,88398,0.0,0.0
2011-09-19,AU,376.2,378.03,375.4,377.96,170324,82012,0.0,0.0
2011-09-20,AU,369.08,369.5,366.16,368.8,163546,83700,0.0,0.0
2011-09-21,AU,373.39,375.54,371.73,375.2,162338,83204,0.0,0.0
2011-09-22,AU,368.29,369.44,366.22,367.01,201854,81856,0.0,0.0
2011-09-23,AU,361.48,363.68,355.88,361.24,225766,73048,0.0,0.0
2011-09-26,AU,341.94,344.29,341.94,341.94,43018,63520,0.0,0.0
2011-09-27,AU,338.34,343.56,336.21,341.44,238134,60898,0.0,0.0
2011-09-28,AU,339.99,341.8,337.05,341.27,163330,58388,0.0,0.0
2011-09-29,AU,327.03,336.47,327.02,335.09,157916,49388,0.0,0.0
2011-09-30,AU,334.78,339.6,334.6,338.39,113756,51834,0.0,0.0
2011-10-10,AU,341.0,342.6,340.94,341.63,54982,51058,0.0,0.0
2011-10-11,AU,345.8,348.35,345.23,345.93,100124,54098,0.0,0.0
2011-10-12,AU,344.51,346.87,343.59,346.83,86014,56558,0.0,0.0
2011-10-13,AU,348.0,348.7,345.32,346.42,80182,53784,0.0,0.0
2011-10-14,AU,344.17,346.12,343.54,346.09,62788,52382,0.0,0.0
2011-10-17,AU,347.01,348.2,346.65,347.35,53818,50738,0.0,0.0
2011-10-18,AU,346.75,346.9,343.0,343.01,68924,57904,0.0,0.0
2011-10-19,AU,343.08,345.49,340.33,340.53,94936,56508,0.0,0.0
2011-10-20,AU,336.0,336.51,329.09,333.28,162768,55660,0.0,0.0
2011-10-21,AU,332.98,337.0,332.9,335.25,78198,42518,0.0,0.0
2011-10-24,AU,339.4,342.54,337.2,341.7,82178,33864,0.0,0.0
2011-10-25,AU,341.9,343.7,340.5,341.1,48266,25890,0.0,0.0
2011-10-26,AU,352.95,355.51,352.1,354.14,79682,49558,0.0,0.0
2011-10-27,AU,355.8,357.16,354.9,355.44,49954,50020,0.0,0.0
2011-10-28,AU,361.81,362.55,357.67,357.93,61204,53836,0.0,0.0
2011-10-31,AU,358.79,359.55,350.6,352.62,94220,53558,0.0,0.0
2011-11-01,AU,353.5,355.0,352.63,352.66,44304,54796,0.0,0.0
2011-11-02,AU,353.85,357.0,353.7,355.8,71370,59020,0.0,0.0
2011-11-03,AU,356.98,357.16,353.65,355.98,67040,61170,0.0,0.0
2011-11-04,AU,361.61,362.99,361.0,362.03,53180,62012,0.0,0.0
2011-11-07,AU,362.09,364.92,362.09,364.6,66574,72308,0.0,0.0
2011-11-08,AU,368.57,369.13,367.79,368.18,60424,72688,0.0,0.0
2011-11-09,AU,368.18,369.1,366.52,367.02,57632,70298,0.0,0.0
2011-11-10,AU,363.21,363.84,359.2,360.15,105008,69666,0.0,0.0
2011-11-11,AU,359.19,363.6,359.11,362.9,64932,68106,0.0,0.0
2011-11-14,AU,367.51,369.28,367.36,367.36,58254,68672,0.0,0.0
2011-11-15,AU,365.9,366.81,362.75,363.53,59694,67814,0.0,0.0
2011-11-16,AU,366.02,366.65,362.06,362.82,67142,69412,0.0,0.0
2011-11-17,AU,362.31,363.29,360.86,362.88,55382,70152,0.0,0.0
2011-11-18,AU,352.67,354.96,351.5,353.56,72574,71144,0.0,0.0
2011-11-21,AU,352.63,354.48,351.9,353.71,60016,73164,0.0,0.0
2011-11-22,AU,346.0,347.8,345.04,346.59,62686,70306,0.0,0.0
2011-11-23,AU,349.51,351.61,349.31,351.0,57924,71588,0.0,0.0
2011-11-24,AU,348.59,349.38,347.95,348.8,53546,72398,0.0,0.0
2011-11-25,AU,348.0,348.85,346.35,346.5,49166,79090,0.0,0.0
2011-11-28,AU,349.23,351.95,349.23,351.23,60382,76424,0.0,0.0
2011-11-29,AU,352.0,353.1,351.31,352.7,44094,78806,0.0,0.0
2011-11-30,AU,354.29,355.48,353.2,353.22,69898,80144,0.0,0.0
2011-12-01,AU,360.6,361.98,358.75,359.0,65886,74956,0.0,0.0
2011-12-05,AU,360.14,360.14,358.66,359.0,38906,76338,0.0,0.0
2011-12-06,AU,354.54,354.88,351.89,352.75,56034,81540,0.0,0.0
2011-12-07,AU,356.17,356.23,355.51,356.21,36662,81458,0.0,0.0
2011-12-08,AU,357.85,357.93,357.0,357.9,32000,80468,0.0,0.0
2011-12-09,AU,352.34,352.99,351.24,351.35,46260,85036,0.0,0.0
2011-12-12,AU,352.63,352.7,346.0,346.96,80720,99946,0.0,0.0
2011-12-13,AU,342.5,342.8,339.47,339.66,92710,103154,0.0,0.0
2011-12-14,AU,336.39,338.1,336.01,337.53,74652,98392,0.0,0.0
2011-12-15,AU,325.79,325.99,322.33,322.33,116566,105716,0.0,0.0
2011-12-16,AU,325.01,328.89,324.75,328.75,104306,101900,0.0,0.0
2011-12-19,AU,329.5,329.56,326.36,328.45,111768,107782,0.0,0.0
2011-12-20,AU,329.17,329.73,328.24,329.7,80518,104278,0.0,0.0
2011-12-21,AU,334.0,335.13,333.03,334.48,67334,101762,0.0,0.0
2011-12-22,AU,332.32,332.48,329.24,331.51,99292,102730,0.0,0.0
2011-12-23,AU,331.19,332.31,330.63,330.92,71686,97248,0.0,0.0
2011-12-26,AU,330.22,330.66,326.44,327.35,90440,100770,0.0,0.0
2011-12-27,AU,327.4,328.33,325.96,326.23,70162,104960,0.0,0.0
2011-12-28,AU,324.6,325.66,323.84,324.18,73048,108322,0.0,0.0
2011-12-29,AU,318.0,318.49,315.93,316.0,75388,116144,0.0,0.0
2011-12-30,AU,317.8,320.2,317.6,319.45,97682,97972,0.0,0.0
2012-01-04,AU,328.98,328.98,325.67,327.33,84528,94996,0.0,0.0
2012-01-05,AU,330.0,332.1,328.67,331.95,81846,95130,0.0,0.0
2012-01-06,AU,331.13,333.66,330.76,333.41,94146,87732,0.0,0.0
2012-01-09,AU,330.0,330.76,328.61,330.3,69124,86548,0.0,0.0
2012-01-10,AU,330.18,332.71,329.94,332.2,63600,82846,0.0,0.0
2012-01-11,AU,334.88,336.32,333.84,336.2,61456,81672,0.0,0.0
2012-01-12,AU,336.14,337.6,335.71,336.98,55546,81180,0.0,0.0
2012-01-13,AU,337.23,337.23,333.52,336.65,112706,82810,0.0,0.0
2012-01-16,AU,334.18,336.38,333.61,335.15,66672,81748,0.0,0.0
2012-01-17,AU,336.4,340.15,336.33,339.77,68104,78720,0.0,0.0
2012-01-18,AU,338.33,339.3,336.05,338.65,71258,76824,0.0,0.0
2012-01-19,AU,339.0,341.1,338.9,340.68,47288,75566,0.0,0.0
2012-01-20,AU,339.14,339.63,337.9,339.57,53370,77504,0.0,0.0
2012-01-30,AU,354.0,354.78,352.59,353.21,58930,73298,0.0,0.0
2012-01-31,AU,354.13,355.7,354.13,355.04,53062,74440,0.0,0.0
2012-02-01,AU,354.88,355.81,353.96,354.07,55802,77492,0.0,0.0
2012-02-02,AU,357.21,357.88,356.08,356.84,60364,80644,0.0,0.0
2012-02-03,AU,358.57,358.88,358.08,358.59,43908,82250,0.0,0.0
2012-02-06,AU,353.26,354.64,353.26,353.36,58894,76386,0.0,0.0
2012-02-07,AU,351.38,352.63,351.08,352.63,56500,75158,0.0,0.0
2012-02-08,AU,356.19,357.82,356.16,357.66,56860,81042,0.0,0.0
2012-02-09,AU,353.4,355.13,352.35,355.09,61206,78536,0.0,0.0
2012-02-10,AU,353.0,354.08,352.79,353.1,49510,78098,0.0,0.0
2012-02-13,AU,351.79,353.18,351.34,352.56,47128,77212,0.0,0.0
2012-02-14,AU,351.46,351.85,349.9,350.3,45314,77276,0.0,0.0
2012-02-15,AU,351.2,352.7,351.18,352.18,46580,77176,0.0,0.0
2012-02-16,AU,352.33,352.33,349.99,350.81,67264,76574,0.0,0.0
2012-02-17,AU,353.0,354.02,353.0,353.34,55068,77460,0.0,0.0
2012-02-20,AU,354.11,354.62,353.71,353.73,40452,77298,0.0,0.0
2012-02-21,AU,353.91,355.8,353.34,355.59,51688,81838,0.0,0.0
2012-02-22,AU,358.31,358.49,357.8,358.22,35098,78454,0.0,0.0
2012-02-23,AU,361.63,362.51,361.34,362.47,48592,85386,0.0,0.0
2012-02-24,AU,362.44,363.09,361.9,362.31,43366,83320,0.0,0.0
2012-02-27,AU,361.51,362.78,360.81,360.9,40432,83180,0.0,0.0
2012-02-28,AU,360.5,361.96,360.24,361.92,41098,82564,0.0,0.0
2012-02-29,AU,364.14,364.9,363.83,364.75,36556,82558,0.0,0.0
2012-03-01,AU,348.83,351.65,348.83,349.83,103474,73914,0.0,0.0
2012-03-02,AU,350.85,351.68,350.4,350.49,46134,76014,0.0,0.0
2012-03-05,AU,349.55,350.39,348.6,348.82,50688,75830,0.0,0.0
2012-03-06,AU,348.4,348.89,346.7,346.76,49458,73536,0.0,0.0
2012-03-07,AU,341.92,342.58,341.2,341.28,53896,73900,0.0,0.0
2012-03-08,AU,343.61,344.68,343.29,344.61,34218,73584,0.0,0.0
2012-03-09,AU,346.7,348.22,346.25,347.67,44950,71964,0.0,0.0
2012-03-12,AU,349.18,349.64,347.26,347.96,49552,67324,0.0,0.0
2012-03-13,AU,347.37,348.13,347.3,347.55,34830,66530,0.0,0.0
2012-03-14,AU,342.57,343.29,341.1,341.39,67038,72984,0.0,0.0
2012-03-15,AU,335.23,338.07,335.08,337.36,69306,78968,0.0,0.0
2012-03-16,AU,339.36,340.98,339.11,340.7,48050,78100,0.0,0.0
2012-03-19,AU,340.29,341.3,340.06,340.92,35598,79898,0.0,0.0
2012-03-20,AU,341.0,341.24,338.36,338.52,53172,77758,0.0,0.0
2012-03-21,AU,338.78,339.41,337.56,338.6,46036,76716,0.0,0.0
2012-03-22,AU,338.4,339.2,337.29,337.99,44366,75292,0.0,0.0
2012-03-23,AU,337.51,338.08,336.21,337.21,49178,79540,0.0,0.0
2012-03-26,AU,340.86,342.16,340.09,340.78,36238,79278,0.0,0.0
2012-03-27,AU,345.78,345.99,345.08,345.84,37540,73488,0.0,0.0
2012-03-28,AU,344.11,344.2,342.3,342.4,31972,68046,0.0,0.0
2012-03-29,AU,340.0,340.18,338.63,339.97,35732,62636,0.0,0.0
2012-03-30,AU,340.07,340.38,339.65,340.2,27388,59994,0.0,0.0
2012-04-05,AU,332.1,333.47,332.06,333.06,32836,66074,0.0,0.0
2012-04-06,AU,334.0,334.4,332.8,334.4,22144,63494,0.0,0.0
2012-04-09,AU,335.63,336.8,334.8,336.42,31908,59572,0.0,0.0
2012-04-10,AU,337.0,339.9,337.0,337.7,42800,50960,0.0,0.0
2012-04-11,AU,339.11,340.25,338.7,340.23,36306,57262,0.0,0.0
2012-04-12,AU,339.77,339.92,338.99,339.4,26934,54998,0.0,0.0
2012-04-13,AU,343.0,343.1,342.13,342.62,28896,61044,0.0,0.0
2012-04-16,AU,338.45,338.45,335.6,335.8,47934,66546,0.0,0.0
2012-04-17,AU,337.64,337.7,336.3,336.3,32514,73178,0.0,0.0
2012-04-18,AU,337.62,338.65,337.19,338.46,41382,76102,0.0,0.0
2012-04-19,AU,336.0,336.1,335.0,336.01,39990,81860,0.0,0.0
2012-04-20,AU,335.8,337.08,335.8,336.3,34880,85148,0.0,0.0
2012-04-23,AU,335.65,336.46,335.65,335.92,27114,87968,0.0,0.0
2012-04-24,AU,335.35,335.98,334.81,335.12,41058,92132,0.0,0.0
2012-04-25,AU,336.48,336.57,335.98,336.2,26172,91278,0.0,0.0
2012-04-26,AU,336.49,338.04,336.48,338.03,38702,100794,0.0,0.0
2012-04-27,AU,339.34,339.44,338.17,338.22,36908,96104,0.0,0.0
2012-05-02,AU,340.0,340.0,337.97,338.15,40734,99434,0.0,0.0
2012-05-03,AU,337.9,338.09,335.81,335.92,33914,103994,0.0,0.0
2012-05-04,AU,334.51,335.05,334.18,334.56,34154,107748,0.0,0.0
2012-05-07,AU,335.34,335.79,334.2,335.39,48066,111030,0.0,0.0
2012-05-08,AU,334.94,335.29,333.5,333.59,44376,115702,0.0,0.0
2012-05-09,AU,328.0,328.38,325.54,325.98,74534,121398,0.0,0.0
2012-05-10,AU,326.37,326.84,325.81,326.41,45274,121420,0.0,0.0
2012-05-11,AU,326.0,326.07,323.9,324.16,60604,124422,0.0,0.0
2012-05-14,AU,324.59,324.94,322.58,322.89,53216,120860,0.0,0.0
2012-05-15,AU,318.95,319.28,317.27,318.91,70276,123310,0.0,0.0
2012-05-16,AU,315.8,316.78,313.72,313.95,73582,126852,0.0,0.0
2012-05-17,AU,316.97,318.96,316.55,318.31,62388,126440,0.0,0.0
2012-05-18,AU,323.0,323.78,321.74,323.19,74954,128512,0.0,0.0
2012-05-21,AU,327.0,327.99,326.96,327.63,49428,122704,0.0,0.0
2012-05-22,AU,326.45,327.03,325.15,325.26,41462,120600,0.0,0.0
2012-05-23,AU,319.62,320.55,318.92,320.02,63048,120402,0.0,0.0
2012-05-24,AU,320.27,322.52,319.3,321.4,64848,121800,0.0,0.0
2012-05-25,AU,320.33,322.78,318.82,321.74,77752,127352,0.0,0.0
2012-05-28,AU,323.77,326.63,323.65,326.3,52194,124438,0.0,0.0
2012-05-29,AU,324.49,325.97,324.16,325.5,48716,124710,0.0,0.0
2012-05-30,AU,320.31,320.8,318.88,319.86,62898,123820,0.0,0.0
2012-05-31,AU,322.64,324.43,322.22,323.01,63652,131874,0.0,0.0
2012-06-01,AU,321.39,322.9,320.7,322.63,51008,129604,0.0,0.0
2012-06-04,AU,333.5,337.04,333.02,335.67,107284,127204,0.0,0.0
2012-06-05,AU,335.12,336.06,333.65,334.36,63156,125912,0.0,0.0
2012-06-06,AU,336.94,337.3,335.57,336.4,73350,126446,0.0,0.0
2012-06-07,AU,335.48,335.6,333.89,334.7,66446,115322,0.0,0.0
2012-06-08,AU,327.03,327.75,322.51,324.92,90694,113358,0.0,0.0
2012-06-11,AU,330.95,331.4,329.13,329.88,59312,113932,0.0,0.0
2012-06-12,AU,328.62,329.2,327.76,328.34,47782,117286,0.0,0.0
2012-06-13,AU,331.0,332.69,330.88,332.58,52132,114574,0.0,0.0
2012-06-14,AU,333.4,335.01,333.1,333.61,42562,115506,0.0,0.0
2012-06-15,AU,334.43,335.68,334.37,335.31,50412,113708,0.0,0.0
2012-06-18,AU,335.73,336.45,333.31,333.5,58604,118914,0.0,0.0
2012-06-19,AU,335.56,336.18,335.14,335.56,37686,113600,0.0,0.0
2012-06-20,AU,333.32,334.15,332.9,333.49,34266,116606,0.0,0.0
2012-06-21,AU,329.31,330.7,328.69,330.37,45710,112634,0.0,0.0
2012-06-25,AU,325.0,325.58,324.2,325.14,41032,115638,0.0,0.0
2012-06-26,AU,327.6,327.77,326.45,326.9,27880,113204,0.0,0.0
2012-06-27,AU,325.0,325.42,323.82,324.35,34948,115272,0.0,0.0
2012-06-28,AU,326.01,326.41,325.08,325.38,35236,112988,0.0,0.0
2012-06-29,AU,321.34,325.13,321.06,324.6,57122,112016,0.0,0.0
2012-07-02,AU,329.2,329.21,327.71,328.13,41244,109474,0.0,0.0
2012-07-03,AU,329.2,331.8,328.89,331.78,46312,111686,0.0,0.0
2012-07-04,AU,333.35,333.87,332.8,333.3,35464,109494,0.0,0.0
2012-07-05,AU,333.32,334.0,332.55,333.8,38600,112732,0.0,0.0
2012-07-06,AU,331.76,331.82,330.4,330.59,38478,111146,0.0,0.0
2012-07-09,AU,327.0,327.5,326.5,326.94,39632,112080,0.0,0.0
2012-07-10,AU,327.5,328.37,327.08,327.3,33144,113324,0.0,0.0
2012-07-11,AU,325.0,326.35,324.88,326.12,40936,116332,0.0,0.0
2012-07-12,AU,326.0,326.08,324.2,324.7,49696,118982,0.0,0.0
2012-07-13,AU,324.7,326.99,324.64,326.44,49290,125122,0.0,0.0
2012-07-16,AU,328.23,329.26,325.42,328.82,46394,118176,0.0,0.0
2012-07-17,AU,329.74,330.37,328.73,329.64,45130,117402,0.0,0.0
2012-07-18,AU,328.04,328.34,326.2,327.13,44252,117736,0.0,0.0
2012-07-19,AU,326.17,327.68,326.11,326.95,45706,120638,0.0,0.0
2012-07-20,AU,327.3,327.66,326.94,327.5,40692,117892,0.0,0.0
2012-07-23,AU,326.75,327.22,325.61,326.15,49470,122678,0.0,0.0
2012-07-24,AU,326.38,327.28,326.0,326.5,48332,120902,0.0,0.0
2012-07-25,AU,327.0,328.64,327.0,327.49,65674,125932,0.0,0.0
2012-07-26,AU,331.73,333.19,331.2,332.88,65218,130442,0.0,0.0
2012-07-27,AU,333.88,335.48,333.43,335.3,53714,129308,0.0,0.0
2012-07-30,AU,335.71,335.85,334.01,334.45,48702,127662,0.0,0.0
2012-07-31,AU,334.97,336.26,334.92,335.58,46586,125440,0.0,0.0
2012-08-01,AU,333.27,334.36,332.86,334.12,36476,127758,0.0,0.0
2012-08-02,AU,331.0,331.98,330.55,331.48,37200,126872,0.0,0.0
2012-08-03,AU,329.0,329.96,329.0,329.85,31712,124338,0.0,0.0
2012-08-06,AU,332.1,333.28,332.04,332.79,35680,125288,0.0,0.0
2012-08-07,AU,333.75,333.95,333.06,333.68,29604,121850,0.0,0.0
2012-08-08,AU,333.42,333.8,332.45,332.55,31298,118234,0.0,0.0
2012-08-09,AU,333.82,335.0,333.8,334.81,37382,121626,0.0,0.0
2012-08-10,AU,334.39,334.53,333.4,334.0,31950,120090,0.0,0.0
2012-08-13,AU,335.08,336.49,334.95,336.02,50630,123678,0.0,0.0
2012-08-14,AU,333.74,334.28,333.33,334.03,39790,120848,0.0,0.0
2012-08-15,AU,331.28,331.91,330.9,331.2,33816,123080,0.0,0.0
2012-08-16,AU,332.47,332.84,331.51,331.71,33088,122260,0.0,0.0
2012-08-17,AU,334.7,335.49,334.43,335.34,31248,119602,0.0,0.0
2012-08-20,AU,334.74,335.43,334.41,335.13,25632,121538,0.0,0.0
2012-08-21,AU,335.28,336.4,335.28,336.3,30532,125378,0.0,0.0
2012-08-22,AU,338.82,339.8,338.8,339.51,38854,128962,0.0,0.0
2012-08-23,AU,342.5,346.36,342.48,345.99,86310,142224,0.0,0.0
2012-08-24,AU,345.98,346.0,344.36,344.79,50894,131072,0.0,0.0
2012-08-27,AU,346.8,348.28,346.34,346.63,46782,129600,0.0,0.0
2012-08-28,AU,343.72,343.99,343.13,343.93,35934,125440,0.0,0.0
2012-08-29,AU,344.34,345.85,344.34,345.5,38508,124796,0.0,0.0
2012-08-30,AU,342.63,343.94,342.5,343.38,37766,124308,0.0,0.0
2012-08-31,AU,342.97,343.6,342.21,343.39,39098,123138,0.0,0.0
2012-09-03,AU,349.76,350.76,349.52,349.71,54018,127142,0.0,0.0
2012-09-04,AU,351.3,351.85,350.16,350.3,45698,123770,0.0,0.0
2012-09-05,AU,350.0,350.61,349.67,350.16,31656,121494,0.0,0.0
2012-09-06,AU,350.17,354.0,350.17,352.6,77258,123948,0.0,0.0
2012-09-07,AU,350.99,351.37,348.63,349.61,66978,112524,0.0,0.0
2012-09-10,AU,358.37,359.59,358.0,358.23,52414,112178,0.0,0.0
2012-09-11,AU,357.2,358.0,356.6,357.78,41632,110628,0.0,0.0
2012-09-12,AU,358.71,358.71,357.5,357.89,36160,110762,0.0,0.0
2012-09-13,AU,357.49,357.49,356.01,356.13,34780,110824,0.0,0.0
2012-09-14,AU,365.18,366.3,364.88,365.19,85294,110968,0.0,0.0
2012-09-17,AU,364.94,365.95,364.05,364.4,42346,108848,0.0,0.0
2012-09-18,AU,361.2,362.09,360.62,361.87,41878,109452,0.0,0.0
2012-09-19,AU,363.9,366.2,362.56,365.41,71696,116760,0.0,0.0
2012-09-20,AU,363.98,364.5,361.65,361.92,52086,111070,0.0,0.0
2012-09-21,AU,364.42,364.51,363.2,363.67,44594,110632,0.0,0.0
2012-09-24,AU,362.0,362.0,358.92,360.12,55690,103474,0.0,0.0
2012-09-25,AU,361.86,361.96,360.3,360.86,34250,102214,0.0,0.0
2012-09-26,AU,360.0,361.44,359.97,360.86,30496,99786,0.0,0.0
2012-09-27,AU,359.01,360.9,359.01,360.31,38788,94828,0.0,0.0
2012-09-28,AU,365.0,365.58,364.22,365.48,33576,94720,0.0,0.0
2012-10-08,AU,364.22,364.25,360.21,361.38,40980,83218,0.0,0.0
2012-10-09,AU,362.83,363.25,361.77,361.8,31770,84684,0.0,0.0
2012-10-10,AU,359.0,359.85,358.11,359.5,32030,83110,0.0,0.0
2012-10-11,AU,358.8,359.99,358.38,359.51,29688,81838,0.0,0.0
2012-10-12,AU,360.18,360.75,359.67,359.95,26312,82022,0.0,0.0
2012-10-15,AU,354.73,354.73,353.23,354.19,31996,79850,0.0,0.0
2012-10-16,AU,352.29,353.75,352.29,353.61,26182,78074,0.0,0.0
2012-10-17,AU,355.0,356.08,354.75,354.8,29338,79296,0.0,0.0
2012-10-18,AU,354.79,355.3,354.12,354.46,25400,77076,0.0,0.0
2012-10-19,AU,352.8,353.3,350.53,351.67,30012,75788,0.0,0.0
2012-10-22,AU,349.42,350.1,348.51,350.09,19380,74152,0.0,0.0
2012-10-23,AU,349.75,350.68,349.02,349.7,27262,75114,0.0,0.0
2012-10-24,AU,347.4,349.2,344.43,347.3,36934,75248,0.0,0.0
2012-10-25,AU,346.84,348.33,345.8,347.7,41728,74392,0.0,0.0
2012-10-26,AU,347.72,347.9,344.23,345.0,33532,71416,0.0,0.0
2012-10-29,AU,347.0,348.4,346.54,347.57,32072,67904,0.0,0.0
2012-10-30,AU,346.7,347.28,346.24,347.28,28720,61522,0.0,0.0
2012-10-31,AU,349.62,350.23,349.23,349.89,15164,63176,0.0,0.0
2012-11-01,AU,351.18,352.36,350.93,352.0,22920,68550,0.0,0.0
2012-11-02,AU,350.36,350.59,347.17,347.9,38870,73958,0.0,0.0
2012-11-05,AU,343.0,343.06,341.71,342.02,31182,76486,0.0,0.0
2012-11-06,AU,342.79,344.38,342.79,343.9,26644,79100,0.0,0.0
2012-11-07,AU,348.5,352.5,347.99,351.98,62586,79784,0.0,0.0
2012-11-08,AU,349.34,350.99,349.33,350.68,36982,83140,0.0,0.0
2012-11-09,AU,353.16,355.0,353.16,354.54,44824,88410,0.0,0.0
2012-11-12,AU,354.3,354.58,353.08,353.82,32046,84976,0.0,0.0
2012-11-13,AU,351.3,351.98,350.58,351.53,35172,86004,0.0,0.0
2012-11-14,AU,352.25,352.88,351.77,352.38,29840,91356,0.0,0.0
2012-11-15,AU,351.5,352.07,351.06,351.25,25480,92394,0.0,0.0
2012-11-16,AU,349.88,350.09,348.58,348.95,35678,90450,0.0,0.0
2012-11-19,AU,350.21,351.6,350.1,351.33,33922,94324,0.0,0.0
2012-11-20,AU,353.12,353.92,353.12,353.25,31524,97228,0.0,0.0
2012-11-21,AU,352.13,352.36,350.04,351.55,25722,96514,0.0,0.0
2012-11-22,AU,353.14,353.47,352.64,352.64,24618,99442,0.0,0.0
2012-11-23,AU,352.65,353.58,352.44,353.5,21982,101710,0.0,0.0
2012-11-26,AU,357.11,357.39,356.51,356.83,33728,103656,0.0,0.0
2012-11-27,AU,357.2,357.43,356.51,356.55,24790,104210,0.0,0.0
2012-11-28,AU,355.01,355.3,353.8,354.18,32820,102382,0.0,0.0
2012-11-29,AU,350.82,351.08,349.8,349.92,35450,100324,0.0,0.0
2012-11-30,AU,351.3,352.29,350.88,352.08,31988,98848,0.0,0.0
2012-12-03,AU,349.76,350.0,348.52,349.3,39828,94012,0.0,0.0
2012-12-04,AU,348.3,348.44,344.67,345.53,55020,101538,0.0,0.0
2012-12-05,AU,344.41,346.56,344.32,346.47,42400,100536,0.0,0.0
2012-12-06,AU,344.35,344.9,342.91,343.6,54296,102224,0.0,0.0
2012-12-07,AU,346.11,346.59,345.77,346.28,38824,101578,0.0,0.0
2012-12-10,AU,347.1,347.6,346.67,347.27,30042,103502,0.0,0.0
2012-12-11,AU,347.4,347.86,347.08,347.69,30292,102636,0.0,0.0
2012-12-12,AU,347.79,348.66,347.58,348.47,29736,101600,0.0,0.0
2012-12-13,AU,347.0,347.0,344.0,344.99,61082,104036,0.0,0.0
2012-12-14,AU,344.31,345.84,344.3,345.43,41032,100548,0.0,0.0
2012-12-17,AU,343.89,344.56,343.38,343.89,44610,102906,0.0,0.0
2012-12-18,AU,345.45,348.09,345.43,347.37,60964,110304,0.0,0.0
2012-12-19,AU,341.52,342.0,340.89,341.84,53100,109804,0.0,0.0
2012-12-20,AU,340.12,341.1,339.72,340.76,40542,109038,0.0,0.0
2012-12-21,AU,336.03,336.42,333.53,335.92,63190,108600,0.0,0.0
2012-12-24,AU,337.2,339.26,336.63,338.81,45938,108776,0.0,0.0
2012-12-25,AU,337.28,338.8,337.11,337.24,34366,105154,0.0,0.0
2012-12-26,AU,336.73,337.77,336.6,337.38,26366,104866,0.0,0.0
2012-12-27,AU,337.01,339.0,336.8,337.96,36670,105172,0.0,0.0
2012-12-28,AU,339.2,340.12,339.05,339.2,36610,105898,0.0,0.0
2012-12-31,AU,338.68,340.6,338.29,340.29,35982,109076,0.0,0.0
2013-01-04,AU,337.19,337.2,335.38,336.84,63218,111832,0.0,0.0
2013-01-07,AU,338.02,339.52,338.0,338.54,44956,115250,0.0,0.0
2013-01-08,AU,337.0,337.3,336.2,336.53,32290,116024,0.0,0.0
2013-01-09,AU,338.53,339.55,338.24,339.32,37642,116542,0.0,0.0
2013-01-10,AU,337.51,339.09,337.28,338.68,29456,116226,0.0,0.0
2013-01-11,AU,341.72,341.92,340.81,341.39,36272,114900,0.0,0.0
2013-01-14,AU,339.02,340.43,339.02,340.35,28512,116048,0.0,0.0
2013-01-15,AU,340.66,341.8,339.9,340.9,46930,119718,0.0,0.0
2013-01-16,AU,343.5,343.6,342.6,343.5,38706,119046,0.0,0.0
2013-01-17,AU,342.53,342.86,341.68,342.45,33988,116184,0.0,0.0
2013-01-18,AU,344.0,344.49,343.81,344.28,28408,115798,0.0,0.0
2013-01-21,AU,343.7,344.4,343.7,344.06,20808,116826,0.0,0.0
2013-01-22,AU,344.2,345.6,344.1,345.5,28632,118774,0.0,0.0
2013-01-23,AU,345.11,345.39,344.42,344.81,20290,116992,0.0,0.0
2013-01-24,AU,342.0,342.68,341.12,341.73,38244,117842,0.0,0.0
2013-01-25,AU,338.5,340.2,338.5,340.1,28120,118380,0.0,0.0
2013-01-28,AU,337.78,338.65,337.77,338.47,27998,119350,0.0,0.0
2013-01-29,AU,338.0,339.2,337.8,339.07,27830,123574,0.0,0.0
2013-01-30,AU,339.34,339.82,338.89,339.5,22760,122040,0.0,0.0
2013-01-31,AU,341.76,342.03,341.18,341.3,25778,119608,0.0,0.0
2013-02-01,AU,338.2,338.78,337.94,338.67,24454,118892,0.0,0.0
2013-02-04,AU,339.18,340.74,338.86,340.15,31138,119688,0.0,0.0
2013-02-05,AU,340.88,341.95,340.77,341.85,25824,119760,0.0,0.0
2013-02-06,AU,340.9,341.19,340.11,340.83,24604,116026,0.0,0.0
2013-02-07,AU,341.88,342.41,341.41,341.73,19554,113938,0.0,0.0
2013-02-08,AU,339.78,341.3,339.78,341.09,17576,114412,0.0,0.0
2013-02-18,AU,329.7,330.32,329.26,329.76,42594,116630,0.0,0.0
2013-02-19,AU,329.5,330.12,329.5,329.73,24126,121892,0.0,0.0
2013-02-20,AU,328.7,329.12,328.44,328.97,23096,123546,0.0,0.0
2013-02-21,AU,321.3,321.58,318.0,320.84,64880,124052,0.0,0.0
2013-02-22,AU,322.52,324.76,322.52,324.32,32438,122004,0.0,0.0
2013-02-25,AU,322.88,324.81,322.8,324.04,37884,122646,0.0,0.0
2013-02-26,AU,326.31,326.45,324.32,324.54,38824,119806,0.0,0.0
2013-02-27,AU,328.99,328.99,328.0,328.09,41952,113704,0.0,0.0
2013-02-28,AU,325.8,327.19,325.4,326.4,33604,113420,0.0,0.0
2013-03-01,AU,323.63,323.63,322.51,323.1,32316,114478,0.0,0.0
2013-03-04,AU,323.4,324.14,322.26,322.56,38268,114798,0.0,0.0
2013-03-05,AU,322.4,323.82,322.22,323.47,35010,117342,0.0,0.0
2013-03-06,AU,322.68,323.06,322.0,322.33,33756,119736,0.0,0.0
2013-03-07,AU,323.16,323.59,322.58,323.05,40758,119468,0.0,0.0
2013-03-08,AU,322.18,322.66,321.02,321.3,44658,120464,0.0,0.0
2013-03-11,AU,321.5,322.88,321.44,322.74,35484,114976,0.0,0.0
2013-03-12,AU,321.72,322.83,321.72,322.11,27724,114422,0.0,0.0
2013-03-13,AU,324.54,324.66,323.0,324.3,29128,114200,0.0,0.0
2013-03-14,AU,322.82,323.49,322.02,322.95,33144,106400,0.0,0.0
2013-03-15,AU,323.66,324.19,323.43,324.19,24082,108660,0.0,0.0
2013-03-18,AU,325.82,325.97,323.02,324.21,44560,112410,0.0,0.0
2013-03-19,AU,325.19,325.95,324.5,325.73,34172,109644,0.0,0.0
2013-03-20,AU,326.64,327.15,326.2,326.88,26116,106998,0.0,0.0
2013-03-21,AU,325.19,326.0,325.02,325.8,13868,106084,0.0,0.0
2013-03-22,AU,327.0,327.15,326.08,326.33,23060,107730,0.0,0.0
2013-03-25,AU,324.94,326.64,324.94,325.58,24792,107646,0.0,0.0
2013-03-26,AU,324.76,325.2,324.02,324.57,28382,103488,0.0,0.0
2013-03-27,AU,324.54,324.69,322.92,322.97,29518,104624,0.0,0.0
2013-03-28,AU,325.05,325.53,324.93,325.03,23738,99396,0.0,0.0
2013-03-29,AU,323.0,323.66,322.2,323.45,17616,97060,0.0,0.0
2013-04-01,AU,323.82,324.97,322.88,322.98,23182,99264,0.0,0.0
2013-04-02,AU,324.25,324.77,323.36,323.73,21740,97188,0.0,0.0
2013-04-03,AU,319.0,319.1,315.69,316.24,48494,100256,0.0,0.0
2013-04-08,AU,318.47,320.01,318.24,319.29,34714,95036,0.0,0.0
2013-04-09,AU,317.79,318.99,317.79,318.82,25110,93606,0.0,0.0
2013-04-10,AU,320.97,321.0,320.01,320.25,19836,92394,0.0,0.0
2013-04-11,AU,314.06,314.98,313.7,314.35,36508,94276,0.0,0.0
2013-04-12,AU,314.91,315.85,314.21,314.49,22016,94120,0.0,0.0
2013-04-15,AU,299.0,299.0,298.93,298.93,4482,93778,0.0,0.0
2013-04-16,AU,275.03,298.93,275.03,276.38,74334,86292,0.0,0.0
2013-04-17,AU,276.0,277.09,272.84,275.09,107104,83782,0.0,0.0
2013-04-18,AU,271.93,276.42,264.59,275.78,157854,69324,0.0,0.0
2013-04-19,AU,277.0,285.01,275.92,282.28,121000,62538,0.0,0.0
2013-04-22,AU,284.46,287.1,284.46,285.6,58128,71422,0.0,0.0
2013-04-23,AU,286.77,287.19,281.43,283.31,90224,82864,0.0,0.0
2013-04-24,AU,284.5,287.9,284.3,286.49,73846,77136,0.0,0.0
2013-04-25,AU,287.96,292.0,287.0,290.35,56874,77348,0.0,0.0
2013-04-26,AU,297.54,299.77,295.78,296.15,82926,77874,0.0,0.0
2013-05-02,AU,292.0,292.0,289.74,290.9,65746,88008,0.0,0.0
2013-05-03,AU,293.21,295.59,293.14,295.41,61436,87196,0.0,0.0
2013-05-06,AU,295.41,296.5,294.15,294.15,70272,94328,0.0,0.0
2013-05-07,AU,293.67,293.95,289.84,289.98,116040,111526,0.0,0.0
2013-05-08,AU,289.0,290.8,287.2,290.27,124912,104658,0.0,0.0
2013-05-09,AU,293.19,294.4,292.58,292.87,75494,99068,0.0,0.0
2013-05-10,AU,289.14,291.6,288.64,291.6,82266,98180,0.0,0.0
2013-05-13,AU,286.68,287.63,283.9,285.43,142078,109834,0.0,0.0
2013-05-14,AU,286.68,288.48,286.0,286.31,75890,110086,0.0,0.0
2013-05-15,AU,283.98,285.24,281.51,281.82,96854,111232,0.0,0.0
2013-05-16,AU,278.02,280.0,277.53,278.18,104736,111370,0.0,0.0
2013-05-17,AU,278.14,279.28,274.65,275.11,147690,116412,0.0,0.0
2013-05-20,AU,269.7,270.93,268.4,269.5,155846,123308,0.0,0.0
2013-05-21,AU,279.99,280.88,276.66,279.51,146816,110018,0.0,0.0
2013-05-22,AU,276.6,279.1,276.27,278.86,89024,109434,0.0,0.0
2013-05-23,AU,273.52,276.62,272.4,276.23,127236,110984,0.0,0.0
2013-05-24,AU,279.02,279.88,277.91,278.36,94582,108940,0.0,0.0
2013-05-27,AU,277.04,279.55,277.04,279.32,57426,107220,0.0,0.0
2013-05-28,AU,278.36,279.2,277.82,278.44,63016,105162,0.0,0.0
2013-05-29,AU,277.79,278.79,276.65,277.46,84464,108914,0.0,0.0
2013-05-30,AU,278.5,282.52,278.11,281.88,112980,112018,0.0,0.0
2013-05-31,AU,283.11,284.68,282.88,283.57,66136,109442,0.0,0.0
2013-06-03,AU,279.62,280.13,278.81,279.52,61714,108908,0.0,0.0
2013-06-04,AU,283.4,283.44,281.06,281.26,63018,112554,0.0,0.0
2013-06-05,AU,279.96,281.58,279.3,280.62,65502,109626,0.0,0.0
2013-06-06,AU,280.47,280.68,278.66,279.01,52378,109286,0.0,0.0
2013-06-07,AU,283.09,283.16,281.7,281.82,53088,0,0.0,0.0
2013-06-13,AU,276.61,279.18,276.6,278.24,58694,104994,0.0,0.0
2013-06-14,AU,278.0,278.13,276.68,277.15,44294,108076,0.0,0.0
2013-06-17,AU,278.03,278.55,277.53,277.58,31652,108396,0.0,0.0
2013-06-18,AU,277.02,277.58,275.51,275.97,47930,113888,0.0,0.0
2013-06-19,AU,274.16,274.68,273.26,274.48,56836,114234,0.0,0.0
2013-06-20,AU,269.1,270.12,266.72,266.94,87300,121268,0.0,0.0
2013-06-21,AU,255.59,261.32,255.59,261.3,153406,124974,0.0,0.0
2013-06-24,AU,260.75,261.9,256.35,256.9,117220,130486,0.0,0.0
2013-06-25,AU,257.85,259.55,256.7,257.9,97416,121454,0.0,0.0
2013-06-26,AU,256.6,257.0,249.3,251.05,176738,129166,0.0,0.0
2013-06-27,AU,248.35,251.4,248.3,250.5,136470,121770,0.0,0.0
2013-06-28,AU,240.1,245.15,238.9,243.8,177536,121334,0.0,0.0
2013-07-01,AU,248.55,252.8,247.3,252.4,160940,125312,0.0,0.0
2013-07-02,AU,253.75,255.3,253.15,254.8,106224,127000,0.0,0.0
2013-07-03,AU,251.95,252.85,251.35,252.35,76396,127038,0.0,0.0
2013-07-04,AU,254.0,255.2,252.35,253.45,52880,124860,0.0,0.0
2013-07-05,AU,247.45,247.45,244.15,245.45,224320,130168,0.0,0.0
2013-07-08,AU,248.65,254.5,248.0,253.35,376336,137366,0.0,0.0
2013-07-09,AU,252.4,253.55,250.8,251.5,290672,143772,0.0,0.0
2013-07-10,AU,253.0,254.75,251.65,253.85,386576,141924,0.0,0.0
2013-07-11,AU,259.4,259.7,258.05,258.95,279720,139056,0.0,0.0
2013-07-12,AU,256.95,258.5,256.65,258.3,300382,137470,0.0,0.0
2013-07-15,AU,258.6,259.4,258.3,258.85,188014,140604,0.0,0.0
2013-07-16,AU,260.1,261.0,259.45,260.35,226664,139564,0.0,0.0
2013-07-17,AU,260.35,261.5,255.1,256.6,465196,142590,0.0,0.0
2013-07-18,AU,258.15,258.65,257.0,257.95,273246,144622,0.0,0.0
2013-07-19,AU,259.0,259.95,258.7,259.4,188036,150474,0.0,0.0
2013-07-22,AU,265.0,267.95,264.8,267.4,271428,149918,0.0,0.0
2013-07-23,AU,266.1,268.0,265.65,267.85,171626,150184,0.0,0.0
2013-07-24,AU,266.1,267.15,263.05,263.8,320044,145802,0.0,0.0
2013-07-25,AU,264.7,265.55,264.25,265.05,189842,146954,0.0,0.0
2013-07-26,AU,263.95,265.15,262.0,263.75,319018,151084,0.0,0.0
2013-07-29,AU,264.1,264.6,263.75,264.35,157984,162698,0.0,0.0
2013-07-30,AU,263.85,264.05,262.6,263.7,211900,165488,0.0,0.0
2013-07-31,AU,263.9,264.1,260.7,262.85,445550,149382,0.0,0.0
2013-08-01,AU,264.25,264.3,261.5,261.95,283752,144818,0.0,0.0
2013-08-02,AU,263.0,263.0,261.15,261.55,248000,147764,0.0,0.0
2013-08-05,AU,260.8,261.75,260.0,260.75,214848,143996,0.0,0.0
2013-08-06,AU,258.0,258.0,256.05,256.75,268984,161240,0.0,0.0
2013-08-07,AU,256.1,257.4,255.8,257.25,239454,153938,0.0,0.0
2013-08-08,AU,258.65,262.05,258.2,261.8,378430,148088,0.0,0.0
2013-08-09,AU,261.1,262.7,260.95,261.85,286386,143426,0.0,0.0
2013-08-12,AU,265.8,268.5,265.7,267.35,231448,149938,0.0,0.0
2013-08-13,AU,266.75,267.25,263.8,264.95,293614,138982,0.0,0.0
2013-08-14,AU,264.8,266.75,263.75,266.35,286220,141262,0.0,0.0
2013-08-15,AU,264.1,273.9,263.85,272.55,472528,141402,0.0,0.0
2013-08-16,AU,272.65,275.7,271.0,274.8,300730,139448,0.0,0.0
2013-08-19,AU,274.1,274.35,272.3,273.1,250596,137136,0.0,0.0
2013-08-20,AU,273.2,274.75,272.65,273.85,204624,130308,0.0,0.0
2013-08-21,AU,273.0,274.25,272.0,273.2,268302,129018,0.0,0.0
2013-08-22,AU,274.35,275.2,273.0,273.5,226654,131440,0.0,0.0
2013-08-23,AU,273.7,278.9,273.6,278.7,295686,136374,0.0,0.0
2013-08-26,AU,278.35,279.2,277.3,278.05,169478,132660,0.0,0.0
2013-08-27,AU,282.65,283.6,281.75,282.5,194064,143238,0.0,0.0
2013-08-28,AU,284.45,284.9,281.6,282.9,260168,140012,0.0,0.0
2013-08-29,AU,281.85,281.85,279.45,281.05,190224,140066,0.0,0.0
2013-08-30,AU,277.85,279.9,277.3,278.2,202988,135142,0.0,0.0
2013-09-02,AU,277.85,278.9,277.2,277.55,112292,144274,0.0,0.0
2013-09-03,AU,279.45,282.65,279.15,281.7,229504,144450,0.0,0.0
2013-09-04,AU,277.6,277.95,276.35,277.1,188214,132222,0.0,0.0
2013-09-05,AU,277.1,277.5,272.4,273.55,308582,144840,0.0,0.0
2013-09-06,AU,276.3,277.3,275.75,277.0,225262,129054,0.0,0.0
2013-09-09,AU,276.9,277.25,276.2,276.55,105374,124702,0.0,0.0
2013-09-10,AU,272.25,272.55,271.05,272.45,159802,120740,0.0,0.0
2013-09-11,AU,271.85,272.55,271.6,272.2,89972,119516,0.0,0.0
2013-09-12,AU,265.6,266.2,264.25,265.5,181692,121458,0.0,0.0
2013-09-13,AU,263.2,263.9,261.05,262.7,171666,125572,0.0,0.0
2013-09-16,AU,262.0,264.5,261.85,262.7,146492,126354,0.0,0.0
2013-09-17,AU,262.2,262.55,260.6,261.5,134698,129030,0.0,0.0
2013-09-18,AU,262.2,262.55,257.6,260.4,289294,116440,0.0,0.0
2013-09-19,AU,260.4,260.4,260.4,260.4,289294,116440,0.0,0.0
2013-09-23,AU,263.85,265.35,263.0,264.35,124752,118130,0.0,0.0
2013-09-24,AU,261.0,264.55,260.5,264.2,141764,114822,0.0,0.0
2013-09-25,AU,263.7,266.95,263.45,266.3,149754,117794,0.0,0.0
2013-09-26,AU,266.15,266.45,263.35,264.15,121096,110338,0.0,0.0
2013-09-27,AU,266.5,267.75,266.0,267.05,87268,102940,0.0,0.0
2013-09-30,AU,266.5,267.75,266.0,267.4,120910,96634,0.0,0.0
2013-10-01,AU,267.4,267.4,267.4,267.4,120910,96634,0.0,0.0
2013-10-08,AU,263.9,265.65,263.9,264.25,122956,108062,0.0,0.0
2013-10-09,AU,261.2,262.8,259.4,260.85,162196,108112,0.0,0.0
2013-10-10,AU,259.6,260.5,259.2,259.5,141728,111150,0.0,0.0
2013-10-11,AU,253.95,254.8,253.0,253.55,187938,114662,0.0,0.0
2013-10-14,AU,256.7,257.25,255.25,255.4,126724,115414,0.0,0.0
2013-10-15,AU,252.5,256.45,252.25,256.4,213778,111464,0.0,0.0
2013-10-16,AU,256.05,256.55,254.0,256.35,273234,111332,0.0,0.0
2013-10-17,AU,261.7,262.95,261.7,262.9,209658,111258,0.0,0.0
2013-10-18,AU,262.3,262.7,261.5,261.9,109590,106756,0.0,0.0
2013-10-21,AU,262.25,262.85,262.0,262.1,90928,106382,0.0,0.0
2013-10-22,AU,264.3,266.85,264.15,266.3,167346,107632,0.0,0.0
2013-10-23,AU,264.9,265.35,264.25,264.75,100300,101860,0.0,0.0
2013-10-24,AU,265.7,266.6,265.45,266.0,122988,103438,0.0,0.0
2013-10-25,AU,264.9,267.0,264.25,265.9,123802,98168,0.0,0.0
2013-10-28,AU,266.2,267.5,265.55,266.6,145982,91932,0.0,0.0
2013-10-29,AU,265.15,265.95,264.5,264.75,135004,84874,0.0,0.0
2013-10-30,AU,266.55,267.75,263.3,263.7,167842,82860,0.0,0.0
2013-10-31,AU,261.45,262.5,260.6,261.55,140848,77142,0.0,0.0
2013-11-01,AU,261.9,262.55,260.1,261.75,11698,72840,0.0,0.0
2013-11-04,AU,262.85,263.3,261.6,261.95,9482,74836,0.0,0.0
2013-11-05,AU,262.1,262.5,260.3,260.65,12046,78918,0.0,0.0
2013-11-06,AU,262.2,262.6,261.6,262.15,15420,80346,0.0,0.0
2013-11-07,AU,263.05,263.45,258.35,260.5,33762,83664,0.0,0.0
2013-11-08,AU,260.2,261.0,255.7,256.25,36042,92138,0.0,0.0
2013-11-11,AU,255.75,255.8,255.25,255.35,11088,95642,0.0,0.0
2013-11-12,AU,254.95,255.85,253.65,253.8,32828,99596,0.0,0.0
2013-11-13,AU,254.5,254.75,253.05,253.2,34230,101146,0.0,0.0
2013-11-14,AU,254.7,257.3,254.6,256.3,57176,99768,0.0,0.0
2013-11-15,AU,255.4,256.55,255.25,256.3,29268,101306,0.0,0.0
2013-11-18,AU,255.0,255.7,253.0,253.45,47386,105888,0.0,0.0
2013-11-19,AU,253.95,254.15,253.15,253.35,41634,113332,0.0,0.0
2013-11-20,AU,251.35,253.0,250.85,252.0,112724,120896,0.0,0.0
2013-11-21,AU,248.85,249.1,247.15,248.6,122520,133878,0.0,0.0
2013-11-22,AU,249.1,249.35,248.3,248.55,57102,133968,0.0,0.0
2013-11-25,AU,246.1,248.15,245.15,248.0,128800,139682,0.0,0.0
2013-11-26,AU,249.0,249.35,247.8,248.2,101426,143010,0.0,0.0
2013-11-27,AU,249.45,250.4,247.5,247.6,147948,148910,0.0,0.0
2013-11-28,AU,248.35,248.8,248.2,248.65,41358,147918,0.0,0.0
2013-11-29,AU,250.35,250.35,249.75,249.9,70656,149072,0.0,0.0
2013-12-02,AU,247.2,247.7,245.8,245.95,142042,163268,0.0,0.0
2013-12-03,AU,245.35,245.6,244.4,245.15,113776,164254,0.0,0.0
2013-12-04,AU,245.4,250.3,244.05,249.75,222322,168598,0.0,0.0
2013-12-05,AU,246.5,247.6,244.55,247.2,226162,171582,0.0,0.0
2013-12-06,AU,246.0,249.25,242.4,246.9,336676,183026,0.0,0.0
2013-12-09,AU,246.8,248.1,246.7,247.55,112636,182120,0.0,0.0
2013-12-10,AU,249.8,252.15,249.55,251.35,194482,175904,0.0,0.0
2013-12-11,AU,250.3,251.9,250.2,250.85,155638,175670,0.0,0.0
2013-12-12,AU,246.75,247.15,244.65,244.65,182040,174154,0.0,0.0
2013-12-13,AU,245.2,246.35,244.8,245.75,116564,174064,0.0,0.0
2013-12-16,AU,245.8,249.45,245.7,247.85,198000,170302,0.0,0.0
2013-12-17,AU,246.35,247.9,245.1,245.55,208786,169502,0.0,0.0
2013-12-18,AU,245.75,246.85,245.25,246.3,127664,168854,0.0,0.0
2013-12-19,AU,240.3,240.9,238.7,238.75,225764,187852,0.0,0.0
2013-12-20,AU,238.8,240.95,237.9,240.15,190494,185812,0.0,0.0
2013-12-23,AU,239.55,240.35,238.9,238.9,113762,184018,0.0,0.0
2013-12-24,AU,239.5,240.6,239.2,240.25,64112,179882,0.0,0.0
2013-12-25,AU,240.95,241.05,240.5,240.65,14066,175728,0.0,0.0
2013-12-26,AU,240.65,242.95,240.6,242.15,113070,176106,0.0,0.0
2013-12-27,AU,242.5,243.85,242.3,243.2,89900,179918,0.0,0.0
2013-12-30,AU,240.55,241.8,240.45,240.9,82516,176196,0.0,0.0
2013-12-31,AU,240.55,241.8,238.6,239.4,153486,169098,0.0,0.0
2014-01-02,AU,242.95,244.7,242.8,244.55,140182,172544,0.0,0.0
2014-01-03,AU,245.5,247.1,244.65,246.8,138198,174748,0.0,0.0
2014-01-06,AU,246.4,248.35,245.95,246.6,193522,170922,0.0,0.0
2014-01-07,AU,246.0,246.6,243.6,244.7,168184,168424,0.0,0.0
2014-01-08,AU,244.55,244.95,242.3,243.6,177540,162886,0.0,0.0
2014-01-09,AU,244.35,244.45,242.85,244.0,134338,162672,0.0,0.0
2014-01-10,AU,244.95,247.7,243.7,247.45,173946,161344,0.0,0.0
2014-01-13,AU,247.0,248.35,246.3,247.85,98840,162376,0.0,0.0
2014-01-14,AU,246.9,248.05,245.85,246.5,139274,162018,0.0,0.0
2014-01-15,AU,244.8,245.9,244.4,245.25,116510,162418,0.0,0.0
2014-01-16,AU,245.05,246.4,244.75,245.35,105210,162500,0.0,0.0
2014-01-17,AU,245.5,247.6,245.4,247.3,112272,165004,0.0,0.0
2014-01-20,AU,248.05,248.25,247.25,247.5,45102,159798,0.0,0.0
2014-01-21,AU,245.75,245.95,244.25,245.4,109440,161180,0.0,0.0
2014-01-22,AU,245.15,245.5,244.65,244.7,57644,161146,0.0,0.0
2014-01-23,AU,246.55,248.8,246.25,248.05,166792,168882,0.0,0.0
2014-01-24,AU,249.8,250.55,248.3,248.85,142558,164584,0.0,0.0
2014-01-27,AU,248.95,249.25,247.7,248.5,122142,161096,0.0,0.0
2014-01-28,AU,247.6,248.7,245.9,246.55,95810,157906,0.0,0.0
2014-01-29,AU,248.6,249.45,248.15,248.7,80892,154780,0.0,0.0
2014-01-30,AU,248.6,249.45,247.8,247.95,117008,152696,0.0,0.0
2014-02-07,AU,248.75,250.8,247.4,249.15,132672,157862,0.0,0.0
2014-02-10,AU,251.3,251.9,250.95,251.15,89240,169118,0.0,0.0
2014-02-11,AU,253.35,254.0,251.2,253.4,198946,181932,0.0,0.0
2014-02-12,AU,253.7,254.4,253.05,254.25,126894,184368,0.0,0.0
2014-02-13,AU,254.0,255.1,253.7,255.1,137880,192432,0.0,0.0
2014-02-14,AU,258.4,259.3,258.0,259.05,136280,189802,0.0,0.0
2014-02-17,AU,261.05,261.5,260.45,261.2,73664,188984,0.0,0.0
2014-02-18,AU,258.4,260.4,258.1,260.4,122708,190860,0.0,0.0
2014-02-19,AU,259.2,260.1,259.15,259.7,86916,187736,0.0,0.0
2014-02-20,AU,258.0,259.5,257.6,258.95,115054,188514,0.0,0.0
2014-02-21,AU,260.1,261.0,259.55,260.4,93100,186982,0.0,0.0
2014-02-24,AU,262.5,263.35,261.45,263.35,141558,193238,0.0,0.0
2014-02-25,AU,263.0,265.05,262.75,264.75,161588,195270,0.0,0.0
2014-02-26,AU,263.1,263.6,260.9,261.85,211488,189220,0.0,0.0
2014-02-27,AU,262.25,263.25,261.9,262.25,134574,186930,0.0,0.0
2014-02-28,AU,262.95,263.35,260.9,261.0,143302,189844,0.0,0.0
2014-03-03,AU,265.8,267.5,265.6,266.8,140238,193886,0.0,0.0
2014-03-04,AU,263.2,264.1,262.65,263.7,132780,198188,0.0,0.0
2014-03-05,AU,263.3,264.5,263.05,263.8,125974,204920,0.0,0.0
2014-03-06,AU,262.65,265.9,262.6,265.7,171878,203410,0.0,0.0
2014-03-07,AU,265.3,266.55,261.0,262.35,279296,203236,0.0,0.0
2014-03-10,AU,262.45,263.3,261.9,262.6,119480,206162,0.0,0.0
2014-03-11,AU,265.0,265.45,262.2,264.8,174420,210320,0.0,0.0
2014-03-12,AU,268.45,269.95,267.85,269.35,173054,206004,0.0,0.0
2014-03-13,AU,268.65,270.5,268.5,270.15,140764,202352,0.0,0.0
2014-03-14,AU,272.2,273.4,270.3,271.3,207528,199062,0.0,0.0
2014-03-17,AU,272.0,272.45,269.15,269.65,170740,198846,0.0,0.0
2014-03-18,AU,266.35,268.6,266.2,268.35,143460,199978,0.0,0.0
2014-03-19,AU,265.45,267.0,264.75,264.9,275072,193686,0.0,0.0
2014-03-20,AU,263.4,265.2,263.3,265.0,145454,179960,0.0,0.0
2014-03-21,AU,265.95,266.35,265.25,265.6,109062,182636,0.0,0.0
2014-03-24,AU,261.5,262.3,260.25,260.6,168332,183578,0.0,0.0
2014-03-25,AU,260.05,261.5,260.0,260.65,123454,175420,0.0,0.0
2014-03-26,AU,261.0,261.0,258.8,259.3,168122,177292,0.0,0.0
2014-03-27,AU,257.85,259.0,257.35,258.0,144104,175574,0.0,0.0
2014-03-28,AU,258.0,259.65,257.2,259.05,183584,164684,0.0,0.0
2014-03-31,AU,258.15,258.95,256.7,257.15,151676,163486,0.0,0.0
2014-04-01,AU,257.0,257.5,256.0,256.05,104632,163402,0.0,0.0
2014-04-02,AU,258.7,259.1,258.05,258.25,108840,155070,0.0,0.0
2014-04-03,AU,257.5,257.95,256.75,257.4,102910,153866,0.0,0.0
2014-04-04,AU,257.5,258.0,256.75,257.95,134654,150500,0.0,0.0
2014-04-08,AU,262.5,262.65,261.55,262.15,82924,141912,0.0,0.0
2014-04-09,AU,260.5,262.7,259.9,262.45,103580,136034,0.0,0.0
2014-04-10,AU,263.05,263.7,262.6,263.4,113828,134954,0.0,0.0
2014-04-11,AU,262.9,263.6,262.65,263.1,97000,135068,0.0,0.0
2014-04-14,AU,264.4,265.55,264.3,264.7,87376,136784,0.0,0.0
2014-04-15,AU,258.2,260.15,258.1,259.85,185394,141946,0.0,0.0
2014-04-16,AU,260.1,260.35,259.1,259.5,102944,145338,0.0,0.0
2014-04-17,AU,259.35,259.6,257.6,257.65,122746,151636,0.0,0.0
2014-04-18,AU,258.05,258.3,257.9,258.25,7488,144972,0.0,0.0
2014-04-21,AU,256.5,257.35,255.6,256.6,105098,157656,0.0,0.0
2014-04-22,AU,257.35,257.4,255.25,256.55,139940,143186,0.0,0.0
2014-04-23,AU,257.0,257.25,255.95,256.75,106398,142154,0.0,0.0
2014-04-24,AU,254.6,268.95,254.35,259.25,274654,134730,0.0,0.0
2014-04-25,AU,260.15,262.1,259.9,261.3,162938,126894,0.0,0.0
2014-04-28,AU,262.0,262.25,260.05,261.0,132586,118876,0.0,0.0
2014-04-29,AU,260.3,261.5,260.3,260.55,90860,111940,0.0,0.0
2014-04-30,AU,260.3,261.5,260.05,260.35,131958,102394,0.0,0.0
2014-05-05,AU,265.75,265.9,264.6,264.75,29116,109114,0.0,0.0
2014-05-06,AU,263.95,264.2,263.4,264.0,12152,106742,0.0,0.0
2014-05-07,AU,262.75,263.05,259.9,260.65,40154,110620,0.0,0.0
2014-05-08,AU,259.6,260.25,259.15,259.9,31110,119992,0.0,0.0
2014-05-09,AU,259.65,260.2,258.8,259.3,33646,132046,0.0,0.0
2014-05-12,AU,262.2,262.7,261.2,261.2,45136,137302,0.0,0.0
2014-05-13,AU,261.5,261.6,260.6,260.7,55952,148298,0.0,0.0
2014-05-14,AU,263.2,263.2,261.6,262.3,92128,155268,0.0,0.0
2014-05-15,AU,260.3,261.85,260.25,260.65,106768,163518,0.0,0.0
2014-05-16,AU,259.85,260.8,259.6,260.25,70228,165638,0.0,0.0
2014-05-19,AU,262.5,262.55,260.4,260.65,77264,168776,0.0,0.0
2014-05-20,AU,259.65,261.35,259.3,260.95,100392,170530,0.0,0.0
2014-05-21,AU,259.65,260.35,258.8,260.15,113276,173458,0.0,0.0
2014-05-22,AU,262.0,262.0,260.45,260.8,88844,177020,0.0,0.0
2014-05-23,AU,260.45,261.05,260.3,260.65,54530,176636,0.0,0.0
2014-05-26,AU,260.65,260.85,260.3,260.35,15726,176550,0.0,0.0
2014-05-27,AU,257.5,257.9,255.25,255.6,186548,206382,0.0,0.0
2014-05-28,AU,255.6,255.6,253.7,254.35,134952,214598,0.0,0.0
2014-05-29,AU,252.9,253.75,252.4,253.1,107278,224830,0.0,0.0
2014-05-30,AU,252.9,253.85,252.4,253.3,171250,222344,0.0,0.0
2014-06-03,AU,251.0,251.15,250.15,250.95,91544,233486,0.0,0.0
2014-06-04,AU,251.5,251.8,250.9,251.1,74696,233848,0.0,0.0
2014-06-05,AU,252.9,253.5,252.05,253.35,130146,222106,0.0,0.0
2014-06-06,AU,253.55,253.75,251.75,252.8,139004,221808,0.0,0.0
2014-06-09,AU,252.8,253.0,252.5,252.8,49084,223968,0.0,0.0
2014-06-10,AU,252.8,253.2,252.5,252.6,90714,227398,0.0,0.0
2014-06-11,AU,253.6,254.3,253.35,254.2,94510,227952,0.0,0.0
2014-06-12,AU,254.35,254.4,253.45,253.7,76428,226490,0.0,0.0
2014-06-13,AU,254.45,256.35,254.15,255.75,176702,219842,0.0,0.0
2014-06-16,AU,255.45,258.15,255.3,257.9,126882,208496,0.0,0.0
2014-06-17,AU,257.6,257.6,254.4,254.65,152206,213556,0.0,0.0
2014-06-18,AU,254.2,255.95,254.05,255.0,128858,212364,0.0,0.0
2014-06-19,AU,255.65,258.1,255.05,257.85,144764,208472,0.0,0.0
2014-06-20,AU,259.0,267.0,258.85,264.55,364114,214490,0.0,0.0
2014-06-23,AU,264.65,266.3,264.1,265.8,193844,214918,0.0,0.0
2014-06-24,AU,265.8,265.9,264.8,265.3,131144,219068,0.0,0.0
2014-06-25,AU,266.2,266.6,263.35,264.5,180112,211910,0.0,0.0
2014-06-26,AU,265.2,266.25,264.2,264.3,153746,200346,0.0,0.0
2014-06-27,AU,264.25,265.65,263.4,265.15,160444,205126,0.0,0.0
2014-06-30,AU,264.55,265.2,263.8,263.9,111866,199326,0.0,0.0
2014-07-01,AU,263.8,269.1,263.6,265.6,151054,197676,0.0,0.0
2014-07-02,AU,265.85,266.8,265.3,265.95,132040,198100,0.0,0.0
2014-07-03,AU,266.1,267.1,264.65,265.2,140656,197620,0.0,0.0
2014-07-04,AU,264.0,265.6,263.8,265.35,134650,199728,0.0,0.0
2014-07-07,AU,265.5,265.55,262.5,262.9,106164,196630,0.0,0.0
2014-07-08,AU,263.35,264.4,262.4,264.15,93344,191378,0.0,0.0
2014-07-09,AU,264.65,265.45,262.9,265.25,161800,193278,0.0,0.0
2014-07-10,AU,265.5,266.65,264.55,266.05,151388,200582,0.0,0.0
2014-07-11,AU,268.25,269.35,268.05,268.4,137356,204910,0.0,0.0
2014-07-14,AU,268.55,268.9,264.0,264.3,150374,195586,0.0,0.0
2014-07-15,AU,263.1,263.1,261.2,262.45,151358,198674,0.0,0.0
2014-07-16,AU,262.2,263.2,259.0,260.0,173478,196916,0.0,0.0
2014-07-17,AU,260.5,262.35,260.1,261.5,121844,195898,0.0,0.0
2014-07-18,AU,261.7,266.45,261.0,263.25,217794,198586,0.0,0.0
2014-07-21,AU,262.35,263.3,261.45,263.3,128894,200456,0.0,0.0
2014-07-22,AU,263.45,263.6,261.55,262.1,110756,201238,0.0,0.0
2014-07-23,AU,263.1,263.3,261.3,261.9,117582,197750,0.0,0.0
2014-07-24,AU,262.4,262.4,259.15,260.0,143250,201848,0.0,0.0
2014-07-25,AU,260.2,260.4,257.75,258.5,180196,205098,0.0,0.0
2014-07-28,AU,258.8,261.45,258.55,260.9,142462,198588,0.0,0.0
2014-07-29,AU,260.8,261.4,259.95,260.95,86192,192784,0.0,0.0
2014-07-30,AU,262.0,262.15,259.2,259.75,118494,197522,0.0,0.0
2014-07-31,AU,259.7,259.75,258.05,259.0,126390,197968,0.0,0.0
2014-08-01,AU,257.4,257.95,256.25,256.6,141776,202772,0.0,0.0
2014-08-04,AU,257.4,259.55,257.3,258.9,132296,196932,0.0,0.0
2014-08-05,AU,258.5,259.1,257.4,258.1,96448,198322,0.0,0.0
2014-08-06,AU,257.6,258.8,256.5,257.9,124514,195672,0.0,0.0
2014-08-07,AU,259.9,261.0,259.85,260.5,155574,192446,0.0,0.0
2014-08-08,AU,260.2,263.5,259.8,262.85,221156,196804,0.0,0.0
2014-08-11,AU,261.0,262.0,260.1,260.55,142758,188750,0.0,0.0
2014-08-12,AU,260.75,261.1,260.4,261.0,86940,190362,0.0,0.0
2014-08-13,AU,262.1,262.5,260.65,261.05,134404,190186,0.0,0.0
2014-08-14,AU,261.55,262.0,260.75,261.65,132548,195558,0.0,0.0
2014-08-15,AU,261.95,261.95,260.9,261.4,105380,195902,0.0,0.0
2014-08-18,AU,258.2,261.0,257.45,258.9,242636,189892,0.0,0.0
2014-08-19,AU,258.3,258.7,257.85,258.15,96908,191608,0.0,0.0
2014-08-20,AU,258.1,258.35,257.05,257.75,122570,196456,0.0,0.0
2014-08-21,AU,257.7,258.1,254.45,254.55,182704,208648,0.0,0.0
2014-08-22,AU,253.9,255.35,253.6,255.1,144324,202444,0.0,0.0
2014-08-25,AU,254.65,255.55,254.25,254.55,127490,202364,0.0,0.0
2014-08-26,AU,254.8,257.25,254.35,257.0,119032,200246,0.0,0.0
2014-08-27,AU,256.85,256.85,255.5,255.95,100634,200838,0.0,0.0
2014-08-28,AU,256.05,256.7,255.1,256.3,107500,202086,0.0,0.0
2014-08-29,AU,257.2,257.3,256.05,256.75,94176,200694,0.0,0.0
2014-09-01,AU,256.15,256.85,255.65,256.15,85460,203236,0.0,0.0
2014-09-02,AU,256.0,256.05,253.5,253.75,93350,212054,0.0,0.0
2014-09-03,AU,252.35,252.7,251.4,252.3,128502,210020,0.0,0.0
2014-09-04,AU,251.9,253.25,251.75,252.45,78672,207548,0.0,0.0
2014-09-05,AU,252.1,254.15,251.0,251.4,163662,205372,0.0,0.0
2014-09-09,AU,250.0,250.45,249.35,249.65,59662,209476,0.0,0.0
2014-09-10,AU,249.3,249.9,247.7,249.55,135338,208152,0.0,0.0
2014-09-11,AU,248.0,249.0,247.2,248.15,145674,206646,0.0,0.0
2014-09-12,AU,247.3,247.85,244.85,246.25,198534,210496,0.0,0.0
2014-09-15,AU,245.5,245.85,244.05,245.7,162102,210360,0.0,0.0
2014-09-16,AU,245.8,247.05,245.35,246.45,119940,204962,0.0,0.0
2014-09-17,AU,246.2,247.7,245.6,246.85,144234,202132,0.0,0.0
2014-09-18,AU,246.75,247.3,243.8,244.3,140466,207110,0.0,0.0
2014-09-19,AU,243.7,245.25,243.1,243.7,217886,200502,0.0,0.0
2014-09-22,AU,244.4,244.4,239.35,241.3,281546,211556,0.0,0.0
2014-09-23,AU,241.2,242.7,240.7,241.8,159356,204684,0.0,0.0
2014-09-24,AU,243.65,244.1,242.4,243.6,148156,198036,0.0,0.0
2014-09-25,AU,242.85,243.5,240.15,240.65,190080,203790,0.0,0.0
2014-09-26,AU,241.0,245.6,240.25,244.2,226368,192526,0.0,0.0
2014-09-29,AU,241.95,244.0,241.5,242.9,113038,186226,0.0,0.0
2014-09-30,AU,243.35,243.8,242.6,242.85,69364,180926,0.0,0.0
2014-10-08,AU,239.0,240.25,239.0,239.0,6,60,0.0,0.0
2014-10-09,AU,242.5,244.35,240.2,243.95,217558,184852,0.0,0.0
2014-10-10,AU,244.15,244.5,242.8,243.0,173212,186242,0.0,0.0
2014-10-13,AU,242.85,246.2,242.5,245.15,173238,178508,0.0,0.0
2014-10-14,AU,244.4,245.8,243.95,244.9,100376,179602,0.0,0.0
2014-10-15,AU,245.15,245.45,243.1,243.2,143484,184244,0.0,0.0
2014-10-16,AU,245.7,247.6,244.8,245.6,298144,181574,0.0,0.0
2014-10-17,AU,245.3,246.45,245.05,245.8,163722,179584,0.0,0.0
2014-10-20,AU,245.6,246.1,244.4,245.8,132482,175370,0.0,0.0
2014-10-21,AU,246.6,247.3,246.1,247.0,117982,170066,0.0,0.0
2014-10-22,AU,247.5,248.1,246.7,246.95,118338,167404,0.0,0.0
2014-10-23,AU,245.45,246.7,245.4,245.95,110200,157658,0.0,0.0
2014-10-24,AU,244.8,244.8,243.05,243.8,145710,157164,0.0,0.0
2014-10-27,AU,243.6,244.0,243.15,243.2,86954,150746,0.0,0.0
2014-10-28,AU,243.35,243.45,242.3,242.55,104240,145646,0.0,0.0
2014-10-29,AU,243.25,244.15,242.7,242.95,103664,144064,0.0,0.0
2014-10-30,AU,241.5,242.45,237.55,238.1,237888,151300,0.0,0.0
2014-10-31,AU,237.9,238.5,232.45,233.45,327624,147912,0.0,0.0
2014-11-03,AU,229.1,230.9,227.85,229.9,238672,126392,0.0,0.0
2014-11-04,AU,231.1,231.4,230.1,230.85,53094,142404,0.0,0.0
2014-11-05,AU,230.55,231.2,225.15,225.5,139648,174814,0.0,0.0
2014-11-06,AU,224.0,227.0,223.6,225.9,146924,184440,0.0,0.0
2014-11-07,AU,225.65,227.2,223.65,226.5,206300,191774,0.0,0.0
2014-11-10,AU,226.8,235.0,226.6,232.05,354332,192868,0.0,0.0
2014-11-11,AU,230.6,231.45,227.75,228.1,179758,202734,0.0,0.0
2014-11-12,AU,228.8,234.55,228.5,231.75,237752,203372,0.0,0.0
2014-11-13,AU,230.85,232.15,229.55,230.25,177500,209182,0.0,0.0
2014-11-14,AU,230.75,231.7,227.35,228.65,276634,231302,0.0,0.0
2014-11-17,AU,228.3,237.9,227.0,236.0,623698,213572,0.0,0.0
2014-11-18,AU,235.95,237.0,235.0,236.05,240332,208658,0.0,0.0
2014-11-19,AU,237.8,237.9,235.95,236.8,228922,210064,0.0,0.0
2014-11-20,AU,236.9,238.2,232.65,234.3,444058,208568,0.0,0.0
2014-11-21,AU,236.25,236.9,235.1,236.6,232652,210482,0.0,0.0
2014-11-24,AU,237.35,239.85,236.3,238.4,342456,211232,0.0,0.0
2014-11-25,AU,237.65,239.0,237.3,238.6,190204,214226,0.0,0.0
2014-11-26,AU,238.45,239.35,235.4,238.3,293758,217948,0.0,0.0
2014-11-27,AU,237.7,238.4,236.5,237.85,221970,226644,0.0,0.0
2014-11-28,AU,237.35,237.8,235.2,236.05,169358,237450,0.0,0.0
2014-12-01,AU,235.7,236.5,227.35,229.35,383938,249366,0.0,0.0
2014-12-02,AU,233.5,242.95,233.5,240.35,540948,225768,0.0,0.0
2014-12-03,AU,237.9,240.4,237.65,239.5,324594,208996,0.0,0.0
2014-12-04,AU,239.9,242.35,239.6,240.65,260480,204862,0.0,0.0
2014-12-05,AU,240.45,242.3,239.7,240.3,289044,200912,0.0,0.0
2014-12-08,AU,240.0,241.25,237.0,238.15,328006,203230,0.0,0.0
2014-12-09,AU,238.55,242.1,238.2,242.0,204642,208336,0.0,0.0
2014-12-10,AU,243.0,249.8,242.95,248.05,567346,210536,0.0,0.0
2014-12-11,AU,247.2,248.0,244.8,245.4,316142,199954,0.0,0.0
2014-12-12,AU,245.2,247.2,243.85,244.8,246862,201600,0.0,0.0
2014-12-15,AU,245.6,246.35,243.35,244.95,296532,198640,0.0,0.0
2014-12-16,AU,242.95,244.35,239.55,240.6,286078,194688,0.0,0.0
2014-12-17,AU,244.4,245.0,237.95,240.7,458098,193880,0.0,0.0
2014-12-18,AU,240.65,242.4,238.95,241.7,284400,189978,0.0,0.0
2014-12-19,AU,242.6,243.4,240.65,242.2,208832,191410,0.0,0.0
2014-12-22,AU,242.1,242.7,241.8,242.15,126462,189874,0.0,0.0
2014-12-23,AU,241.15,242.05,237.35,238.55,213230,191530,0.0,0.0
2014-12-24,AU,238.45,239.0,237.4,238.5,182810,198838,0.0,0.0
2014-12-25,AU,238.1,238.4,237.4,238.05,85694,201272,0.0,0.0
2014-12-26,AU,238.3,240.0,237.7,239.5,79378,200822,0.0,0.0
2014-12-29,AU,241.6,242.1,240.4,241.6,144430,193566,0.0,0.0
2014-12-30,AU,241.1,241.65,238.8,240.0,161936,192066,0.0,0.0
2014-12-31,AU,239.25,244.8,239.25,241.65,232960,194432,0.0,0.0
2015-01-05,AU,240.0,242.5,240.0,242.15,61846,199292,0.0,0.0
2015-01-06,AU,240.95,245.0,240.35,244.45,237512,214248,0.0,0.0
2015-01-07,AU,244.7,247.3,243.8,245.25,237538,214320,0.0,0.0
2015-01-08,AU,245.2,246.2,244.3,244.5,176986,216874,0.0,0.0
2015-01-09,AU,245.0,246.15,244.55,245.15,148366,217668,0.0,0.0
2015-01-12,AU,244.7,248.7,243.95,247.75,271728,229588,0.0,0.0
2015-01-13,AU,246.35,250.0,246.0,249.0,197054,233632,0.0,0.0
2015-01-14,AU,249.5,250.5,246.3,247.9,249476,229310,0.0,0.0
2015-01-15,AU,248.0,250.1,246.35,246.75,288116,227196,0.0,0.0
2015-01-16,AU,251.85,253.75,251.0,253.65,403772,237232,0.0,0.0
2015-01-19,AU,253.8,259.0,253.5,257.85,381174,239050,0.0,0.0
2015-01-20,AU,258.0,258.3,256.85,257.65,139018,238328,0.0,0.0
2015-01-21,AU,260.55,263.0,259.15,262.2,294908,239610,0.0,0.0
2015-01-22,AU,262.15,263.2,258.05,259.05,349310,236052,0.0,0.0
2015-01-23,AU,259.55,262.85,258.95,261.4,380550,242060,0.0,0.0
2015-01-26,AU,261.6,262.55,259.25,261.6,237780,242814,0.0,0.0
2015-01-27,AU,259.85,260.6,258.3,259.9,225122,244742,0.0,0.0
2015-01-28,AU,259.75,261.95,259.05,260.8,219708,245924,0.0,0.0
2015-01-29,AU,261.2,261.75,258.6,259.3,204518,241628,0.0,0.0
2015-01-30,AU,256.55,257.7,252.75,255.05,332588,222422,0.0,0.0
2015-02-02,AU,255.8,260.0,254.6,259.1,291006,226434,0.0,0.0
2015-02-03,AU,258.0,259.6,256.75,259.4,212940,223518,0.0,0.0
2015-02-04,AU,258.0,258.2,254.9,256.35,288614,228788,0.0,0.0
2015-02-05,AU,257.0,258.3,255.3,257.5,232176,226486,0.0,0.0
2015-02-06,AU,256.05,256.85,255.0,256.7,178268,227854,0.0,0.0
2015-02-09,AU,256.25,260.25,249.7,251.4,419660,227334,0.0,0.0
2015-02-10,AU,251.45,252.4,250.6,252.05,140404,223390,0.0,0.0
2015-02-11,AU,251.15,251.45,250.0,250.8,163350,223966,0.0,0.0
2015-02-12,AU,250.7,250.85,247.35,247.85,204948,224192,0.0,0.0
2015-02-13,AU,248.25,249.65,247.55,249.45,179138,215430,0.0,0.0
2015-02-16,AU,248.55,250.75,248.45,250.3,142798,213136,0.0,0.0
2015-02-17,AU,250.15,250.75,248.8,249.0,70090,210000,0.0,0.0
2015-02-25,AU,244.6,247.85,244.15,245.1,10,0,0.0,0.0
2015-02-26,AU,245.85,246.75,244.1,246.45,127444,216280,0.0,0.0
2015-02-27,AU,247.5,248.15,245.7,246.65,137716,222660,0.0,0.0
2015-03-02,AU,246.3,249.75,246.3,249.3,206588,227628,0.0,0.0
2015-03-03,AU,248.4,249.05,243.85,247.05,234398,223844,0.0,0.0
2015-03-04,AU,247.4,248.35,245.75,246.7,198668,210838,0.0,0.0
2015-03-05,AU,246.35,246.9,245.0,245.65,162428,202582,0.0,0.0
2015-03-06,AU,245.4,246.9,244.4,245.0,147354,197516,0.0,0.0
2015-03-09,AU,244.65,244.85,238.25,239.9,327884,202522,0.0,0.0
2015-03-10,AU,239.65,240.3,237.1,237.5,153080,201910,0.0,0.0
2015-03-11,AU,238.7,239.4,237.2,238.25,175340,210238,0.0,0.0
2015-03-12,AU,237.45,238.8,235.05,238.4,251356,205228,0.0,0.0
2015-03-13,AU,236.85,237.9,235.75,237.2,145612,205186,0.0,0.0
2015-03-16,AU,237.5,238.3,236.05,238.0,152944,207076,0.0,0.0
2015-03-17,AU,236.4,237.25,235.65,236.25,155364,212226,0.0,0.0
2015-03-18,AU,235.1,241.35,224.5,233.65,334944,207576,0.0,0.0
2015-03-19,AU,233.3,239.55,233.3,237.75,228062,205168,0.0,0.0
2015-03-20,AU,235.75,238.15,235.75,237.4,176958,203432,0.0,0.0
2015-03-23,AU,236.95,241.1,236.95,239.75,219436,203076,0.0,0.0
2015-03-24,AU,240.2,241.9,239.8,241.1,167166,200064,0.0,0.0
2015-03-25,AU,241.85,242.55,240.5,241.15,262864,199772,0.0,0.0
2015-03-26,AU,243.0,243.95,242.1,243.9,169740,202018,0.0,0.0
2015-03-27,AU,243.85,244.25,242.75,243.25,156580,195698,0.0,0.0
2015-03-30,AU,242.8,243.15,240.3,240.4,199746,190546,0.0,0.0
2015-03-31,AU,239.3,239.9,237.85,237.85,175542,188526,0.0,0.0
2015-04-01,AU,239.3,239.65,237.75,238.35,165432,190284,0.0,0.0
2015-04-02,AU,239.95,243.05,239.5,242.95,244050,193926,0.0,0.0
2015-04-03,AU,242.4,242.65,240.2,241.75,173668,182772,0.0,0.0
2015-04-07,AU,243.15,244.1,243.15,243.9,48968,183068,0.0,0.0
2015-04-08,AU,243.5,244.2,242.65,243.75,123654,183796,0.0,0.0
2015-04-09,AU,243.0,243.65,239.7,240.5,185616,180862,0.0,0.0
2015-04-10,AU,240.9,241.2,239.5,240.25,134150,180468,0.0,0.0
2015-04-13,AU,242.4,243.6,242.0,242.6,163286,173018,0.0,0.0
2015-04-14,AU,242.65,243.05,239.15,240.15,172328,181184,0.0,0.0
2015-04-15,AU,239.2,242.7,239.05,240.1,159376,176908,0.0,0.0
2015-04-16,AU,240.1,242.6,239.8,241.75,162448,172594,0.0,0.0
2015-04-17,AU,242.05,242.15,239.85,240.85,162154,174318,0.0,0.0
2015-04-20,AU,241.3,242.9,240.95,242.75,141530,172528,0.0,0.0
2015-04-21,AU,240.45,241.2,239.45,239.9,167564,174398,0.0,0.0
2015-04-22,AU,241.05,241.65,240.0,241.2,139054,165958,0.0,0.0
2015-04-23,AU,240.4,240.45,236.95,237.4,275116,176366,0.0,0.0
2015-04-24,AU,237.65,239.4,237.2,238.9,156290,165370,0.0,0.0
2015-04-27,AU,237.6,238.1,235.5,236.55,211312,168400,0.0,0.0
2015-04-28,AU,237.65,242.5,237.35,240.75,264478,140582,0.0,0.0
2015-04-29,AU,241.5,243.65,240.85,242.45,191776,129284,0.0,0.0
2015-04-30,AU,242.3,243.15,240.5,241.2,179948,119576,0.0,0.0
2015-05-04,AU,236.55,237.95,236.0,237.55,60848,110848,0.0,0.0
2015-05-05,AU,237.65,240.0,237.65,238.5,107084,105984,0.0,0.0
2015-05-06,AU,240.5,240.65,239.0,239.75,103940,101680,0.0,0.0
2015-05-07,AU,243.4,243.6,240.05,240.05,45224,102864,0.0,0.0
2015-05-08,AU,240.0,241.5,239.25,241.05,42984,105770,0.0,0.0
2015-05-11,AU,241.8,242.4,240.5,241.15,49412,109426,0.0,0.0
2015-05-12,AU,241.65,242.2,239.5,240.6,48302,113008,0.0,0.0
2015-05-13,AU,243.2,243.3,241.35,242.7,59310,113768,0.0,0.0
2015-05-14,AU,244.6,247.45,244.15,247.15,155688,128358,0.0,0.0
2015-05-15,AU,247.5,248.8,246.55,247.45,146534,131580,0.0,0.0
2015-05-18,AU,246.55,250.15,246.3,249.2,148128,142462,0.0,0.0
2015-05-19,AU,249.0,249.55,247.25,247.75,117590,139706,0.0,0.0
2015-05-20,AU,246.0,246.65,243.6,244.25,157826,127742,0.0,0.0
2015-05-21,AU,245.0,246.05,244.6,245.1,95594,128368,0.0,0.0
2015-05-22,AU,243.75,244.95,243.3,244.6,93404,130840,0.0,0.0
2015-05-25,AU,244.0,244.6,243.05,244.2,96058,134514,0.0,0.0
2015-05-26,AU,244.0,245.3,242.15,242.5,104142,140872,0.0,0.0
2015-05-27,AU,240.2,241.6,240.2,241.1,143194,156088,0.0,0.0
2015-05-28,AU,240.5,241.5,240.4,241.05,98436,158536,0.0,0.0
2015-05-29,AU,240.8,241.5,239.0,240.8,121018,163448,0.0,0.0
2015-06-01,AU,241.45,242.0,240.5,240.55,103334,168392,0.0,0.0
2015-06-02,AU,240.65,243.95,240.3,240.85,181356,172252,0.0,0.0
2015-06-03,AU,241.15,242.15,240.95,241.15,115948,174450,0.0,0.0
2015-06-04,AU,240.85,241.45,238.4,239.2,140880,180144,0.0,0.0
2015-06-05,AU,238.7,238.85,237.3,238.35,153790,186976,0.0,0.0
2015-06-08,AU,236.25,238.65,235.5,237.7,171370,189622,0.0,0.0
2015-06-09,AU,237.35,238.65,237.15,238.6,88838,187914,0.0,0.0
2015-06-10,AU,239.0,239.8,238.2,239.65,95576,184534,0.0,0.0
2015-06-11,AU,241.1,241.8,239.85,240.1,90162,179208,0.0,0.0
2015-06-12,AU,239.7,240.0,238.7,239.5,91472,180652,0.0,0.0
2015-06-15,AU,238.75,239.85,238.45,239.75,81150,180970,0.0,0.0
2015-06-16,AU,238.85,241.1,238.65,240.55,116438,184750,0.0,0.0
2015-06-17,AU,239.9,240.0,238.3,238.65,112048,184814,0.0,0.0
2015-06-18,AU,238.65,240.8,237.85,240.3,130180,179180,0.0,0.0
2015-06-19,AU,242.95,243.5,242.1,242.55,134734,174454,0.0,0.0
2015-06-23,AU,239.35,239.35,234.45,237.85,70,84,0.0,0.0
2015-06-24,AU,238.2,238.85,238.0,238.6,86736,175432,0.0,0.0
2015-06-25,AU,238.0,238.5,237.35,238.25,94536,178444,0.0,0.0
2015-06-26,AU,237.7,238.05,237.1,237.35,70318,182194,0.0,0.0
2015-06-29,AU,237.15,240.45,236.5,239.25,102474,177434,0.0,0.0
2015-06-30,AU,239.5,239.55,237.7,238.05,108750,176296,0.0,0.0
2015-07-01,AU,237.1,238.75,236.25,237.7,130804,178778,0.0,0.0
2015-07-02,AU,235.9,235.9,235.65,235.9,129988,190984,0.0,0.0
2015-07-03,AU,236.2,237.0,235.6,236.7,112654,190922,0.0,0.0
2015-07-06,AU,236.9,237.5,236.2,236.35,80562,190230,0.0,0.0
2015-07-07,AU,236.2,238.15,235.65,236.9,89786,187446,0.0,0.0
2015-07-08,AU,235.45,235.5,226.05,231.7,490996,206374,0.0,0.0
2015-07-09,AU,232.7,244.25,232.3,235.4,241776,183564,0.0,0.0
2015-07-10,AU,235.85,236.5,234.2,235.2,112944,182362,0.0,0.0
2015-07-13,AU,235.2,236.15,234.65,235.15,90552,181494,0.0,0.0
2015-07-14,AU,233.75,234.65,233.0,233.3,133862,188602,0.0,0.0
2015-07-15,AU,233.8,234.7,233.3,233.5,81074,187688,0.0,0.0
2015-07-16,AU,232.8,232.9,230.65,231.5,173142,198274,0.0,0.0
2015-07-17,AU,230.25,231.75,230.25,231.3,98002,194776,0.0,0.0
2015-07-20,AU,230.0,230.1,220.15,225.65,384974,208312,0.0,0.0
2015-07-21,AU,224.6,225.0,222.3,223.05,264440,217652,0.0,0.0
2015-07-22,AU,222.7,224.2,219.55,220.65,283762,235362,0.0,0.0
2015-07-23,AU,219.9,222.25,219.25,221.1,278334,223608,0.0,0.0
2015-07-24,AU,221.0,221.8,216.8,219.3,303596,234572,0.0,0.0
2015-07-27,AU,219.0,223.7,218.1,223.7,318958,215628,0.0,0.0
2015-07-28,AU,221.5,223.35,220.7,221.75,208244,218516,0.0,0.0
2015-07-29,AU,221.3,222.4,221.2,221.85,143350,211334,0.0,0.0
2015-07-30,AU,221.4,223.1,218.15,219.05,320076,237326,0.0,0.0
2015-07-31,AU,219.45,221.35,218.05,218.15,289880,239568,0.0,0.0
2015-08-03,AU,219.9,222.95,219.65,221.6,272524,223732,0.0,0.0
2015-08-04,AU,220.1,220.85,217.7,219.3,209816,237116,0.0,0.0
2015-08-05,AU,220.05,220.45,218.55,219.15,143808,242704,0.0,0.0
2015-08-06,AU,219.55,219.8,218.15,218.7,175434,249914,0.0,0.0
2015-08-07,AU,218.7,221.5,218.45,221.2,218824,229248,0.0,0.0
2015-08-10,AU,218.8,222.0,218.6,221.55,251200,221392,0.0,0.0
2015-08-11,AU,220.95,227.3,220.95,226.3,464794,218994,0.0,0.0
2015-08-12,AU,227.9,235.55,227.5,235.45,503090,239256,0.0,0.0
2015-08-13,AU,235.35,236.65,232.95,234.25,416448,223036,0.0,0.0
2015-08-14,AU,233.15,233.85,231.15,232.85,228462,222040,0.0,0.0
2015-08-17,AU,233.0,233.65,230.0,232.85,230864,217974,0.0,0.0
2015-08-18,AU,233.1,233.45,232.05,232.45,165702,219690,0.0,0.0
2015-08-19,AU,232.1,233.75,230.35,233.55,235948,226990,0.0,0.0
2015-08-20,AU,233.4,237.9,233.05,236.95,323534,233756,0.0,0.0
2015-08-21,AU,237.15,243.55,237.15,240.8,450916,246898,0.0,0.0
2015-08-24,AU,240.3,242.5,238.85,240.0,590824,258036,0.0,0.0
2015-08-25,AU,240.4,244.2,238.1,239.5,664454,257184,0.0,0.0
2015-08-26,AU,240.05,240.45,235.8,236.8,518780,243656,0.0,0.0
2015-08-27,AU,234.8,235.3,232.5,234.75,367310,237946,0.0,0.0
2015-08-28,AU,233.6,235.85,233.0,235.25,391728,237678,0.0,0.0
2015-08-31,AU,234.7,237.2,233.7,235.55,344230,236710,0.0,0.0
2015-09-01,AU,234.05,237.1,233.4,236.75,242728,233592,0.0,0.0
2015-09-02,AU,236.65,238.75,235.0,236.6,248968,234716,0.0,0.0
2015-09-03,AU,236.65,238.75,235.0,236.2,0,234716,0.0,0.0
2015-09-07,AU,232.85,234.4,232.85,233.25,26,102,0.0,0.0
2015-09-08,AU,232.5,232.65,231.4,232.25,131530,232098,0.0,0.0
2015-09-09,AU,232.7,233.85,232.5,232.9,207002,230936,0.0,0.0
2015-09-10,AU,232.1,232.1,228.55,229.8,281406,232072,0.0,0.0
2015-09-11,AU,230.45,230.7,229.0,229.6,238658,231116,0.0,0.0
2015-09-14,AU,229.1,229.65,227.55,229.25,232764,227026,0.0,0.0
2015-09-15,AU,228.8,230.15,228.3,229.3,148064,226762,0.0,0.0
2015-09-16,AU,229.05,229.55,228.65,229.3,116810,227108,0.0,0.0
2015-09-17,AU,231.05,233.15,230.5,231.95,247974,230978,0.0,0.0
2015-09-18,AU,231.2,234.6,231.05,233.3,234892,222554,0.0,0.0
2015-09-21,AU,235.6,235.95,234.55,235.7,178226,227066,0.0,0.0
2015-09-22,AU,234.7,234.95,234.15,234.45,86282,224150,0.0,0.0
2015-09-23,AU,232.95,233.6,232.25,233.6,115666,225516,0.0,0.0
2015-09-24,AU,234.0,235.7,233.95,235.5,126276,226970,0.0,0.0
2015-09-25,AU,235.95,239.35,235.8,237.2,290832,235976,0.0,0.0
2015-09-28,AU,237.0,237.2,234.65,234.75,68928,235484,0.0,0.0
2015-09-29,AU,233.05,234.5,231.7,232.25,143358,220178,0.0,0.0
2015-09-30,AU,232.7,233.15,230.7,231.0,113082,212632,0.0,0.0
2015-10-01,AU,232.7,233.15,230.7,231.9,0,212632,0.0,0.0
2015-10-08,AU,235.35,235.8,234.6,234.9,63344,207384,0.0,0.0
2015-10-09,AU,234.0,236.5,233.9,235.05,137844,202420,0.0,0.0
2015-10-12,AU,237.1,238.55,235.65,238.25,198656,208586,0.0,0.0
2015-10-13,AU,238.3,238.4,235.4,236.45,180082,196902,0.0,0.0
2015-10-14,AU,237.35,240.6,236.9,240.35,229870,212284,0.0,0.0
2015-10-15,AU,240.2,242.85,239.95,241.65,232528,211582,0.0,0.0
2015-10-16,AU,241.0,243.1,240.2,240.95,277960,201892,0.0,0.0
2015-10-19,AU,242.0,242.4,239.6,240.2,219320,198922,0.0,0.0
2015-10-20,AU,240.8,241.2,238.75,239.95,183632,193090,0.0,0.0
2015-10-21,AU,240.15,241.55,239.55,240.2,215012,198884,0.0,0.0
2015-10-22,AU,240.65,240.8,238.3,239.4,193706,195940,0.0,0.0
2015-10-23,AU,238.75,241.0,238.4,240.9,197752,194388,0.0,0.0
2015-10-26,AU,241.5,241.5,237.8,238.7,210274,188302,0.0,0.0
2015-10-27,AU,239.0,239.9,238.5,238.95,127366,180474,0.0,0.0
2015-10-28,AU,238.45,240.9,238.3,240.45,164766,175400,0.0,0.0
2015-10-29,AU,241.15,242.9,237.15,237.75,301848,162606,0.0,0.0
2015-10-30,AU,236.6,237.1,234.45,234.85,195092,157612,0.0,0.0
2015-11-02,AU,233.3,233.95,232.25,233.5,139320,146026,0.0,0.0
2015-11-03,AU,233.05,233.25,232.1,232.55,93756,142148,0.0,0.0
2015-11-04,AU,231.7,231.85,228.2,229.25,144696,138286,0.0,0.0
2015-11-05,AU,228.55,229.65,227.2,227.4,157222,137056,0.0,0.0
2015-11-06,AU,227.2,228.2,226.85,227.8,111246,136050,0.0,0.0
2015-11-09,AU,227.7,228.2,223.3,224.65,196986,125470,0.0,0.0
2015-11-10,AU,224.7,225.15,223.65,224.8,103676,111376,0.0,0.0
2015-11-11,AU,226.95,227.7,225.65,227.2,67062,131396,0.0,0.0
2015-11-12,AU,227.05,227.05,226.0,226.35,46310,141386,0.0,0.0
2015-11-13,AU,225.35,226.4,223.6,225.3,121770,136892,0.0,0.0
2015-11-16,AU,225.3,228.85,224.85,228.75,121480,146096,0.0,0.0
2015-11-17,AU,227.95,228.0,223.9,224.5,145864,159018,0.0,0.0
2015-11-18,AU,224.5,225.55,221.35,223.1,187126,164990,0.0,0.0
2015-11-19,AU,222.85,224.6,222.0,224.4,133616,168638,0.0,0.0
2015-11-20,AU,223.35,226.3,222.5,225.9,174986,167922,0.0,0.0
2015-11-23,AU,225.65,226.65,222.3,222.95,192624,186712,0.0,0.0
2015-11-24,AU,222.9,223.85,221.75,223.1,180118,192434,0.0,0.0
2015-11-25,AU,224.0,225.75,223.7,224.95,257482,199628,0.0,0.0
2015-11-26,AU,224.0,224.3,222.6,223.55,218074,208140,0.0,0.0
2015-11-27,AU,223.4,223.9,222.2,222.95,139772,219492,0.0,0.0
2015-11-30,AU,222.5,222.55,218.8,219.15,342424,266378,0.0,0.0
2015-12-01,AU,219.6,224.5,219.4,224.15,293192,235026,0.0,0.0
2015-12-02,AU,223.45,224.35,222.3,222.9,163072,231940,0.0,0.0
2015-12-03,AU,222.7,222.7,218.55,220.0,254426,248398,0.0,0.0
2015-12-04,AU,220.55,227.35,220.05,221.95,287942,239660,0.0,0.0
2015-12-07,AU,221.85,228.05,221.5,227.55,532342,252852,0.0,0.0
2015-12-08,AU,227.05,227.35,224.05,225.3,239974,250510,0.0,0.0
2015-12-09,AU,224.6,226.75,223.8,226.3,220362,252778,0.0,0.0
2015-12-10,AU,226.85,228.7,225.15,225.7,324392,254358,0.0,0.0
2015-12-11,AU,225.65,226.0,224.1,225.95,209364,252256,0.0,0.0
2015-12-14,AU,224.45,228.5,224.05,226.95,353682,254626,0.0,0.0
2015-12-15,AU,225.9,227.8,224.8,224.85,253672,255852,0.0,0.0
2015-12-16,AU,225.2,226.0,224.2,225.25,186970,257874,0.0,0.0
2015-12-17,AU,225.55,227.4,225.05,225.85,261370,253136,0.0,0.0
2015-12-18,AU,225.65,226.25,223.0,224.2,337284,268030,0.0,0.0
2015-12-21,AU,224.6,227.5,223.9,227.25,275556,264734,0.0,0.0
2015-12-22,AU,226.95,229.4,226.55,228.75,275796,264850,0.0,0.0
2015-12-23,AU,228.4,229.3,227.4,227.7,179424,264502,0.0,0.0
2015-12-24,AU,227.55,228.1,227.05,227.95,125158,265234,0.0,0.0
2015-12-25,AU,227.95,228.65,227.6,228.35,86556,263804,0.0,0.0
2015-12-28,AU,228.35,228.85,227.05,227.65,64944,260666,0.0,0.0
2015-12-29,AU,227.5,228.4,226.9,228.3,105574,258636,0.0,0.0
2015-12-30,AU,227.8,228.9,227.35,228.15,128336,262794,0.0,0.0
2015-12-31,AU,227.35,227.8,225.65,226.05,167370,257678,0.0,0.0
2016-01-04,AU,226.7,228.5,226.2,228.2,115918,271686,0.0,0.0
2016-01-05,AU,229.05,230.85,228.45,230.3,262396,285116,0.0,0.0
2016-01-06,AU,230.5,231.75,229.05,231.4,269668,298044,0.0,0.0
2016-01-07,AU,233.05,237.4,231.65,236.6,475962,315870,0.0,0.0
2016-01-08,AU,236.7,238.15,235.95,236.8,378540,306860,0.0,0.0
2016-01-11,AU,236.8,238.3,235.0,237.45,353852,312682,0.0,0.0
2016-01-12,AU,236.6,236.95,233.95,234.6,295580,287788,0.0,0.0
2016-01-13,AU,232.85,233.25,232.05,232.25,237332,279594,0.0,0.0
2016-01-14,AU,232.0,234.8,231.35,234.05,316336,279494,0.0,0.0
2016-01-15,AU,233.05,233.8,231.2,232.6,263662,275630,0.0,0.0
2016-01-18,AU,232.8,234.75,232.75,233.5,334226,278082,0.0,0.0
2016-01-19,AU,233.55,234.0,232.5,233.2,148870,275074,0.0,0.0
2016-01-20,AU,232.5,234.1,232.35,233.8,178390,278754,0.0,0.0
2016-01-21,AU,235.8,237.25,235.0,236.25,299478,282528,0.0,0.0
2016-01-22,AU,235.5,235.85,234.35,235.2,239830,273946,0.0,0.0
2016-01-25,AU,235.1,236.15,234.55,235.8,199426,270582,0.0,0.0
2016-01-26,AU,236.25,239.05,236.0,238.9,248890,289828,0.0,0.0
2016-01-27,AU,238.3,240.1,237.8,239.35,238910,290040,0.0,0.0
2016-01-28,AU,239.4,240.1,238.65,238.8,201368,288210,0.0,0.0
2016-01-29,AU,239.1,239.75,237.8,238.3,232398,285544,0.0,0.0
2016-02-01,AU,238.4,240.1,237.5,239.9,199550,296222,0.0,0.0
2016-02-02,AU,240.25,241.35,239.4,240.55,184274,303304,0.0,0.0
2016-02-03,AU,240.55,241.85,240.2,241.45,197552,305490,0.0,0.0
2016-02-04,AU,242.0,244.2,240.8,243.95,268622,295142,0.0,0.0
2016-02-05,AU,244.6,246.25,244.4,245.9,225544,280014,0.0,0.0
2016-02-15,AU,258.5,259.9,255.6,256.15,190718,276240,0.0,0.0
2016-02-16,AU,254.8,255.3,251.5,253.1,309996,283638,0.0,0.0
2016-02-17,AU,255.4,255.85,252.15,255.05,397254,288710,0.0,0.0
2016-02-18,AU,255.0,255.75,253.8,254.85,310824,289972,0.0,0.0
2016-02-19,AU,254.5,259.5,254.3,258.0,369542,302822,0.0,0.0
2016-02-22,AU,258.95,259.6,255.9,256.2,468326,303564,0.0,0.0
2016-02-23,AU,254.35,257.0,254.35,256.3,374288,300378,0.0,0.0
2016-02-24,AU,256.95,259.25,256.6,258.45,449322,312306,0.0,0.0
2016-02-25,AU,260.25,264.6,259.4,261.5,797662,330980,0.0,0.0
2016-02-26,AU,261.3,262.5,259.15,261.85,608646,331884,0.0,0.0
2016-02-29,AU,261.65,261.7,256.25,259.4,756284,329216,0.0,0.0
2016-03-01,AU,260.1,263.65,259.0,263.05,552970,351736,0.0,0.0
2016-03-02,AU,263.0,263.9,259.1,259.85,637386,329022,0.0,0.0
2016-03-03,AU,260.5,262.55,259.7,262.05,520756,338906,0.0,0.0
2016-03-04,AU,262.7,265.95,261.6,265.6,627072,351182,0.0,0.0
2016-03-07,AU,265.95,268.7,263.25,265.65,896440,335068,0.0,0.0
2016-03-08,AU,267.25,267.8,265.2,266.7,535820,342884,0.0,0.0
2016-03-09,AU,267.65,267.95,263.0,264.05,513264,332420,0.0,0.0
2016-03-10,AU,263.95,264.35,261.1,261.9,530230,319344,0.0,0.0
2016-03-11,AU,261.0,268.85,260.15,265.75,868980,326228,0.0,0.0
2016-03-14,AU,265.3,265.9,262.1,262.5,544586,318588,0.0,0.0
2016-03-15,AU,263.0,263.75,257.05,257.85,586332,318154,0.0,0.0
2016-03-16,AU,259.15,259.55,257.35,259.45,402560,319314,0.0,0.0
2016-03-17,AU,258.75,264.35,257.65,263.3,500638,316900,0.0,0.0
2016-03-18,AU,263.8,264.85,262.6,263.35,403442,308886,0.0,0.0
2016-03-21,AU,261.1,262.5,259.2,259.7,340072,303776,0.0,0.0
2016-03-22,AU,259.6,261.45,259.25,261.4,263124,305662,0.0,0.0
2016-03-23,AU,262.4,262.95,258.15,258.35,331106,304448,0.0,0.0
2016-03-24,AU,256.35,256.85,255.0,255.1,380646,294312,0.0,0.0
2016-03-25,AU,256.3,256.75,255.65,256.1,164146,293992,0.0,0.0
2016-03-28,AU,255.95,256.65,254.0,255.05,147416,297086,0.0,0.0
2016-03-29,AU,255.75,256.6,255.25,255.75,185942,290892,0.0,0.0
2016-03-30,AU,256.15,259.8,255.85,258.6,378770,285732,0.0,0.0
2016-03-31,AU,258.0,258.1,255.35,256.15,269920,279210,0.0,0.0
2016-04-01,AU,257.5,257.8,256.1,257.2,232786,272338,0.0,0.0
2016-04-05,AU,258.9,258.9,245.65,258.9,16,54,0.0,0.0
2016-04-06,AU,257.5,257.7,256.1,256.75,194794,273552,0.0,0.0
2016-04-07,AU,255.2,257.05,255.0,256.45,227246,279408,0.0,0.0
2016-04-08,AU,258.4,259.35,257.65,258.0,257602,283298,0.0,0.0
2016-04-11,AU,257.7,261.1,257.4,260.55,245542,287684,0.0,0.0
2016-04-12,AU,260.95,262.0,260.4,261.8,189268,291346,0.0,0.0
2016-04-13,AU,262.05,262.65,260.05,260.4,268234,282358,0.0,0.0
2016-04-14,AU,260.5,261.05,257.0,257.8,273610,278694,0.0,0.0
2016-04-15,AU,257.6,258.25,256.05,257.2,236076,265642,0.0,0.0
2016-04-18,AU,257.15,258.7,256.2,257.35,217164,259854,0.0,0.0
2016-04-19,AU,258.55,260.0,256.55,259.85,239320,260238,0.0,0.0
2016-04-20,AU,261.0,262.45,259.65,260.65,325448,258636,0.0,0.0
2016-04-21,AU,261.0,264.1,260.0,264.0,350660,274058,0.0,0.0
2016-04-22,AU,265.7,266.5,260.0,260.6,401306,242932,0.0,0.0
2016-04-25,AU,260.7,261.3,256.95,258.65,372910,221956,0.0,0.0
2016-04-26,AU,258.75,260.0,258.0,258.1,172382,208928,0.0,0.0
2016-04-27,AU,258.55,261.45,258.25,261.3,253034,193114,0.0,0.0
2016-04-28,AU,261.9,262.75,259.3,262.25,342874,177568,0.0,0.0
2016-04-29,AU,262.15,267.85,261.75,266.45,347256,177698,0.0,0.0
2016-05-03,AU,273.0,274.45,272.4,274.45,64,122,0.0,0.0
2016-05-04,AU,273.65,273.65,270.3,270.65,166064,217452,0.0,0.0
2016-05-05,AU,271.55,272.7,269.3,270.25,168280,223004,0.0,0.0
2016-05-06,AU,271.75,272.0,267.65,270.75,257778,229060,0.0,0.0
2016-05-09,AU,272.8,273.45,269.7,270.05,364526,244720,0.0,0.0
2016-05-10,AU,268.75,268.95,266.2,267.6,269504,232556,0.0,0.0
2016-05-11,AU,267.25,269.45,265.35,268.9,252092,238998,0.0,0.0
2016-05-12,AU,269.45,270.0,267.65,268.1,195620,240004,0.0,0.0
2016-05-13,AU,268.25,270.7,267.3,270.1,309730,251788,0.0,0.0
2016-05-16,AU,267.9,272.4,267.8,272.05,297706,281686,0.0,0.0
2016-05-17,AU,272.7,273.15,269.2,270.1,278192,270764,0.0,0.0
2016-05-18,AU,269.65,271.55,269.5,270.2,236438,276598,0.0,0.0
2016-05-19,AU,269.95,271.2,265.9,265.95,362390,279720,0.0,0.0
2016-05-20,AU,264.1,266.85,264.1,266.1,229012,285308,0.0,0.0
2016-05-23,AU,266.8,267.45,264.75,265.45,237010,296306,0.0,0.0
2016-05-24,AU,264.55,265.75,263.5,263.6,244742,302680,0.0,0.0
2016-05-25,AU,262.8,263.6,259.55,259.7,318086,311778,0.0,0.0
2016-05-26,AU,259.2,261.75,258.35,260.7,236722,307562,0.0,0.0
2016-05-27,AU,260.9,261.55,257.15,259.5,282392,304944,0.0,0.0
2016-05-30,AU,258.8,258.95,255.15,256.45,298804,311692,0.0,0.0
2016-05-31,AU,256.75,259.0,256.5,258.95,207452,280976,0.0,0.0
2016-06-01,AU,258.2,260.45,258.15,259.35,224472,282330,0.0,0.0
2016-06-02,AU,259.8,259.8,257.3,259.65,206500,285598,0.0,0.0
2016-06-03,AU,259.5,259.5,257.9,258.65,148472,283090,0.0,0.0
2016-06-06,AU,263.25,264.75,262.95,264.4,298338,269594,0.0,0.0
2016-06-07,AU,264.9,265.5,263.9,264.85,183862,266688,0.0,0.0
2016-06-08,AU,264.0,266.7,263.8,266.55,161948,269490,0.0,0.0
2016-06-13,AU,272.0,274.4,271.45,274.15,181804,283924,0.0,0.0
2016-06-14,AU,275.0,275.25,272.75,273.35,210538,279248,0.0,0.0
2016-06-15,AU,274.5,275.8,273.8,275.0,246178,296320,0.0,0.0
2016-06-16,AU,274.4,280.4,273.65,279.95,363092,324660,0.0,0.0
2016-06-17,AU,279.95,281.15,272.1,273.2,546056,320060,0.0,0.0
2016-06-20,AU,274.6,276.35,272.8,273.75,327082,318602,0.0,0.0
2016-06-21,AU,273.65,275.05,272.55,273.2,252118,317422,0.0,0.0
2016-06-22,AU,271.0,271.6,268.8,269.6,275022,314488,0.0,0.0
2016-06-23,AU,269.1,271.15,269.0,269.75,240326,311720,0.0,0.0
2016-06-24,AU,268.4,283.35,268.2,282.25,997696,351222,0.0,0.0
2016-06-27,AU,283.5,285.15,280.35,284.65,580666,336628,0.0,0.0
2016-06-28,AU,285.1,285.65,282.85,283.35,325764,337380,0.0,0.0
2016-06-29,AU,282.85,284.7,282.2,284.3,300974,339374,0.0,0.0
2016-06-30,AU,284.5,285.5,282.7,283.0,287436,333492,0.0,0.0
2016-07-01,AU,283.55,288.6,283.1,287.15,445956,356164,0.0,0.0
2016-07-04,AU,288.05,293.7,287.5,292.15,558068,391306,0.0,0.0
2016-07-05,AU,292.6,292.85,288.6,290.8,344286,368924,0.0,0.0
2016-07-06,AU,291.75,297.7,289.75,296.7,542390,381340,0.0,0.0
2016-07-07,AU,296.95,297.4,295.1,295.7,341338,374042,0.0,0.0
2016-07-08,AU,294.6,294.6,291.75,292.8,337310,356062,0.0,0.0
2016-07-11,AU,291.05,297.0,290.9,295.0,434348,361060,0.0,0.0
2016-07-12,AU,293.0,294.75,292.55,293.6,252080,367662,0.0,0.0
2016-07-13,AU,291.8,292.35,287.65,290.8,450672,372344,0.0,0.0
2016-07-14,AU,290.55,291.85,288.55,288.85,304580,367140,0.0,0.0
2016-07-15,AU,286.3,289.2,285.75,288.95,277810,370190,0.0,0.0
2016-07-18,AU,288.25,289.2,286.75,288.15,303768,368142,0.0,0.0
2016-07-19,AU,288.4,290.25,287.65,288.7,239612,372068,0.0,0.0
2016-07-20,AU,288.8,289.7,287.55,287.55,219452,373546,0.0,0.0
2016-07-21,AU,284.85,285.6,283.5,284.6,263726,362946,0.0,0.0
2016-07-22,AU,284.9,288.0,284.15,286.3,284348,359946,0.0,0.0
2016-07-25,AU,286.2,286.5,284.05,284.8,194602,358870,0.0,0.0
2016-07-26,AU,284.7,286.25,283.65,285.2,197578,358204,0.0,0.0
2016-07-27,AU,285.5,285.95,284.3,285.0,170012,362740,0.0,0.0
2016-07-28,AU,285.6,289.8,285.6,289.25,282092,367096,0.0,0.0
2016-07-29,AU,289.8,289.8,287.15,287.45,218240,359396,0.0,0.0
2016-08-01,AU,290.0,290.7,287.9,289.65,263120,364264,0.0,0.0
2016-08-02,AU,289.95,291.4,289.65,291.15,186350,368132,0.0,0.0
2016-08-03,AU,292.7,293.35,292.1,292.6,182442,369418,0.0,0.0
2016-08-04,AU,292.55,292.55,289.65,289.75,229126,363464,0.0,0.0
2016-08-05,AU,292.65,293.5,291.8,293.3,189834,367134,0.0,0.0
2016-08-08,AU,290.0,290.1,286.9,287.05,260816,362960,0.0,0.0
2016-08-09,AU,287.65,288.2,286.7,286.8,133298,361456,0.0,0.0
2016-08-10,AU,287.15,291.4,287.0,290.9,208638,361804,0.0,0.0
2016-08-11,AU,291.15,291.25,287.95,288.5,218884,364760,0.0,0.0
2016-08-12,AU,289.25,290.6,287.0,288.25,207452,361684,0.0,0.0
2016-08-15,AU,290.7,291.05,283.8,287.7,276634,354846,0.0,0.0
2016-08-16,AU,287.2,289.6,287.05,289.0,168358,358256,0.0,0.0
2016-08-17,AU,288.85,289.35,287.3,287.6,220036,355932,0.0,0.0
2016-08-18,AU,288.15,290.25,286.15,289.3,202202,357676,0.0,0.0
2016-08-19,AU,289.3,289.9,288.45,289.3,159760,357870,0.0,0.0
2016-08-22,AU,287.3,289.5,286.3,286.7,230778,363330,0.0,0.0
2016-08-23,AU,287.35,287.65,286.8,287.25,105430,358476,0.0,0.0
2016-08-24,AU,288.15,288.45,287.0,287.4,134914,358384,0.0,0.0
2016-08-25,AU,286.65,286.65,284.3,284.75,192890,361324,0.0,0.0
2016-08-26,AU,283.75,285.15,283.15,284.8,118746,355384,0.0,0.0
2016-08-29,AU,286.3,288.8,283.2,283.9,418364,355204,0.0,0.0
2016-08-30,AU,284.5,285.65,284.35,284.65,143950,346096,0.0,0.0
2016-08-31,AU,284.25,284.75,282.8,283.4,197694,337940,0.0,0.0
2016-09-01,AU,282.4,283.6,282.15,282.75,166752,327980,0.0,0.0
2016-09-02,AU,282.1,284.05,282.0,283.15,214742,320942,0.0,0.0
2016-09-05,AU,285.85,287.0,284.85,286.65,227614,321394,0.0,0.0
2016-09-06,AU,286.75,287.0,286.4,286.95,77624,318452,0.0,0.0
2016-09-07,AU,288.25,291.7,288.05,290.85,237860,317164,0.0,0.0
2016-09-08,AU,290.95,291.0,289.15,290.45,131246,315700,0.0,0.0
2016-09-09,AU,290.0,290.15,288.45,288.65,179550,317912,0.0,0.0
2016-09-12,AU,288.6,289.2,286.6,287.5,183842,320156,0.0,0.0
2016-09-13,AU,286.65,288.1,285.85,287.45,190612,318016,0.0,0.0
2016-09-14,AU,286.5,287.1,284.85,286.0,173902,320806,0.0,0.0
2016-09-19,AU,283.55,284.85,283.05,284.55,84438,321814,0.0,0.0
2016-09-20,AU,284.1,284.9,284.1,284.85,103348,323364,0.0,0.0
2016-09-21,AU,284.55,285.75,283.75,285.35,152780,324646,0.0,0.0
2016-09-22,AU,287.0,288.25,284.85,287.7,208376,314404,0.0,0.0
2016-09-23,AU,288.3,289.7,287.85,288.15,169772,310996,0.0,0.0
2016-09-26,AU,288.7,288.9,287.5,288.1,126784,306600,0.0,0.0
2016-09-27,AU,288.65,289.3,287.6,287.7,135572,307978,0.0,0.0
2016-09-28,AU,287.45,287.5,285.3,285.45,173412,304024,0.0,0.0
2016-09-29,AU,285.6,285.95,284.4,284.75,133208,298064,0.0,0.0
2016-09-30,AU,283.9,285.55,283.9,285.3,125074,292310,0.0,0.0
2016-10-10,AU,273.6,274.2,272.35,274.0,151026,282202,0.0,0.0
2016-10-11,AU,273.3,274.1,273.05,273.9,180290,294926,0.0,0.0
2016-10-12,AU,273.05,274.05,272.95,273.3,142370,295548,0.0,0.0
2016-10-13,AU,273.05,274.7,272.5,274.2,211380,295356,0.0,0.0
2016-10-14,AU,273.75,274.9,273.25,273.45,156426,296788,0.0,0.0
2016-10-17,AU,272.8,274.25,272.6,273.7,194610,299380,0.0,0.0
2016-10-18,AU,273.65,275.4,273.45,275.2,150702,298968,0.0,0.0
2016-10-19,AU,275.05,275.75,274.15,275.2,136832,296264,0.0,0.0
2016-10-20,AU,276.8,277.7,276.5,277.25,156082,295204,0.0,0.0
2016-10-21,AU,277.25,277.95,275.7,276.3,165012,284304,0.0,0.0
2016-10-24,AU,277.1,277.4,276.5,277.05,130816,281088,0.0,0.0
2016-10-25,AU,278.25,278.8,276.6,277.9,170374,278640,0.0,0.0
2016-10-26,AU,278.15,279.9,277.9,279.2,186498,259932,0.0,0.0
2016-10-27,AU,278.6,279.1,277.4,278.25,154518,241346,0.0,0.0
2016-10-28,AU,279.1,279.45,277.95,278.5,146162,226468,0.0,0.0
2016-10-31,AU,277.45,281.35,277.45,279.65,231556,208032,0.0,0.0
2016-11-01,AU,279.2,280.75,278.75,280.25,122000,196426,0.0,0.0
2016-11-02,AU,281.55,283.1,281.35,282.95,142370,191694,0.0,0.0
2016-11-03,AU,283.4,285.0,283.1,283.75,153342,179110,0.0,0.0
2016-11-04,AU,282.4,284.55,282.1,282.4,135836,165716,0.0,0.0
2016-11-07,AU,284.05,284.75,281.6,281.85,134896,152006,0.0,0.0
2016-11-08,AU,281.75,281.8,279.65,281.2,98046,146142,0.0,0.0
2016-11-09,AU,283.3,293.0,281.75,291.65,270780,179558,0.0,0.0
2016-11-10,AU,288.0,289.6,283.3,286.15,217030,199378,0.0,0.0
2016-11-11,AU,285.05,286.0,279.25,281.75,248716,217910,0.0,0.0
2016-11-14,AU,280.9,282.0,269.8,272.95,360232,228372,0.0,0.0
2016-11-15,AU,273.95,276.45,272.8,275.95,245686,229724,0.0,0.0
2016-11-16,AU,275.85,277.65,275.0,277.05,180050,233816,0.0,0.0
2016-11-17,AU,276.55,277.5,276.25,276.5,136938,235730,0.0,0.0
2016-11-18,AU,277.0,277.15,273.05,273.45,216120,241806,0.0,0.0
2016-11-21,AU,273.85,275.6,273.0,275.55,189682,248640,0.0,0.0
2016-11-22,AU,275.6,276.95,274.5,276.25,179428,253582,0.0,0.0
2016-11-23,AU,276.2,276.95,275.05,276.6,177860,255416,0.0,0.0
2016-11-24,AU,276.0,276.0,272.7,273.7,340644,266746,0.0,0.0
2016-11-25,AU,273.4,273.65,268.45,271.4,253516,272100,0.0,0.0
2016-11-28,AU,272.5,275.3,271.25,273.8,256832,272312,0.0,0.0
2016-11-29,AU,273.6,274.55,272.4,272.75,204490,275378,0.0,0.0
2016-11-30,AU,271.5,272.3,270.55,271.05,200036,278538,0.0,0.0
2016-12-01,AU,270.15,270.9,266.6,269.25,318392,296638,0.0,0.0
2016-12-02,AU,267.95,269.4,266.6,268.85,206838,301358,0.0,0.0
2016-12-05,AU,268.1,270.9,267.05,268.75,289230,302008,0.0,0.0
2016-12-06,AU,268.3,269.5,267.1,268.15,234960,315832,0.0,0.0
2016-12-07,AU,268.6,268.65,267.45,267.7,170588,326816,0.0,0.0
2016-12-08,AU,268.6,270.95,268.35,269.75,244680,329794,0.0,0.0
2016-12-09,AU,269.35,270.2,268.3,269.5,177508,331766,0.0,0.0
2016-12-12,AU,268.35,269.35,267.2,267.95,203912,344840,0.0,0.0
2016-12-13,AU,267.7,269.35,267.25,268.2,173102,349590,0.0,0.0
2016-12-14,AU,268.15,269.9,267.65,269.65,247566,366272,0.0,0.0
2016-12-15,AU,269.6,270.6,264.8,266.95,312470,366840,0.0,0.0
2016-12-16,AU,265.0,265.85,264.3,265.35,235872,357144,0.0,0.0
2016-12-19,AU,265.45,266.95,265.1,266.6,172448,356986,0.0,0.0
2016-12-20,AU,266.45,266.9,264.55,265.25,157024,353076,0.0,0.0
2016-12-21,AU,263.8,265.45,262.1,264.85,208540,354770,0.0,0.0
2016-12-22,AU,264.45,264.85,262.8,263.3,119052,360090,0.0,0.0
2016-12-23,AU,262.8,264.3,262.45,263.55,155500,366702,0.0,0.0
2016-12-26,AU,263.75,265.1,263.3,264.75,127840,359872,0.0,0.0
2016-12-27,AU,264.85,266.1,264.4,266.1,132016,367772,0.0,0.0
2016-12-28,AU,266.15,267.85,265.35,267.3,172420,368704,0.0,0.0
2016-12-29,AU,266.5,269.15,266.0,268.75,217154,370722,0.0,0.0
2016-12-30,AU,268.05,272.15,268.0,271.35,257682,383078,0.0,0.0
2017-01-02,AU,268.05,272.15,268.0,268.05,0,383078,0.0,0.0
2017-01-03,AU,269.7,271.15,269.45,269.75,134748,391396,0.0,0.0
2017-01-04,AU,268.5,271.25,268.35,270.4,237240,403990,0.0,0.0
2017-01-05,AU,270.3,270.6,268.15,269.5,281262,401602,0.0,0.0
2017-01-06,AU,269.0,269.85,268.7,268.85,231806,394922,0.0,0.0
2017-01-09,AU,268.65,270.4,268.65,269.75,175304,395864,0.0,0.0
2017-01-10,AU,270.35,272.1,270.2,271.5,201672,401688,0.0,0.0
2017-01-11,AU,271.25,272.4,270.9,271.85,183268,396044,0.0,0.0
2017-01-12,AU,271.7,272.55,268.65,272.25,342304,388946,0.0,0.0
2017-01-13,AU,272.3,272.5,270.5,271.25,185390,379636,0.0,0.0
2017-01-16,AU,271.6,273.45,270.45,272.95,215196,382384,0.0,0.0
2017-01-17,AU,272.5,274.9,272.25,274.6,158070,383002,0.0,0.0
2017-01-18,AU,274.1,274.95,272.45,273.5,194254,373502,0.0,0.0
2017-01-19,AU,273.15,273.6,270.2,270.7,176830,365152,0.0,0.0
2017-01-20,AU,271.2,271.75,270.1,271.4,159596,364202,0.0,0.0
2017-01-23,AU,270.85,273.7,270.55,272.75,175522,362246,0.0,0.0
2017-01-24,AU,272.7,273.3,272.1,272.35,119818,358716,0.0,0.0
2017-01-25,AU,272.15,272.8,267.85,269.6,149430,338086,0.0,0.0
2017-01-26,AU,269.6,270.05,266.65,267.6,142822,318662,0.0,0.0
2017-02-03,AU,270.1,271.95,270.1,271.6,82082,306362,0.0,0.0
2017-02-06,AU,271.3,274.4,270.25,274.3,190770,318510,0.0,0.0
2017-02-07,AU,275.15,276.7,274.6,276.5,160366,321182,0.0,0.0
2017-02-08,AU,276.35,277.25,275.85,276.75,142374,324290,0.0,0.0
2017-02-09,AU,278.7,279.2,278.05,278.2,148408,319670,0.0,0.0
2017-02-10,AU,278.1,278.85,274.6,275.25,220922,307194,0.0,0.0
2017-02-13,AU,275.6,277.3,275.3,276.4,197398,299460,0.0,0.0
2017-02-14,AU,276.0,276.2,274.05,276.0,163040,296866,0.0,0.0
2017-02-15,AU,276.6,276.7,274.0,274.95,188556,292854,0.0,0.0
2017-02-16,AU,275.0,277.15,273.5,276.35,224336,288304,0.0,0.0
2017-02-17,AU,277.25,277.9,276.8,277.45,155914,289940,0.0,0.0
2017-02-20,AU,278.2,278.6,276.2,276.85,148746,286374,0.0,0.0
2017-02-21,AU,277.15,277.65,276.6,277.5,99214,285070,0.0,0.0
2017-02-22,AU,276.5,278.15,275.75,277.2,159914,284724,0.0,0.0
2017-02-23,AU,277.65,278.15,276.5,277.75,153238,283014,0.0,0.0
2017-02-24,AU,278.8,281.7,278.4,281.15,273622,311104,0.0,0.0
2017-02-27,AU,282.2,282.45,280.55,282.15,180334,300578,0.0,0.0
2017-02-28,AU,281.85,283.35,280.95,281.2,160636,294068,0.0,0.0
2017-03-01,AU,281.15,281.95,278.65,279.15,209236,283306,0.0,0.0
2017-03-02,AU,279.1,280.4,278.15,279.45,170848,281422,0.0,0.0
2017-03-03,AU,278.9,279.25,276.9,277.4,238202,275322,0.0,0.0
2017-03-06,AU,276.9,278.55,276.5,277.45,182046,275560,0.0,0.0
2017-03-07,AU,277.45,277.9,276.1,276.4,137414,277758,0.0,0.0
2017-03-08,AU,276.0,276.0,274.5,274.55,174404,271694,0.0,0.0
2017-03-09,AU,273.95,274.7,272.6,273.25,213736,275000,0.0,0.0
2017-03-10,AU,273.4,273.85,271.0,271.05,200774,274928,0.0,0.0
2017-03-13,AU,271.15,273.65,270.75,273.65,247398,267394,0.0,0.0
2017-03-14,AU,272.5,273.1,272.2,272.35,129460,270226,0.0,0.0
2017-03-15,AU,272.55,273.25,271.6,272.5,150980,270808,0.0,0.0
2017-03-16,AU,271.8,277.3,271.6,277.15,261416,274042,0.0,0.0
2017-03-17,AU,278.15,278.25,276.5,277.05,137970,267062,0.0,0.0
2017-03-20,AU,277.4,278.55,276.95,278.45,138722,277684,0.0,0.0
2017-03-21,AU,278.25,278.75,276.65,277.35,167944,267612,0.0,0.0
2017-03-22,AU,277.65,280.35,277.5,279.8,244648,273378,0.0,0.0
2017-03-23,AU,279.75,280.2,278.9,279.75,164432,266140,0.0,0.0
2017-03-24,AU,280.45,280.7,278.45,278.95,184200,262698,0.0,0.0
2017-03-27,AU,279.2,282.25,278.75,282.0,162888,270268,0.0,0.0
2017-03-28,AU,282.05,282.35,280.95,281.2,148832,262582,0.0,0.0
2017-03-29,AU,282.05,282.15,280.05,280.6,159592,257224,0.0,0.0
2017-03-30,AU,280.95,281.2,280.1,280.6,126756,256928,0.0,0.0
2017-03-31,AU,280.35,280.35,278.2,278.6,178510,247488,0.0,0.0
2017-04-05,AU,281.2,281.75,280.75,281.25,74992,249036,0.0,0.0
2017-04-06,AU,280.2,281.7,279.2,281.25,198064,242570,0.0,0.0
2017-04-07,AU,281.05,285.45,280.4,283.5,294194,250516,0.0,0.0
2017-04-10,AU,284.45,285.05,281.15,282.2,254310,239110,0.0,0.0
2017-04-11,AU,281.25,282.95,280.9,282.75,169940,245826,0.0,0.0
2017-04-12,AU,283.4,287.1,283.25,285.85,316430,262642,0.0,0.0
2017-04-13,AU,286.1,288.0,285.1,287.15,242774,255082,0.0,0.0
2017-04-14,AU,287.55,288.05,286.75,287.7,152170,259634,0.0,0.0
2017-04-17,AU,288.05,290.05,286.95,287.2,196830,241540,0.0,0.0
2017-04-18,AU,286.9,287.9,285.8,286.45,194112,234448,0.0,0.0
2017-04-19,AU,286.6,287.7,285.2,286.3,250222,226460,0.0,0.0
2017-04-20,AU,286.55,286.75,284.75,286.1,216358,218118,0.0,0.0
2017-04-21,AU,285.95,286.35,285.25,285.9,170642,209336,0.0,0.0
2017-04-24,AU,286.35,287.95,283.5,283.9,310052,189796,0.0,0.0
2017-04-25,AU,283.35,284.4,282.95,283.9,166292,179352,0.0,0.0
2017-04-26,AU,282.75,283.55,282.15,282.45,183112,165780,0.0,0.0
2017-04-27,AU,282.55,283.55,282.05,282.85,154594,153054,0.0,0.0
2017-04-28,AU,283.1,283.25,282.3,283.2,129946,140542,0.0,0.0
2017-05-02,AU,283.8,284.4,283.55,283.9,39920,163774,0.0,0.0
2017-05-03,AU,283.05,283.7,282.85,283.3,30714,165456,0.0,0.0
2017-05-04,AU,283.0,283.25,278.7,279.65,92606,174724,0.0,0.0
2017-05-05,AU,278.05,280.0,277.4,278.8,102698,182136,0.0,0.0
2017-05-08,AU,278.3,279.35,278.05,278.5,86346,188964,0.0,0.0
2017-05-09,AU,278.65,279.4,277.5,278.45,128798,191426,0.0,0.0
2017-05-10,AU,277.35,277.4,275.65,277.05,118918,201004,0.0,0.0
2017-05-11,AU,277.25,277.55,276.3,277.35,92586,205942,0.0,0.0
2017-05-12,AU,277.0,278.5,276.95,278.1,119980,211756,0.0,0.0
2017-05-15,AU,278.75,279.55,277.75,279.4,124840,220070,0.0,0.0
2017-05-16,AU,280.15,280.65,279.0,280.0,118992,220422,0.0,0.0
2017-05-17,AU,280.05,281.3,279.5,280.95,133590,230274,0.0,0.0
2017-05-18,AU,282.5,284.75,282.35,283.25,230310,237936,0.0,0.0
2017-05-19,AU,283.55,284.2,281.6,282.65,186950,244610,0.0,0.0
2017-05-22,AU,283.3,283.6,282.15,283.3,114482,249876,0.0,0.0
2017-05-23,AU,284.05,285.2,283.45,285.2,123256,262554,0.0,0.0
2017-05-24,AU,285.0,285.1,281.5,281.85,170178,267980,0.0,0.0
2017-05-25,AU,282.5,283.8,281.75,283.3,136700,275156,0.0,0.0
2017-05-26,AU,282.75,283.5,282.0,283.35,104532,275262,0.0,0.0
2017-05-31,AU,283.05,283.3,281.65,281.65,74258,281108,0.0,0.0
2017-06-01,AU,282.35,283.15,281.4,281.85,157458,283362,0.0,0.0
2017-06-02,AU,281.25,282.2,280.6,280.85,129192,288512,0.0,0.0
2017-06-05,AU,283.0,285.2,282.75,284.55,215452,304850,0.0,0.0
2017-06-06,AU,284.8,286.5,284.05,286.3,135910,316800,0.0,0.0
2017-06-07,AU,286.6,287.2,286.25,286.6,138618,325410,0.0,0.0
2017-06-08,AU,286.55,286.9,285.05,285.75,141700,326824,0.0,0.0
2017-06-09,AU,285.15,285.4,282.15,282.5,223770,332974,0.0,0.0
2017-06-12,AU,281.8,281.9,281.0,281.05,151544,339722,0.0,0.0
2017-06-13,AU,280.85,281.6,280.35,281.15,105884,340090,0.0,0.0
2017-06-14,AU,280.35,282.4,280.05,281.7,131122,334782,0.0,0.0
2017-06-15,AU,283.0,284.65,279.7,279.85,238286,340830,0.0,0.0
2017-06-16,AU,278.5,279.8,278.3,279.35,147956,342074,0.0,0.0
2017-06-19,AU,279.65,279.8,278.5,278.85,99854,343958,0.0,0.0
2017-06-20,AU,278.55,278.9,277.6,278.25,111782,344998,0.0,0.0
2017-06-21,AU,278.05,278.5,277.3,278.15,104238,344970,0.0,0.0
2017-06-22,AU,277.85,280.3,277.3,279.9,135198,341690,0.0,0.0
2017-06-23,AU,280.15,280.55,279.1,280.45,119404,337016,0.0,0.0
2017-06-26,AU,281.55,281.55,280.35,280.6,78260,333442,0.0,0.0
2017-06-27,AU,278.35,279.45,277.9,279.4,170412,326864,0.0,0.0
2017-06-28,AU,278.6,279.3,278.05,278.75,168850,332470,0.0,0.0
2017-06-29,AU,278.95,279.15,277.7,278.15,158992,337162,0.0,0.0
2017-06-30,AU,276.4,277.35,275.4,275.5,221690,338722,0.0,0.0
2017-07-03,AU,275.3,276.3,274.35,274.6,142246,343202,0.0,0.0
2017-07-04,AU,273.25,273.35,271.6,272.6,190506,346746,0.0,0.0
2017-07-05,AU,272.7,273.3,272.05,272.4,102604,345904,0.0,0.0
2017-07-06,AU,271.1,273.2,271.05,272.85,129270,346032,0.0,0.0
2017-07-07,AU,272.9,273.25,271.6,272.2,115020,347806,0.0,0.0
2017-07-10,AU,272.25,272.35,268.0,268.8,241862,349336,0.0,0.0
2017-07-11,AU,269.35,270.7,268.95,270.0,139294,347824,0.0,0.0
2017-07-12,AU,270.1,271.65,269.25,271.0,156136,348784,0.0,0.0
2017-07-13,AU,272.35,272.45,271.05,271.75,154644,352132,0.0,0.0
2017-07-14,AU,271.5,271.5,269.85,270.65,113550,353988,0.0,0.0
2017-07-17,AU,273.15,273.45,272.3,273.0,163458,350286,0.0,0.0
2017-07-18,AU,273.7,274.4,273.5,273.7,125924,341346,0.0,0.0
2017-07-19,AU,274.3,274.75,273.85,274.05,113988,336326,0.0,0.0
2017-07-20,AU,274.55,274.75,273.9,274.2,100138,343990,0.0,0.0
2017-07-21,AU,274.3,275.85,273.5,275.8,173552,349878,0.0,0.0
2017-07-24,AU,276.7,277.45,276.05,276.45,124830,348868,0.0,0.0
2017-07-25,AU,277.35,277.4,276.15,276.8,99046,346342,0.0,0.0
2017-07-26,AU,276.1,276.5,274.15,274.4,142662,350512,0.0,0.0
2017-07-27,AU,274.8,278.05,274.6,277.6,164112,342962,0.0,0.0
2017-07-28,AU,277.9,277.95,276.6,277.25,149302,338706,0.0,0.0
2017-07-31,AU,277.95,278.95,277.65,278.05,147076,339218,0.0,0.0
2017-08-01,AU,278.3,278.5,277.75,278.0,92472,345998,0.0,0.0
2017-08-02,AU,278.0,279.05,277.55,277.95,160750,349628,0.0,0.0
2017-08-03,AU,277.6,278.8,276.6,276.9,147540,351140,0.0,0.0
2017-08-04,AU,277.55,278.55,277.4,278.45,143116,359734,0.0,0.0
2017-08-07,AU,277.0,277.25,275.65,275.95,175064,353954,0.0,0.0
2017-08-08,AU,275.85,276.5,275.35,275.7,112310,353302,0.0,0.0
2017-08-09,AU,276.2,277.6,274.15,276.45,186480,353536,0.0,0.0
2017-08-10,AU,278.1,278.8,277.4,278.45,187428,350424,0.0,0.0
2017-08-11,AU,279.35,280.3,278.85,279.85,222826,355820,0.0,0.0
2017-08-14,AU,279.75,280.3,278.55,279.75,175078,355662,0.0,0.0
2017-08-15,AU,278.9,279.75,277.0,277.85,182520,348620,0.0,0.0
2017-08-16,AU,276.55,277.9,276.35,276.95,119916,347326,0.0,0.0
2017-08-17,AU,277.1,280.45,276.65,279.95,192184,352070,0.0,0.0
2017-08-18,AU,279.45,280.5,278.75,280.5,144594,360176,0.0,0.0
2017-08-21,AU,281.8,282.6,278.75,279.7,238136,361748,0.0,0.0
2017-08-22,AU,279.8,280.95,279.0,279.1,149470,358624,0.0,0.0
2017-08-23,AU,279.65,280.4,278.35,279.15,148734,354190,0.0,0.0
2017-08-24,AU,279.75,279.9,279.05,279.25,119042,355920,0.0,0.0
2017-08-25,AU,279.3,279.75,278.6,279.05,111830,358560,0.0,0.0
2017-08-28,AU,278.95,280.9,276.5,280.45,263900,358164,0.0,0.0
2017-08-29,AU,280.3,283.8,279.75,283.8,215014,369830,0.0,0.0
2017-08-30,AU,283.8,284.3,280.25,280.35,220274,358480,0.0,0.0
2017-08-31,AU,280.35,281.3,279.2,279.9,141360,358378,0.0,0.0
2017-09-01,AU,280.9,282.65,280.7,281.8,173324,357650,0.0,0.0
2017-09-04,AU,282.25,285.0,281.2,284.2,248002,358922,0.0,0.0
2017-09-05,AU,283.2,284.05,282.75,283.65,118342,359688,0.0,0.0
2017-09-06,AU,282.9,284.45,282.85,284.1,167572,356580,0.0,0.0
2017-09-07,AU,283.9,284.1,282.4,283.05,171472,354744,0.0,0.0
2017-09-08,AU,283.65,283.95,282.75,283.7,234876,346738,0.0,0.0
2017-09-11,AU,283.25,283.85,281.75,282.4,205840,346546,0.0,0.0
2017-09-12,AU,282.3,282.75,280.9,281.1,138828,337000,0.0,0.0
2017-09-13,AU,281.2,282.05,281.05,281.5,105588,340730,0.0,0.0
2017-09-14,AU,281.8,282.05,280.55,281.15,152354,340358,0.0,0.0
2017-09-15,AU,281.75,282.9,281.4,282.45,148056,339532,0.0,0.0
2017-09-18,AU,281.8,281.95,279.75,279.85,166142,335756,0.0,0.0
2017-09-19,AU,279.65,280.3,278.85,279.8,146266,320598,0.0,0.0
2017-09-20,AU,279.65,280.35,279.45,280.05,93828,319206,0.0,0.0
2017-09-21,AU,280.05,280.95,277.5,277.5,196020,315744,0.0,0.0
2017-09-22,AU,276.7,278.0,276.55,277.95,152812,303544,0.0,0.0
2017-09-25,AU,277.2,277.85,277.0,277.6,101102,305276,0.0,0.0
2017-09-26,AU,278.0,282.15,277.75,281.8,209918,298340,0.0,0.0
2017-09-27,AU,280.15,281.2,279.05,279.2,177298,302816,0.0,0.0
2017-09-28,AU,278.55,278.95,277.35,277.7,157036,289274,0.0,0.0
2017-09-29,AU,278.05,279.05,277.75,278.9,99056,286592,0.0,0.0
2017-10-09,AU,278.1,278.1,278.1,278.1,6,2,0.0,0.0
2017-10-10,AU,276.65,277.3,276.4,276.65,89448,297970,0.0,0.0
2017-10-11,AU,276.65,277.3,275.85,276.1,102690,301148,0.0,0.0
2017-10-12,AU,276.35,277.5,275.5,277.1,106566,301212,0.0,0.0
2017-10-13,AU,276.75,277.5,276.3,277.2,81608,298044,0.0,0.0
2017-10-16,AU,277.75,278.85,277.3,278.7,122152,296106,0.0,0.0
2017-10-17,AU,279.0,279.05,277.0,277.25,132882,283332,0.0,0.0
2017-10-18,AU,276.75,276.95,276.1,276.15,109406,278086,0.0,0.0
2017-10-19,AU,275.95,276.45,275.2,275.7,108490,269550,0.0,0.0
2017-10-20,AU,276.2,276.9,275.8,276.05,116690,265528,0.0,0.0
2017-10-23,AU,276.0,276.05,274.8,274.9,123402,262902,0.0,0.0
2017-10-24,AU,274.7,276.25,274.45,275.8,102460,256802,0.0,0.0
2017-10-25,AU,275.35,275.45,274.5,274.55,105748,250284,0.0,0.0
2017-10-26,AU,274.4,275.85,274.4,275.8,127364,244458,0.0,0.0
2017-10-27,AU,275.2,275.65,273.65,273.95,146570,237496,0.0,0.0
2017-10-30,AU,273.65,274.8,273.65,274.3,132546,220844,0.0,0.0
2017-10-31,AU,274.25,275.15,274.15,274.5,129702,197174,0.0,0.0
2017-11-01,AU,273.9,274.15,273.1,273.9,107352,184966,0.0,0.0
2017-11-02,AU,273.8,274.2,273.0,274.0,82780,180296,0.0,0.0
2017-11-03,AU,273.7,274.8,273.5,274.0,81612,180534,0.0,0.0
2017-11-06,AU,274.1,274.65,272.8,273.4,95554,174718,0.0,0.0
2017-11-07,AU,273.75,275.4,273.55,274.75,81728,163132,0.0,0.0
2017-11-08,AU,274.8,275.05,273.9,274.8,63420,160210,0.0,0.0
2017-11-09,AU,275.1,276.15,275.05,275.75,82990,144354,0.0,0.0
2017-11-10,AU,280.9,281.2,280.3,280.85,58324,161310,0.0,0.0
2017-11-13,AU,281.1,281.15,279.3,279.65,43774,160978,0.0,0.0
2017-11-14,AU,279.8,280.15,279.2,279.3,36148,163660,0.0,0.0
2017-11-15,AU,278.85,280.3,278.25,279.8,82062,167836,0.0,0.0
2017-11-16,AU,280.2,280.65,278.85,279.15,109230,170206,0.0,0.0
2017-11-17,AU,279.35,280.1,279.05,280.1,83458,177048,0.0,0.0
2017-11-20,AU,280.0,284.15,279.9,281.65,124816,198364,0.0,0.0
2017-11-21,AU,281.6,282.0,279.1,279.9,125686,194856,0.0,0.0
2017-11-22,AU,279.35,280.6,279.25,279.95,98470,197390,0.0,0.0
2017-11-23,AU,280.15,280.95,279.85,280.1,92712,200858,0.0,0.0
2017-11-24,AU,280.15,280.45,279.5,280.45,61598,203922,0.0,0.0
2017-11-27,AU,280.05,280.5,279.65,280.45,75548,208924,0.0,0.0
2017-11-28,AU,281.25,282.4,281.0,281.55,141338,234998,0.0,0.0
2017-11-29,AU,281.75,282.05,280.65,281.75,89514,235040,0.0,0.0
2017-11-30,AU,281.55,281.6,279.3,279.55,160322,219304,0.0,0.0
2017-12-01,AU,279.35,279.35,277.4,277.75,116132,223136,0.0,0.0
2017-12-04,AU,277.6,279.95,276.7,277.55,158454,228100,0.0,0.0
2017-12-05,AU,277.3,278.3,277.25,277.7,77562,232240,0.0,0.0
2017-12-06,AU,277.55,277.7,275.1,276.05,151124,239546,0.0,0.0
2017-12-07,AU,275.85,276.35,273.45,274.15,128306,251254,0.0,0.0
2017-12-08,AU,273.65,273.95,272.05,272.35,115350,264838,0.0,0.0
2017-12-11,AU,272.25,273.2,271.5,272.55,112536,265648,0.0,0.0
2017-12-12,AU,272.9,272.9,271.25,271.9,77378,269106,0.0,0.0
2017-12-13,AU,271.6,272.05,270.9,271.85,77742,267944,0.0,0.0
2017-12-14,AU,271.75,275.15,271.6,274.25,148848,262238,0.0,0.0
2017-12-15,AU,274.1,274.6,273.5,274.25,84622,264592,0.0,0.0
2017-12-18,AU,274.75,275.3,273.7,274.4,110138,265180,0.0,0.0
2017-12-19,AU,274.95,275.9,274.45,275.55,107556,264386,0.0,0.0
2017-12-20,AU,275.35,275.5,274.8,274.95,73426,262544,0.0,0.0
2017-12-21,AU,275.15,275.3,274.35,274.7,87822,265840,0.0,0.0
2017-12-22,AU,274.5,275.05,274.25,274.9,64172,266088,0.0,0.0
2017-12-25,AU,275.25,276.75,274.9,276.6,85190,262910,0.0,0.0
2017-12-26,AU,276.45,276.6,275.6,276.5,41718,262238,0.0,0.0
2017-12-27,AU,276.5,277.2,276.3,277.15,71938,255188,0.0,0.0
2017-12-28,AU,277.45,278.55,277.35,278.05,75412,253730,0.0,0.0
2017-12-29,AU,278.0,278.3,277.45,277.8,70460,247600,0.0,0.0
2018-01-02,AU,279.55,279.9,278.95,279.4,54760,255972,0.0,0.0
2018-01-03,AU,279.8,281.45,279.45,280.35,120498,269758,0.0,0.0
2018-01-04,AU,280.25,280.5,278.35,279.0,115606,268078,0.0,0.0
2018-01-05,AU,279.3,280.5,278.4,279.85,131968,271418,0.0,0.0
2018-01-08,AU,279.55,280.8,279.05,280.2,122670,265332,0.0,0.0
2018-01-09,AU,280.35,281.0,280.0,280.55,97146,269750,0.0,0.0
2018-01-10,AU,280.6,280.85,279.75,279.95,100630,275136,0.0,0.0
2018-01-11,AU,281.7,281.85,280.5,280.85,107986,277640,0.0,0.0
2018-01-12,AU,280.95,281.8,280.55,281.55,107150,281512,0.0,0.0
2018-01-15,AU,281.7,282.6,280.05,282.05,154100,281200,0.0,0.0
2018-01-16,AU,282.25,282.35,281.65,281.85,59212,280918,0.0,0.0
2018-01-17,AU,281.05,281.9,280.55,280.8,120036,277878,0.0,0.0
2018-01-18,AU,280.95,281.0,278.65,279.25,120704,275960,0.0,0.0
2018-01-19,AU,278.8,279.4,277.9,278.35,123998,275066,0.0,0.0
2018-01-22,AU,278.9,279.15,278.45,278.5,91784,274708,0.0,0.0
2018-01-23,AU,278.9,279.6,278.6,279.4,106384,282894,0.0,0.0
2018-01-24,AU,279.65,280.7,279.15,280.7,129994,289142,0.0,0.0
2018-01-25,AU,281.25,282.05,280.75,281.75,147606,289750,0.0,0.0
2018-01-26,AU,280.65,281.25,279.15,279.95,160632,289436,0.0,0.0
2018-01-29,AU,279.4,280.0,278.55,278.7,116526,295796,0.0,0.0
2018-01-30,AU,278.25,278.75,276.2,276.35,142162,298672,0.0,0.0
2018-01-31,AU,277.55,278.05,276.45,276.6,130220,294800,0.0,0.0
2018-02-01,AU,276.1,276.8,275.6,276.05,107992,291744,0.0,0.0
2018-02-02,AU,275.85,276.85,275.6,276.4,95114,295254,0.0,0.0
2018-02-05,AU,276.15,276.5,273.75,274.0,179670,302310,0.0,0.0
2018-02-06,AU,274.3,277.4,273.8,276.0,165138,308226,0.0,0.0
2018-02-07,AU,274.95,274.95,271.65,272.3,173706,308076,0.0,0.0
2018-02-08,AU,271.65,272.15,270.35,271.7,169214,312778,0.0,0.0
2018-02-09,AU,272.3,274.5,271.8,273.05,153838,314210,0.0,0.0
2018-02-12,AU,271.85,273.1,270.85,272.9,165634,319818,0.0,0.0
2018-02-13,AU,272.7,274.3,272.65,274.25,106204,315230,0.0,0.0
2018-02-14,AU,274.65,276.15,273.55,276.1,101596,307424,0.0,0.0
2018-02-22,AU,274.7,274.8,273.3,273.65,69122,313768,0.0,0.0
2018-02-23,AU,274.0,275.0,274.0,274.6,89858,321220,0.0,0.0
2018-02-26,AU,275.05,275.95,274.1,275.85,105090,328434,0.0,0.0
2018-02-27,AU,275.25,275.6,274.05,274.4,109948,324142,0.0,0.0
2018-02-28,AU,274.35,274.4,271.7,272.05,164380,328194,0.0,0.0
2018-03-01,AU,272.35,272.75,271.35,271.7,96650,330226,0.0,0.0
2018-03-02,AU,270.95,273.05,270.7,272.7,176954,336474,0.0,0.0
2018-03-05,AU,273.3,273.9,272.45,273.65,128004,333908,0.0,0.0
2018-03-06,AU,273.35,273.5,272.35,273.3,81380,334266,0.0,0.0
2018-03-07,AU,273.7,275.3,273.6,274.5,159050,328022,0.0,0.0
2018-03-08,AU,274.0,274.35,273.15,274.0,130368,333818,0.0,0.0
2018-03-09,AU,273.75,274.15,272.35,272.55,119300,334198,0.0,0.0
2018-03-12,AU,272.4,273.25,271.45,272.5,155822,331402,0.0,0.0
2018-03-13,AU,271.8,272.9,271.65,272.3,91312,336476,0.0,0.0
2018-03-14,AU,273.0,273.6,271.9,272.75,144588,334406,0.0,0.0
2018-03-15,AU,272.2,272.85,272.0,272.5,86940,334692,0.0,0.0
2018-03-16,AU,271.75,271.9,270.9,271.35,112028,335706,0.0,0.0
2018-03-19,AU,271.5,271.6,269.65,270.05,133874,339980,0.0,0.0
2018-03-20,AU,270.55,271.5,270.3,271.2,94422,339400,0.0,0.0
2018-03-21,AU,270.45,271.3,269.9,271.15,104436,338814,0.0,0.0
2018-03-22,AU,271.6,274.25,271.55,273.5,214702,336210,0.0,0.0
2018-03-23,AU,274.2,276.55,273.3,276.5,222076,338094,0.0,0.0
2018-03-26,AU,276.9,277.25,275.85,276.15,176800,332560,0.0,0.0
2018-03-27,AU,275.45,276.65,275.35,275.8,132922,330844,0.0,0.0
2018-03-28,AU,274.3,275.15,273.95,274.2,137984,325736,0.0,0.0
2018-03-29,AU,273.45,273.7,270.95,271.05,197124,316296,0.0,0.0
2018-03-30,AU,271.0,271.6,270.85,271.55,77390,316812,0.0,0.0
2018-04-02,AU,271.65,272.35,271.3,271.75,73540,315638,0.0,0.0
2018-04-03,AU,272.5,274.6,272.3,273.75,159884,309224,0.0,0.0
2018-04-04,AU,273.35,273.5,271.6,273.4,139306,308904,0.0,0.0
2018-04-09,AU,273.0,273.2,272.4,272.55,63718,309468,0.0,0.0
2018-04-10,AU,273.35,274.15,272.4,272.7,119642,309026,0.0,0.0
2018-04-11,AU,273.35,274.35,272.75,274.3,144666,317112,0.0,0.0
2018-04-12,AU,275.9,276.8,274.35,275.2,281170,313048,0.0,0.0
2018-04-13,AU,274.4,274.65,272.65,273.15,170916,305098,0.0,0.0
2018-04-16,AU,273.2,274.9,272.9,274.25,175852,306138,0.0,0.0
2018-04-17,AU,274.25,274.85,273.85,274.65,109886,304832,0.0,0.0
2018-04-18,AU,273.15,274.75,273.05,274.5,123876,298582,0.0,0.0
2018-04-19,AU,275.6,275.8,274.55,275.2,155956,296316,0.0,0.0
2018-04-20,AU,274.35,274.75,273.5,273.85,142614,293800,0.0,0.0
2018-04-23,AU,273.65,273.65,272.0,272.55,185234,274708,0.0,0.0
2018-04-24,AU,271.5,272.2,271.05,271.85,154496,254386,0.0,0.0
2018-04-25,AU,271.65,272.65,271.5,271.6,134470,239004,0.0,0.0
2018-04-26,AU,271.3,272.05,271.2,271.9,112116,216630,0.0,0.0
2018-04-27,AU,271.6,271.75,270.65,271.15,167128,188628,0.0,0.0
2018-05-02,AU,269.35,270.55,268.6,270.4,80522,164692,0.0,0.0
2018-05-03,AU,273.8,274.9,273.35,274.15,98418,234414,0.0,0.0
2018-05-04,AU,275.05,275.15,274.05,274.3,89614,265590,0.0,0.0
2018-05-07,AU,275.0,275.75,274.35,275.15,94876,276690,0.0,0.0
2018-05-08,AU,275.25,275.45,274.75,274.95,89848,286166,0.0,0.0
2018-05-09,AU,274.9,275.1,274.5,274.6,145340,293528,0.0,0.0
2018-05-10,AU,275.1,275.55,274.65,274.8,112892,293762,0.0,0.0
2018-05-11,AU,275.7,275.75,274.75,275.2,98314,295562,0.0,0.0
2018-05-14,AU,275.7,275.7,275.0,275.15,68000,298542,0.0,0.0
2018-05-15,AU,275.0,275.2,273.6,273.8,84694,305570,0.0,0.0
2018-05-16,AU,272.0,272.05,270.55,271.25,143926,312868,0.0,0.0
2018-05-17,AU,270.1,270.8,269.75,269.85,112742,319894,0.0,0.0
2018-05-18,AU,270.0,270.45,269.9,270.3,87276,321724,0.0,0.0
2018-05-21,AU,270.05,271.15,269.45,269.5,131962,326826,0.0,0.0
2018-05-22,AU,270.15,270.8,270.0,270.25,101034,325632,0.0,0.0
2018-05-23,AU,270.8,270.85,270.2,270.5,105426,331526,0.0,0.0
2018-05-24,AU,271.15,272.3,270.65,272.25,150568,335882,0.0,0.0
2018-05-25,AU,272.6,273.85,272.25,273.55,137342,332452,0.0,0.0
2018-05-28,AU,274.1,274.3,272.15,272.35,126806,330022,0.0,0.0
2018-05-29,AU,273.0,273.65,272.65,273.25,82968,334188,0.0,0.0
2018-05-30,AU,273.5,274.95,272.8,274.15,183800,339926,0.0,0.0
2018-05-31,AU,274.4,274.55,273.8,274.5,93610,336208,0.0,0.0
2018-06-01,AU,274.1,275.0,273.3,273.85,122792,336106,0.0,0.0
2018-06-04,AU,272.65,273.65,272.3,272.4,103898,338088,0.0,0.0
2018-06-05,AU,273.0,273.0,271.65,271.9,84728,343162,0.0,0.0
2018-06-06,AU,272.0,273.35,271.7,272.4,109980,345328,0.0,0.0
2018-06-07,AU,272.4,272.85,271.8,272.15,79982,344840,0.0,0.0
2018-06-08,AU,272.7,272.75,271.8,272.1,106106,348568,0.0,0.0
2018-06-11,AU,272.65,273.35,272.35,272.7,111914,356314,0.0,0.0
2018-06-12,AU,272.8,273.45,272.2,272.4,104024,357462,0.0,0.0
2018-06-13,AU,272.0,272.9,271.95,272.1,79628,360928,0.0,0.0
2018-06-14,AU,272.2,273.35,271.95,273.35,126162,364768,0.0,0.0
2018-06-15,AU,274.3,274.4,273.3,273.65,133752,363320,0.0,0.0
2018-06-19,AU,271.0,271.5,270.75,271.4,87632,367284,0.0,0.0
2018-06-20,AU,270.7,271.4,270.15,270.2,108996,366686,0.0,0.0
2018-06-21,AU,270.55,270.85,269.1,269.45,119712,375180,0.0,0.0
2018-06-22,AU,269.6,270.65,269.4,270.55,90424,370930,0.0,0.0
2018-06-25,AU,270.4,271.7,270.15,271.15,130972,365634,0.0,0.0
2018-06-26,AU,271.4,272.0,271.2,271.25,98760,365216,0.0,0.0
2018-06-27,AU,270.95,271.75,270.85,271.6,111946,362252,0.0,0.0
2018-06-28,AU,271.5,271.9,270.9,270.9,90456,361900,0.0,0.0
2018-06-29,AU,271.5,271.75,270.75,271.4,97584,363826,0.0,0.0
2018-07-02,AU,271.4,272.45,271.0,272.1,94590,361072,0.0,0.0
2018-07-03,AU,272.95,273.0,271.3,271.9,123536,352038,0.0,0.0
2018-07-04,AU,272.2,273.7,272.1,272.65,145476,351972,0.0,0.0
2018-07-05,AU,272.5,273.3,272.3,272.75,89982,343862,0.0,0.0
2018-07-06,AU,272.7,273.55,272.4,273.25,108998,346630,0.0,0.0
2018-07-09,AU,273.0,273.4,272.7,273.1,88894,344640,0.0,0.0
2018-07-10,AU,273.2,273.3,271.55,272.0,95614,344388,0.0,0.0
2018-07-11,AU,272.15,273.05,271.85,272.85,101934,344000,0.0,0.0
2018-07-12,AU,273.1,273.3,271.75,271.9,94882,341722,0.0,0.0
2018-07-13,AU,271.8,272.35,271.6,271.7,68156,339684,0.0,0.0
2018-07-16,AU,272.1,272.45,271.7,272.05,69242,337846,0.0,0.0
2018-07-17,AU,271.55,271.75,270.75,271.55,99132,338666,0.0,0.0
2018-07-18,AU,271.25,271.4,268.6,269.05,181010,351572,0.0,0.0
2018-07-19,AU,269.5,270.35,269.2,270.3,105332,351492,0.0,0.0
2018-07-20,AU,269.3,271.1,269.2,270.65,132416,346960,0.0,0.0
2018-07-23,AU,271.5,272.3,271.45,271.9,107080,342204,0.0,0.0
2018-07-24,AU,272.1,272.2,271.5,271.7,104896,336680,0.0,0.0
2018-07-25,AU,272.05,272.2,271.5,271.7,75446,333878,0.0,0.0
2018-07-26,AU,271.75,272.1,271.3,272.1,94872,336058,0.0,0.0
2018-07-27,AU,271.65,272.1,271.3,271.5,88686,330526,0.0,0.0
2018-07-30,AU,271.85,272.05,271.4,271.55,77966,329178,0.0,0.0
2018-07-31,AU,271.7,271.9,271.3,271.65,67996,328600,0.0,0.0
2018-08-01,AU,271.35,271.55,270.15,271.45,122992,323160,0.0,0.0
2018-08-02,AU,270.85,271.55,270.5,270.75,93806,321780,0.0,0.0
2018-08-03,AU,271.3,271.4,269.9,270.2,86800,327244,0.0,0.0
2018-08-06,AU,270.25,271.2,270.0,270.25,109278,326716,0.0,0.0
2018-08-07,AU,269.6,270.55,269.55,270.1,74168,326570,0.0,0.0
2018-08-08,AU,269.7,269.85,268.3,269.5,112194,327808,0.0,0.0
2018-08-09,AU,269.0,269.65,268.6,269.55,87262,325766,0.0,0.0
2018-08-10,AU,269.35,269.75,269.1,269.4,81740,324408,0.0,0.0
2018-08-13,AU,270.15,270.7,269.95,270.1,113674,321382,0.0,0.0
2018-08-14,AU,269.05,269.15,267.5,267.65,148122,328546,0.0,0.0
2018-08-15,AU,268.0,268.4,267.0,267.4,97428,330308,0.0,0.0
2018-08-16,AU,267.25,267.45,262.7,264.0,237028,331350,0.0,0.0
2018-08-17,AU,264.0,264.65,263.25,263.4,130468,328950,0.0,0.0
2018-08-20,AU,263.55,265.15,263.4,265.15,91574,328496,0.0,0.0
2018-08-21,AU,265.1,266.45,264.8,266.35,94642,327710,0.0,0.0
2018-08-22,AU,265.9,266.55,265.0,266.25,103968,329224,0.0,0.0
2018-08-23,AU,267.0,267.2,266.15,266.2,89684,328654,0.0,0.0
2018-08-24,AU,266.7,266.8,265.55,266.3,82384,326320,0.0,0.0
2018-08-27,AU,265.9,267.65,265.8,267.45,125174,327476,0.0,0.0
2018-08-28,AU,267.5,268.35,267.25,268.3,79354,327890,0.0,0.0
2018-08-29,AU,268.05,268.15,266.05,267.05,93472,322534,0.0,0.0
2018-08-30,AU,267.5,267.85,267.05,267.45,77472,324556,0.0,0.0
2018-08-31,AU,268.05,268.1,266.6,267.8,111716,324340,0.0,0.0
2018-09-03,AU,267.8,267.8,266.55,266.6,89258,322964,0.0,0.0
2018-09-04,AU,266.65,266.9,265.5,265.6,66944,324102,0.0,0.0
2018-09-05,AU,265.8,265.85,265.05,265.6,88146,323638,0.0,0.0
2018-09-06,AU,266.05,266.75,265.65,266.4,83454,326196,0.0,0.0
2018-09-07,AU,267.25,267.6,266.5,267.2,113874,325930,0.0,0.0
2018-09-10,AU,266.5,267.0,266.0,266.25,100898,325640,0.0,0.0
2018-09-11,AU,266.55,267.1,266.5,267.0,67076,326742,0.0,0.0
2018-09-12,AU,266.05,267.55,265.75,266.8,99166,328944,0.0,0.0
2018-09-13,AU,266.85,268.2,266.7,268.1,116310,327278,0.0,0.0
2018-09-14,AU,268.35,269.05,267.1,268.65,142808,324634,0.0,0.0
2018-09-17,AU,268.15,268.15,267.1,267.35,105902,322062,0.0,0.0
2018-09-18,AU,267.8,268.5,267.6,267.65,91380,322214,0.0,0.0
2018-09-19,AU,268.25,268.45,267.2,267.95,77474,317102,0.0,0.0
2018-09-20,AU,268.5,268.6,267.75,268.2,87642,315952,0.0,0.0
2018-09-21,AU,268.45,269.35,267.95,269.05,95930,315608,0.0,0.0
2018-09-25,AU,267.9,268.0,267.35,267.95,56136,310406,0.0,0.0
2018-09-26,AU,268.2,268.7,268.0,268.35,70508,307950,0.0,0.0
2018-09-27,AU,267.65,268.5,267.15,267.4,107108,295658,0.0,0.0
2018-09-28,AU,266.2,266.2,264.85,264.9,132906,299278,0.0,0.0
2018-10-08,AU,269.7,269.95,268.0,268.65,77522,295844,0.0,0.0
2018-10-09,AU,267.4,268.25,267.2,267.9,106262,295220,0.0,0.0
2018-10-10,AU,267.55,268.2,267.2,267.9,99802,296092,0.0,0.0
2018-10-11,AU,267.7,269.45,267.5,269.45,152014,304486,0.0,0.0
2018-10-12,AU,271.3,273.8,270.5,272.85,292244,303616,0.0,0.0
2018-10-15,AU,273.45,275.35,273.15,275.35,171490,305708,0.0,0.0
2018-10-16,AU,276.0,276.15,274.75,275.25,154004,299494,0.0,0.0
2018-10-17,AU,275.65,276.0,274.15,274.5,123992,286064,0.0,0.0
2018-10-18,AU,275.2,275.8,274.35,274.75,135758,281456,0.0,0.0
2018-10-19,AU,275.4,277.2,275.1,276.05,185180,282884,0.0,0.0
2018-10-22,AU,276.2,276.35,275.6,275.85,110412,272184,0.0,0.0
2018-10-23,AU,275.65,277.0,275.0,276.95,139484,270766,0.0,0.0
2018-10-24,AU,278.55,279.3,277.05,277.15,199308,260684,0.0,0.0
2018-10-25,AU,276.8,279.25,276.75,278.5,175852,261378,0.0,0.0
2018-10-26,AU,278.0,278.6,277.1,278.3,148646,255512,0.0,0.0
2018-10-29,AU,278.4,280.45,277.85,277.85,256378,243482,0.0,0.0
2018-10-30,AU,277.85,278.2,276.4,277.25,153456,231564,0.0,0.0
2018-10-31,AU,276.15,277.1,274.85,274.9,192764,204490,0.0,0.0
2018-11-01,AU,274.8,275.4,273.75,275.3,135758,183808,0.0,0.0
2018-11-02,AU,276.0,276.3,275.25,275.4,156600,170376,0.0,0.0
2018-11-05,AU,274.95,275.95,274.55,275.6,96254,161984,0.0,0.0
2018-11-06,AU,275.35,276.45,275.3,275.85,85740,154210,0.0,0.0
2018-11-07,AU,276.5,276.7,274.9,275.9,104606,145810,0.0,0.0
2018-11-08,AU,280.5,280.55,279.2,279.4,58390,153170,0.0,0.0
2018-11-09,AU,279.4,279.75,278.6,278.7,65422,158670,0.0,0.0
2018-11-12,AU,278.8,278.8,276.4,276.55,119420,165534,0.0,0.0
2018-11-13,AU,276.5,276.6,275.35,275.45,96610,174342,0.0,0.0
2018-11-14,AU,275.1,275.85,274.95,275.5,115628,175884,0.0,0.0
2018-11-15,AU,275.15,277.1,274.55,277.05,108868,176682,0.0,0.0
2018-11-16,AU,276.65,277.55,276.05,277.5,124384,180530,0.0,0.0
2018-11-19,AU,277.75,279.0,277.7,278.25,148594,179998,0.0,0.0
2018-11-20,AU,278.5,279.4,278.45,279.3,102492,181606,0.0,0.0
2018-11-21,AU,279.9,280.35,278.75,279.0,124620,183092,0.0,0.0
2018-11-22,AU,279.2,280.15,278.7,279.65,103356,189156,0.0,0.0
2018-11-23,AU,279.9,280.1,279.5,279.65,64856,189188,0.0,0.0
2018-11-26,AU,279.25,279.8,278.8,279.5,103560,189378,0.0,0.0
2018-11-27,AU,279.55,279.75,278.75,278.9,87732,190296,0.0,0.0
2018-11-28,AU,279.35,279.65,277.25,277.55,146380,190172,0.0,0.0
2018-11-29,AU,277.45,279.7,277.1,279.55,153582,191218,0.0,0.0
2018-11-30,AU,279.9,280.2,279.2,279.45,107410,195186,0.0,0.0
2018-12-03,AU,279.0,279.45,278.2,278.35,156940,199242,0.0,0.0
2018-12-04,AU,278.6,279.45,278.3,278.35,150018,201314,0.0,0.0
2018-12-05,AU,278.55,279.3,278.1,278.9,107694,203354,0.0,0.0
2018-12-06,AU,279.0,280.55,278.75,279.9,147522,221702,0.0,0.0
2018-12-07,AU,279.95,281.4,279.85,280.25,173004,223782,0.0,0.0
2018-12-10,AU,280.8,283.15,280.4,283.1,235966,256096,0.0,0.0
2018-12-11,AU,282.65,283.1,282.2,282.65,124962,252018,0.0,0.0
2018-12-12,AU,282.3,282.45,281.1,281.2,122580,243264,0.0,0.0
2018-12-13,AU,281.4,281.85,280.55,280.8,94850,240564,0.0,0.0
2018-12-14,AU,280.5,281.05,280.1,280.35,96230,234402,0.0,0.0
2018-12-17,AU,280.25,280.85,279.7,280.2,99312,235298,0.0,0.0
2018-12-18,AU,280.6,282.4,280.55,281.9,100036,239150,0.0,0.0
2018-12-19,AU,281.95,282.8,281.85,282.55,98696,245630,0.0,0.0
2018-12-20,AU,282.3,284.35,281.65,282.15,216128,253774,0.0,0.0
2018-12-21,AU,283.4,285.75,283.1,284.8,204216,263324,0.0,0.0
2018-12-24,AU,285.05,286.0,284.1,285.45,148724,261206,0.0,0.0
2018-12-25,AU,285.6,287.7,285.3,287.1,136042,264890,0.0,0.0
2018-12-26,AU,287.05,287.6,285.9,287.5,90834,263458,0.0,0.0
2018-12-27,AU,287.0,287.95,285.8,286.3,192058,253368,0.0,0.0
2018-12-28,AU,286.95,287.9,286.3,287.85,171054,251488,0.0,0.0
2019-01-02,AU,287.55,288.7,287.15,288.3,91402,254696,0.0,0.0
2019-01-03,AU,288.45,290.75,287.9,290.7,198374,264896,0.0,0.0
2019-01-04,AU,289.95,291.6,289.35,290.55,217562,265072,0.0,0.0
2019-01-07,AU,290.0,290.15,286.9,288.65,280434,259102,0.0,0.0
2019-01-08,AU,289.0,289.7,286.9,287.25,193804,262000,0.0,0.0
2019-01-09,AU,286.95,287.65,285.85,286.2,184668,264048,0.0,0.0
2019-01-10,AU,285.7,287.85,285.6,286.9,223516,275262,0.0,0.0
2019-01-11,AU,286.35,286.45,284.55,284.95,204814,279370,0.0,0.0
2019-01-14,AU,284.95,285.45,283.8,285.05,171396,284726,0.0,0.0
2019-01-15,AU,285.65,285.95,284.15,284.3,168666,286962,0.0,0.0
2019-01-16,AU,284.75,285.5,284.25,284.6,159836,297494,0.0,0.0
2019-01-17,AU,284.3,285.25,284.2,285.1,120016,304476,0.0,0.0
2019-01-18,AU,285.55,285.65,284.7,285.05,147008,309930,0.0,0.0
2019-01-21,AU,284.15,284.2,282.7,283.2,193586,308690,0.0,0.0
2019-01-22,AU,282.55,283.45,282.3,283.25,124106,306182,0.0,0.0
2019-01-23,AU,283.9,284.65,283.3,283.6,138716,306032,0.0,0.0
2019-01-24,AU,283.9,284.1,282.9,283.3,137742,303132,0.0,0.0
2019-01-25,AU,283.0,283.85,282.65,282.9,142372,304550,0.0,0.0
2019-01-28,AU,283.05,285.95,282.75,285.6,223994,312142,0.0,0.0
2019-01-29,AU,285.45,286.75,285.0,286.6,164764,305716,0.0,0.0
2019-01-30,AU,287.25,287.95,286.7,287.55,207730,310816,0.0,0.0
2019-01-31,AU,287.0,288.0,286.35,287.85,153858,297038,0.0,0.0
2019-02-01,AU,288.4,289.3,287.8,289.2,150578,292324,0.0,0.0
2019-02-11,AU,288.6,289.2,288.15,288.75,87420,296758,0.0,0.0
2019-02-12,AU,288.15,289.15,287.85,288.85,130022,300710,0.0,0.0
2019-02-13,AU,289.0,289.3,287.9,288.25,121432,302158,0.0,0.0
2019-02-14,AU,287.85,289.75,287.5,287.6,171608,304386,0.0,0.0
2019-02-15,AU,287.05,289.7,287.05,289.6,188342,315622,0.0,0.0
2019-02-18,AU,289.8,291.2,289.2,290.95,182550,328372,0.0,0.0
2019-02-19,AU,291.5,292.1,291.1,291.35,106198,329976,0.0,0.0
2019-02-20,AU,292.6,294.25,292.5,293.35,187480,335852,0.0,0.0
2019-02-21,AU,293.5,293.95,291.4,291.5,163306,333688,0.0,0.0
2019-02-22,AU,291.25,291.9,289.35,289.6,160092,325464,0.0,0.0
2019-02-25,AU,289.05,290.75,288.65,289.3,179152,320880,0.0,0.0
2019-02-26,AU,289.1,289.55,287.95,289.0,152828,319390,0.0,0.0
2019-02-27,AU,288.2,289.2,288.1,288.65,119290,315712,0.0,0.0
2019-02-28,AU,288.15,288.85,285.9,286.85,173762,310530,0.0,0.0
2019-03-01,AU,287.7,288.0,285.55,285.85,179312,308794,0.0,0.0
2019-03-04,AU,285.0,286.15,281.45,281.8,275324,308826,0.0,0.0
2019-03-05,AU,280.45,281.6,280.1,280.8,161400,310166,0.0,0.0
2019-03-06,AU,280.75,282.35,280.0,282.35,177812,313180,0.0,0.0
2019-03-07,AU,281.5,282.0,280.75,280.9,145488,312876,0.0,0.0
2019-03-08,AU,281.6,283.75,280.75,283.55,203048,324006,0.0,0.0
2019-03-11,AU,283.7,285.5,283.35,284.75,207238,325180,0.0,0.0
2019-03-12,AU,284.35,284.65,283.2,284.2,158734,321462,0.0,0.0
2019-03-13,AU,284.45,285.75,283.75,285.65,131632,324048,0.0,0.0
2019-03-14,AU,285.9,286.4,285.0,285.1,146008,322946,0.0,0.0
2019-03-15,AU,284.35,285.3,282.95,284.9,207268,318490,0.0,0.0
2019-03-18,AU,284.95,285.55,283.95,285.2,138202,318934,0.0,0.0
2019-03-19,AU,285.75,286.3,285.0,285.95,135022,319634,0.0,0.0
2019-03-20,AU,286.25,286.8,285.3,285.55,121822,319172,0.0,0.0
2019-03-21,AU,285.6,287.55,283.9,287.4,225440,319406,0.0,0.0
2019-03-22,AU,287.5,287.6,285.3,286.35,177166,320804,0.0,0.0
2019-03-25,AU,286.85,288.1,286.4,288.05,175704,324094,0.0,0.0
2019-03-26,AU,288.6,289.5,288.1,288.3,166586,327326,0.0,0.0
2019-03-27,AU,288.1,288.7,287.6,288.25,157278,326820,0.0,0.0
2019-03-28,AU,288.25,288.55,286.95,287.45,203166,318474,0.0,0.0
2019-03-29,AU,285.8,285.8,281.85,282.0,345786,293466,0.0,0.0
2019-04-01,AU,283.6,284.0,281.9,282.1,208964,294862,0.0,0.0
2019-04-02,AU,283.75,283.75,282.1,282.15,155618,299452,0.0,0.0
2019-04-03,AU,282.7,283.35,282.5,282.9,143928,296286,0.0,0.0
2019-04-04,AU,282.85,283.15,282.0,282.95,145032,288068,0.0,0.0
2019-04-08,AU,283.0,284.3,283.0,284.15,80336,286980,0.0,0.0
2019-04-09,AU,285.2,285.35,283.7,284.4,134752,286894,0.0,0.0
2019-04-10,AU,285.4,285.85,284.9,285.8,149918,281210,0.0,0.0
2019-04-11,AU,285.5,286.9,285.35,286.15,160374,288986,0.0,0.0
2019-04-12,AU,284.0,284.7,282.9,283.3,198178,276936,0.0,0.0
2019-04-15,AU,282.55,283.45,281.6,281.75,160802,277430,0.0,0.0
2019-04-16,AU,281.25,282.2,280.9,281.5,123516,277222,0.0,0.0
2019-04-17,AU,280.45,280.55,279.65,280.0,191974,278806,0.0,0.0
2019-04-18,AU,279.5,279.65,277.8,278.2,144252,277184,0.0,0.0
2019-04-19,AU,278.85,279.85,278.7,279.5,108638,267830,0.0,0.0
2019-04-23,AU,280.3,280.55,278.9,279.0,114824,255178,0.0,0.0
2019-04-24,AU,278.3,279.6,277.9,278.85,146590,243696,0.0,0.0
2019-04-25,AU,279.45,280.9,278.75,280.4,153468,236054,0.0,0.0
2019-04-26,AU,281.05,281.95,280.6,281.45,171400,216692,0.0,0.0
2019-04-29,AU,281.7,282.35,281.3,281.3,144702,191132,0.0,0.0
2019-04-30,AU,281.15,281.9,280.35,281.6,118084,170462,0.0,0.0
2019-05-06,AU,284.6,284.75,282.4,282.7,94280,148564,0.0,0.0
2019-05-07,AU,281.65,283.0,281.35,282.4,104218,128894,0.0,0.0
2019-05-08,AU,282.25,284.0,282.1,283.95,108570,111540,0.0,0.0
2019-05-09,AU,284.4,284.75,282.95,284.1,116104,94782,0.0,0.0
2019-05-10,AU,284.6,285.95,284.15,284.45,120938,78934,0.0,0.0
2019-05-13,AU,288.9,289.6,288.15,289.2,152,305696,0.0,0.0
2019-05-14,AU,290.9,293.9,290.9,292.75,226,326770,0.0,0.0
2019-05-15,AU,293.1,293.3,291.0,291.25,172,334372,0.0,0.0
2019-05-16,AU,293.15,293.25,291.6,292.35,156062,338104,0.0,0.0
2019-05-17,AU,291.0,291.85,290.15,291.7,164084,335548,0.0,0.0
2019-05-20,AU,291.1,291.35,289.15,289.4,157110,335976,0.0,0.0
2019-05-21,AU,289.85,290.25,288.65,289.15,129642,337886,0.0,0.0
2019-05-22,AU,288.45,289.1,287.7,288.9,121064,347260,0.0,0.0
2019-05-23,AU,289.2,289.75,288.9,289.35,107242,355696,0.0,0.0
2019-05-24,AU,290.9,291.8,290.55,291.1,182408,360482,0.0,0.0
2019-05-27,AU,291.05,291.45,290.2,291.25,108838,358108,0.0,0.0
2019-05-28,AU,291.1,291.25,290.55,291.0,65916,358546,0.0,0.0
2019-05-29,AU,290.2,291.5,289.55,291.45,144184,366816,0.0,0.0
2019-05-30,AU,291.15,291.55,289.65,290.1,146190,370280,0.0,0.0
2019-05-31,AU,290.7,293.55,290.5,293.45,210680,389780,0.0,0.0
2019-06-03,AU,294.2,297.1,293.8,296.7,244464,402048,0.0,0.0
2019-06-04,AU,297.7,300.1,296.95,299.75,238932,414088,0.0,0.0
2019-06-05,AU,299.1,301.9,298.75,301.7,255926,428600,0.0,0.0
2019-06-06,AU,302.85,303.7,300.25,301.7,314902,426302,0.0,0.0
2019-06-10,AU,302.55,302.6,300.4,300.85,136076,426286,0.0,0.0
2019-06-11,AU,301.05,301.4,299.3,299.55,194824,423948,0.0,0.0
2019-06-12,AU,299.15,303.4,298.65,302.6,294244,439468,0.0,0.0
2019-06-13,AU,302.1,303.25,301.3,303.2,215912,439714,0.0,0.0
2019-06-14,AU,302.5,307.8,302.35,307.75,303908,459468,0.0,0.0
2019-06-17,AU,306.3,307.55,303.45,304.1,384246,451926,0.0,0.0
2019-06-18,AU,304.55,306.65,304.15,306.15,231638,454532,0.0,0.0
2019-06-19,AU,307.3,307.85,302.8,304.3,461924,438130,0.0,0.0
2019-06-20,AU,303.95,313.85,303.55,311.25,462906,446232,0.0,0.0
2019-06-21,AU,310.95,316.5,310.05,313.6,555740,456516,0.0,0.0
2019-06-24,AU,314.45,317.3,312.3,315.8,472448,455814,0.0,0.0
2019-06-25,AU,316.35,323.05,315.7,321.8,618906,469328,0.0,0.0
2019-06-26,AU,320.95,323.25,316.05,316.4,735628,464460,0.0,0.0
2019-06-27,AU,317.0,318.3,315.35,315.6,527472,462088,0.0,0.0
2019-06-28,AU,315.15,320.8,314.1,316.85,570526,469296,0.0,0.0
2019-07-01,AU,317.2,317.4,308.55,308.85,553248,459596,0.0,0.0
2019-07-02,AU,310.8,312.75,309.7,312.05,406836,461428,0.0,0.0
2019-07-03,AU,312.35,323.5,311.75,321.1,833052,466190,0.0,0.0
2019-07-04,AU,319.2,319.85,317.0,317.65,529756,454908,0.0,0.0
2019-07-05,AU,317.6,319.35,317.25,318.0,253758,452788,0.0,0.0
2019-07-08,AU,315.0,316.65,305.5,316.35,657334,441922,0.0,0.0
2019-07-09,AU,315.95,315.95,313.1,313.45,373548,431872,0.0,0.0
2019-07-10,AU,314.15,315.55,312.85,313.2,304398,425536,0.0,0.0
2019-07-11,AU,317.3,320.85,315.5,319.0,523114,441216,0.0,0.0
2019-07-12,AU,317.8,318.15,315.55,316.65,323508,441220,0.0,0.0
2019-07-15,AU,316.35,318.55,316.0,317.75,287420,448860,0.0,0.0
2019-07-16,AU,317.2,318.3,316.4,317.75,254618,449866,0.0,0.0
2019-07-17,AU,317.15,317.8,315.15,315.8,388820,432014,0.0,0.0
2019-07-18,AU,316.1,321.15,316.0,319.1,571732,453470,0.0,0.0
2019-07-19,AU,318.8,324.75,318.35,323.3,510780,467158,0.0,0.0
2019-07-22,AU,322.6,324.6,319.5,320.65,602472,467246,0.0,0.0
2019-07-23,AU,320.65,321.45,317.8,318.7,336826,454470,0.0,0.0
2019-07-24,AU,320.5,321.7,319.05,319.65,352292,452890,0.0,0.0
2019-07-25,AU,320.2,321.15,319.2,320.3,281702,453178,0.0,0.0
2019-07-26,AU,320.05,320.3,317.05,319.1,399032,449482,0.0,0.0
2019-07-29,AU,319.2,320.6,318.75,319.6,331518,449182,0.0,0.0
2019-07-30,AU,319.75,321.1,318.75,320.85,230910,459236,0.0,0.0
2019-07-31,AU,321.05,322.5,320.55,322.25,265788,467768,0.0,0.0
2019-08-01,AU,322.0,322.25,316.25,316.6,533458,434012,0.0,0.0
2019-08-02,AU,316.95,326.6,315.6,324.25,682648,448220,0.0,0.0
2019-08-05,AU,324.45,334.0,323.4,334.0,798694,506224,0.0,0.0
2019-08-06,AU,336.9,339.95,334.35,335.55,816194,472302,0.0,0.0
2019-08-07,AU,336.0,343.3,335.55,341.8,791646,529980,0.0,0.0
2019-08-08,AU,344.6,349.5,342.7,344.35,1077880,520458,0.0,0.0
2019-08-09,AU,343.4,347.75,342.65,345.9,589716,527784,0.0,0.0
2019-08-12,AU,345.6,347.95,343.95,344.25,585598,529336,0.0,0.0
2019-08-13,AU,346.65,352.9,346.1,352.3,706168,577742,0.0,0.0
2019-08-14,AU,351.55,352.0,340.05,342.95,1244366,515656,0.0,0.0
2019-08-15,AU,347.0,350.3,345.45,347.4,1055546,526904,0.0,0.0
2019-08-16,AU,346.9,350.9,346.7,347.75,779522,518900,0.0,0.0
2019-08-19,AU,346.6,348.1,344.85,346.4,722720,521644,0.0,0.0
2019-08-20,AU,344.5,345.85,344.05,344.75,387210,520844,0.0,0.0
2019-08-21,AU,346.3,347.25,345.2,345.35,395370,518140,0.0,0.0
2019-08-22,AU,346.1,347.0,345.55,346.45,304902,522958,0.0,0.0
2019-08-23,AU,345.6,347.45,345.4,346.25,344700,531402,0.0,0.0
2019-08-26,AU,347.5,360.2,347.5,358.25,1147984,539744,0.0,0.0
2019-08-27,AU,355.7,359.25,355.4,358.7,631176,570862,0.0,0.0
2019-08-28,AU,357.7,362.15,357.4,358.85,915220,538322,0.0,0.0
2019-08-29,AU,360.0,363.4,358.35,362.8,673124,609586,0.0,0.0
2019-08-30,AU,359.75,361.35,354.5,356.7,832864,584212,0.0,0.0
2019-09-02,AU,357.0,357.7,353.75,355.8,700888,539112,0.0,0.0
2019-09-03,AU,355.8,359.05,355.75,357.45,392124,541180,0.0,0.0
2019-09-04,AU,358.65,363.85,358.25,359.0,1084804,566860,0.0,0.0
2019-09-05,AU,359.45,362.9,359.05,360.9,736108,580826,0.0,0.0
2019-09-06,AU,358.1,359.15,348.55,349.2,1155934,533758,0.0,0.0
2019-09-09,AU,351.1,354.85,347.0,350.6,1061678,537166,0.0,0.0
2019-09-10,AU,351.4,351.9,343.45,344.85,776900,520694,0.0,0.0
2019-09-11,AU,345.5,347.85,344.3,345.95,632320,514720,0.0,0.0
2019-09-12,AU,345.85,346.65,344.0,346.15,471986,498864,0.0,0.0
2019-09-16,AU,346.2,347.65,345.4,346.25,226262,501570,0.0,0.0
2019-09-17,AU,345.9,346.8,344.05,344.95,387278,501394,0.0,0.0
2019-09-18,AU,346.95,347.8,345.65,346.5,392910,502388,0.0,0.0
2019-09-19,AU,346.9,348.6,343.3,346.0,506858,509122,0.0,0.0
2019-09-20,AU,347.15,347.5,345.7,346.7,282234,508214,0.0,0.0
2019-09-23,AU,346.5,352.1,345.85,350.3,462948,509192,0.0,0.0
2019-09-24,AU,351.65,353.45,351.25,352.05,402674,512140,0.0,0.0
2019-09-25,AU,352.05,355.4,350.35,353.85,583176,513966,0.0,0.0
2019-09-26,AU,353.6,354.45,347.5,349.55,584586,497734,0.0,0.0
2019-09-27,AU,349.0,350.4,345.6,346.35,423570,479086,0.0,0.0
2019-09-30,AU,345.75,348.3,342.85,345.05,493700,463288,0.0,0.0
2019-10-08,AU,343.9,345.8,343.8,344.5,130064,465598,0.0,0.0
2019-10-09,AU,348.1,349.9,347.35,349.5,396842,475860,0.0,0.0
2019-10-10,AU,348.45,350.0,346.6,347.7,374118,470308,0.0,0.0
2019-10-11,AU,347.3,347.7,343.45,345.85,400130,475936,0.0,0.0
2019-10-14,AU,341.85,342.85,338.55,340.7,613868,469720,0.0,0.0
2019-10-15,AU,341.75,343.1,341.0,341.65,279672,471926,0.0,0.0
2019-10-16,AU,342.1,342.5,338.9,340.2,376596,473484,0.0,0.0
2019-10-17,AU,342.45,343.15,340.85,342.7,300068,477778,0.0,0.0
2019-10-18,AU,341.6,343.1,341.35,342.0,297062,467908,0.0,0.0
2019-10-21,AU,341.85,342.4,340.7,341.75,277642,459112,0.0,0.0
2019-10-22,AU,341.7,342.55,339.4,340.45,291530,454612,0.0,0.0
2019-10-23,AU,340.75,342.0,339.75,341.95,234268,444474,0.0,0.0
2019-10-24,AU,341.75,342.35,341.1,341.5,206760,436136,0.0,0.0
2019-10-25,AU,341.65,345.0,341.45,344.65,417910,441630,0.0,0.0
2019-10-28,AU,346.65,347.75,342.9,344.6,403356,430334,0.0,0.0
2019-10-29,AU,342.9,343.45,340.65,340.9,347034,398052,0.0,0.0
2019-10-30,AU,340.85,341.5,339.2,340.55,342796,361044,0.0,0.0
2019-10-31,AU,340.95,341.85,340.05,341.1,317778,311040,0.0,0.0
2019-11-01,AU,343.4,344.85,343.0,344.05,330950,264376,0.0,0.0
2019-11-04,AU,343.35,345.3,343.1,343.7,265216,229250,0.0,0.0
2019-11-05,AU,344.25,344.45,341.0,341.4,204130,214128,0.0,0.0
2019-11-06,AU,339.75,339.9,335.3,336.55,389228,186948,0.0,0.0
2019-11-07,AU,336.5,338.9,336.05,338.35,213364,171208,0.0,0.0
2019-11-08,AU,335.0,335.95,328.85,332.1,387596,154008,0.0,0.0
2019-11-11,AU,329.65,332.45,329.2,331.5,259932,145636,0.0,0.0
2019-11-12,AU,331.65,331.75,327.6,328.3,236804,133752,0.0,0.0
2019-11-13,AU,329.25,332.15,327.8,331.85,220224,125850,0.0,0.0
2019-11-14,AU,332.4,333.05,331.35,332.7,185748,111776,0.0,0.0
2019-11-15,AU,333.65,334.7,331.55,331.9,166476,98492,0.0,0.0
2019-11-18,AU,331.8,332.75,331.65,332.05,103654,88588,0.0,0.0
2019-11-19,AU,330.6,334.65,330.5,334.05,151282,74274,0.0,0.0
2019-11-20,AU,334.85,336.85,333.9,336.5,206724,139028,0.0,0.0
2019-11-21,AU,336.2,337.35,334.6,336.0,216710,142166,0.0,0.0
2019-11-22,AU,335.5,335.85,333.65,334.95,219186,143984,0.0,0.0
2019-11-25,AU,335.7,336.05,332.45,332.65,224144,144756,0.0,0.0
2019-11-26,AU,332.55,333.2,330.65,332.35,206198,143494,0.0,0.0
2019-11-27,AU,332.35,333.7,331.15,333.15,226340,140686,0.0,0.0
2019-11-28,AU,332.8,332.85,331.45,332.05,184922,135268,0.0,0.0
2019-11-29,AU,332.35,333.5,332.2,333.1,80236,137122,0.0,0.0
2019-12-02,AU,332.5,335.55,331.85,333.5,180376,136450,0.0,0.0
2019-12-03,AU,333.2,335.0,333.2,334.2,268800,138620,0.0,0.0
2019-12-04,AU,337.15,340.75,336.85,340.4,401684,153300,0.0,0.0
2019-12-05,AU,338.9,339.9,337.25,338.75,273464,143118,0.0,0.0
2019-12-06,AU,337.85,339.0,336.15,336.4,241042,129568,0.0,0.0
2019-12-09,AU,336.85,337.75,332.95,333.6,294828,118028,0.0,0.0
2019-12-10,AU,334.36,334.54,333.38,333.9,102434,116912,0.0,0.0
2019-12-11,AU,335.0,335.06,333.66,334.12,144942,111898,0.0,0.0
2019-12-12,AU,334.86,336.46,334.44,336.02,131188,105530,0.0,0.0
2019-12-13,AU,336.72,339.32,330.44,331.76,352310,103492,0.0,0.0
2019-12-16,AU,333.14,336.18,330.92,335.32,305166,96184,0.0,0.0
2019-12-17,AU,335.46,335.94,334.3,335.14,110102,93540,0.0,0.0
2019-12-18,AU,335.5,335.76,334.48,335.6,99762,94646,0.0,0.0
2019-12-19,AU,335.22,335.78,333.9,335.18,131902,92652,0.0,0.0
2019-12-20,AU,334.84,336.26,334.8,336.08,106442,92534,0.0,0.0
2019-12-23,AU,335.88,337.88,334.9,337.18,139204,95676,0.0,0.0
2019-12-24,AU,336.82,339.08,336.58,338.68,112772,95740,0.0,0.0
2019-12-25,AU,338.52,341.28,338.52,340.62,109160,93240,0.0,0.0
2019-12-26,AU,340.48,341.48,339.52,340.92,69598,88816,0.0,0.0
2019-12-27,AU,345.04,346.74,344.54,345.3,198500,225266,0.0,0.0
2019-12-30,AU,345.92,346.56,345.12,345.46,128800,228544,0.0,0.0
2019-12-31,AU,345.4,347.94,344.7,347.48,197576,255444,0.0,0.0
2020-01-02,AU,346.0,346.58,345.44,346.24,41087,129725,0.0,0.0
2020-01-03,AU,346.82,351.96,346.58,351.16,144392,140774,0.0,0.0
2020-01-06,AU,352.3,359.82,350.72,358.34,185964,142492,0.0,0.0
2020-01-07,AU,358.58,358.92,353.22,354.94,200630,145032,0.0,0.0
2020-01-08,AU,354.6,364.44,354.52,360.68,253483,157344,0.0,0.0
2020-01-09,AU,356.66,357.32,346.82,348.04,291906,157456,0.0,0.0
2020-01-10,AU,350.7,350.86,348.56,349.3,144194,161353,0.0,0.0
2020-01-13,AU,349.48,351.48,348.4,349.42,173686,164665,0.0,0.0
2020-01-14,AU,348.9,349.16,342.9,344.7,144966,171034,0.0,0.0
2020-01-15,AU,345.7,348.68,345.16,347.54,123625,176471,0.0,0.0
2020-01-16,AU,347.68,349.28,346.82,347.96,127605,176618,0.0,0.0
2020-01-17,AU,348.5,348.5,346.32,347.78,108652,176869,0.0,0.0
2020-01-20,AU,347.98,348.54,346.94,347.94,96285,180264,0.0,0.0
2020-01-21,AU,348.52,351.82,347.92,351.34,86646,186852,0.0,0.0
2020-01-22,AU,349.48,349.8,346.66,348.32,132216,182735,0.0,0.0
2020-01-23,AU,348.88,351.24,348.66,350.72,81197,185593,0.0,0.0
2020-02-03,AU,359.18,360.5,357.2,359.3,78891,185923,0.0,0.0
2020-02-04,AU,359.18,359.44,356.06,356.2,74093,188931,0.0,0.0
2020-02-05,AU,352.36,354.96,352.14,354.22,61136,188841,0.0,0.0
2020-02-06,AU,352.3,352.78,350.52,352.4,61641,188677,0.0,0.0
2020-02-07,AU,355.28,355.62,353.72,354.3,48697,188266,0.0,0.0
2020-02-10,AU,357.36,357.62,355.36,355.56,50977,187697,0.0,0.0
2020-02-11,AU,355.76,355.88,354.42,354.6,42388,187871,0.0,0.0
2020-02-12,AU,354.64,354.64,353.08,354.0,43088,185980,0.0,0.0
2020-02-13,AU,355.6,356.96,355.0,356.52,54165,188138,0.0,0.0
2020-02-14,AU,357.22,357.5,356.1,356.78,47751,190061,0.0,0.0
2020-02-17,AU,358.04,358.76,357.66,357.9,50160,192337,0.0,0.0
2020-02-18,AU,359.46,359.96,359.0,359.68,54774,197001,0.0,0.0
2020-02-19,AU,363.06,364.58,363.0,364.06,77534,200460,0.0,0.0
2020-02-20,AU,365.16,366.92,364.28,365.06,85991,201066,0.0,0.0
2020-02-21,AU,368.96,372.3,368.78,371.9,103882,207305,0.0,0.0
2020-02-24,AU,379.12,380.78,377.76,379.7,129984,206012,0.0,0.0
2020-02-25,AU,374.64,377.16,370.3,371.74,173863,195593,0.0,0.0
2020-02-26,AU,373.18,374.78,371.96,374.26,116955,196977,0.0,0.0
2020-02-27,AU,373.88,375.68,373.62,374.3,101033,195757,0.0,0.0
2020-02-28,AU,373.34,373.96,355.96,369.98,183765,192303,0.0,0.0
2020-03-02,AU,360.0,362.88,358.48,361.24,175575,185701,0.0,0.0
2020-03-03,AU,358.72,361.0,358.5,360.26,91148,188288,0.0,0.0
2020-03-04,AU,369.5,371.0,367.78,368.54,118360,185782,0.0,0.0
2020-03-05,AU,366.92,368.8,366.88,368.62,55414,186879,0.0,0.0
2020-03-06,AU,375.38,377.96,374.66,376.08,134667,189357,0.0,0.0
2020-03-09,AU,381.1,381.12,370.64,373.42,237196,187556,0.0,0.0
2020-03-10,AU,371.66,373.26,366.74,368.64,150891,188592,0.0,0.0
2020-03-11,AU,368.98,371.56,368.9,371.22,99485,186852,0.0,0.0
2020-03-12,AU,368.0,369.96,365.6,367.26,156119,185959,0.0,0.0
2020-03-13,AU,355.0,357.96,349.1,356.4,238963,180870,0.0,0.0
2020-03-16,AU,348.5,349.3,342.92,347.18,193447,180029,0.0,0.0
2020-03-17,AU,341.0,341.0,330.12,330.88,240329,177085,0.0,0.0
2020-03-18,AU,342.0,344.78,336.6,339.08,193627,174965,0.0,0.0
2020-03-19,AU,335.58,337.42,330.74,336.62,179984,172272,0.0,0.0
2020-03-20,AU,335.82,341.62,335.56,339.78,165573,171370,0.0,0.0
2020-03-23,AU,340.0,341.0,336.96,339.62,121073,171605,0.0,0.0
2020-03-24,AU,359.5,359.5,354.7,358.46,161343,173582,0.0,0.0
2020-03-25,AU,376.0,376.2,363.0,364.4,157599,171798,0.0,0.0
2020-03-26,AU,363.0,364.94,361.88,363.34,96202,172741,0.0,0.0
2020-03-27,AU,365.08,368.48,364.8,367.58,97213,173934,0.0,0.0
2020-03-30,AU,367.88,368.0,363.12,364.7,106739,172851,0.0,0.0
2020-03-31,AU,363.9,365.28,363.4,364.9,58917,167955,0.0,0.0
2020-04-01,AU,357.0,359.76,355.8,358.62,79674,166727,0.0,0.0
2020-04-02,AU,358.64,360.96,357.86,360.7,66157,166956,0.0,0.0
2020-04-03,AU,364.0,365.18,362.7,363.48,57865,164213,0.0,0.0
2020-04-07,AU,376.98,378.0,373.26,373.88,99615,167278,0.0,0.0
2020-04-08,AU,367.9,371.54,367.0,370.2,61625,166048,0.0,0.0
2020-04-09,AU,370.5,371.66,370.0,371.46,42627,168552,0.0,0.0
2020-04-10,AU,376.44,376.48,372.88,373.74,44336,168261,0.0,0.0
2020-04-13,AU,374.94,375.22,371.8,373.26,75011,167514,0.0,0.0
2020-04-14,AU,375.28,380.0,374.38,377.6,122938,174120,0.0,0.0
2020-04-15,AU,377.16,379.34,376.06,376.32,85028,170494,0.0,0.0
2020-04-16,AU,376.52,380.42,374.16,379.38,88382,173337,0.0,0.0
2020-04-17,AU,376.52,377.7,369.08,372.18,136448,165229,0.0,0.0
2020-04-20,AU,367.2,371.6,366.2,370.8,93426,161395,0.0,0.0
2020-04-21,AU,372.5,374.66,372.12,374.42,76518,158271,0.0,0.0
2020-04-22,AU,373.0,374.96,371.82,373.18,82597,154546,0.0,0.0
2020-04-23,AU,378.52,381.46,377.72,379.8,103203,151296,0.0,0.0
2020-04-24,AU,379.96,383.24,379.3,382.78,88675,148130,0.0,0.0
2020-04-27,AU,381.0,382.3,379.7,380.14,83253,130958,0.0,0.0
2020-04-28,AU,379.0,379.06,375.06,377.1,86653,121441,0.0,0.0
2020-04-29,AU,377.38,379.58,377.38,378.74,59792,114033,0.0,0.0
2020-04-30,AU,379.8,380.82,377.84,380.28,61419,105651,0.0,0.0
2020-05-06,AU,377.54,380.8,377.52,380.08,61232,96296,0.0,0.0
2020-05-07,AU,379.16,379.44,377.52,378.18,122800,83275,0.0,0.0
2020-05-08,AU,379.48,384.32,378.96,383.38,140961,74557,0.0,0.0
2020-05-11,AU,381.8,383.28,380.06,381.74,128624,61577,0.0,0.0
2020-05-12,AU,382.5,382.5,379.56,380.88,85711,54888,0.0,0.0
2020-05-13,AU,380.66,382.8,380.34,381.86,78816,50249,0.0,0.0
2020-05-14,AU,382.82,385.2,381.6,384.46,109731,44299,0.0,0.0
2020-05-15,AU,384.94,390.9,383.9,390.16,120787,37011,0.0,0.0
2020-05-18,AU,394.22,402.3,391.88,401.16,202819,176492,0.0,0.0
2020-05-19,AU,398.0,398.76,392.94,394.5,213814,176053,0.0,0.0
2020-05-20,AU,395.1,399.8,395.1,398.72,152314,184790,0.0,0.0
2020-05-21,AU,397.4,399.32,394.42,395.06,153227,183242,0.0,0.0
2020-05-22,AU,395.28,395.5,390.08,394.38,203925,183929,0.0,0.0
2020-05-25,AU,395.3,395.88,392.54,393.54,144174,188740,0.0,0.0
2020-05-26,AU,394.0,396.76,392.82,395.34,123499,191998,0.0,0.0
2020-05-27,AU,394.4,394.98,390.44,391.2,182530,191330,0.0,0.0
2020-05-28,AU,389.48,395.18,387.4,394.18,214096,196283,0.0,0.0
2020-05-29,AU,394.5,395.56,391.72,394.42,165185,199847,0.0,0.0
2020-06-01,AU,396.32,399.06,395.52,398.0,185111,209162,0.0,0.0
2020-06-02,AU,396.86,398.22,395.6,396.96,138863,209108,0.0,0.0
2020-06-03,AU,397.02,398.0,392.0,393.04,197672,207622,0.0,0.0
2020-06-04,AU,389.5,391.44,387.54,389.74,211254,205972,0.0,0.0
2020-06-05,AU,392.86,393.3,389.5,390.18,181803,206555,0.0,0.0
2020-06-08,AU,385.0,386.96,382.28,386.28,204656,205333,0.0,0.0
2020-06-09,AU,385.3,387.66,384.34,386.3,140352,208235,0.0,0.0
2020-06-10,AU,390.4,390.92,389.66,390.4,121743,210286,0.0,0.0
2020-06-11,AU,391.2,393.88,388.26,393.7,174613,214450,0.0,0.0
2020-06-12,AU,393.2,395.7,392.0,393.62,189929,215262,0.0,0.0
2020-06-15,AU,394.78,395.5,391.5,392.54,171433,217195,0.0,0.0
2020-06-16,AU,388.6,393.58,388.18,392.4,169341,216999,0.0,0.0
2020-06-17,AU,392.52,393.46,390.54,392.86,167628,217927,0.0,0.0
2020-06-18,AU,391.5,393.12,391.32,392.18,109230,214968,0.0,0.0
2020-06-19,AU,391.7,393.64,390.96,392.94,117755,216399,0.0,0.0
2020-06-22,AU,393.98,399.2,393.26,397.5,187422,224636,0.0,0.0
2020-06-23,AU,398.6,398.66,396.0,396.96,175086,226296,0.0,0.0
2020-06-24,AU,398.14,400.74,397.76,400.06,173695,234279,0.0,0.0
2020-06-29,AU,400.96,402.0,399.48,400.14,63418,232622,0.0,0.0
2020-06-30,AU,399.4,400.86,399.36,400.72,99003,236254,0.0,0.0
2020-07-01,AU,399.94,403.54,399.72,403.1,161601,241080,0.0,0.0
2020-07-02,AU,401.74,401.96,397.78,399.06,213881,227620,0.0,0.0
2020-07-03,AU,397.8,401.3,397.08,400.54,142143,225974,0.0,0.0
2020-07-06,AU,400.78,400.98,398.8,399.66,79327,223795,0.0,0.0
2020-07-07,AU,401.0,401.28,399.7,400.32,93432,223484,0.0,0.0
2020-07-08,AU,399.04,402.92,399.02,402.36,133731,233558,0.0,0.0
2020-07-09,AU,404.1,406.3,403.8,404.94,156716,238744,0.0,0.0
2020-07-10,AU,404.5,405.06,401.1,401.88,168807,228827,0.0,0.0
2020-07-13,AU,403.9,404.24,401.5,403.74,132904,229806,0.0,0.0
2020-07-14,AU,404.0,405.16,401.52,403.02,126903,226681,0.0,0.0
2020-07-15,AU,403.34,404.96,402.02,403.62,131170,228244,0.0,0.0
2020-07-16,AU,403.16,404.18,401.6,402.12,134444,224511,0.0,0.0
2020-07-17,AU,401.7,402.52,398.16,399.76,125658,222814,0.0,0.0
2020-07-20,AU,401.02,401.84,400.08,401.78,97008,220660,0.0,0.0
2020-07-21,AU,402.98,405.04,402.14,404.54,117223,228159,0.0,0.0
2020-07-22,AU,407.6,418.8,406.38,414.22,287998,231944,0.0,0.0
2020-07-23,AU,412.94,417.0,410.02,416.52,248556,233840,0.0,0.0
2020-07-24,AU,416.04,421.4,415.36,420.4,258059,234955,0.0,0.0
2020-07-27,AU,422.4,435.0,422.1,430.06,331972,236648,0.0,0.0
2020-07-28,AU,429.76,440.08,426.5,429.94,460734,223580,0.0,0.0
2020-07-29,AU,428.78,432.8,425.76,431.38,283360,221195,0.0,0.0
2020-07-30,AU,432.0,432.92,426.52,428.94,238891,217702,0.0,0.0
2020-07-31,AU,427.0,433.52,424.84,432.86,287925,228802,0.0,0.0
2020-08-03,AU,432.66,433.18,429.1,431.4,204419,226018,0.0,0.0
2020-08-04,AU,430.62,433.36,430.08,431.96,142798,229636,0.0,0.0
2020-08-05,AU,431.96,445.2,431.9,444.06,381406,248730,0.0,0.0
2020-08-06,AU,444.02,448.24,441.0,447.56,305325,244033,0.0,0.0
2020-08-07,AU,448.1,454.08,447.94,449.72,320402,245899,0.0,0.0
2020-08-10,AU,450.9,451.4,442.5,446.38,290951,241486,0.0,0.0
2020-08-11,AU,446.88,449.44,434.38,436.94,311559,242150,0.0,0.0
2020-08-12,AU,427.02,427.54,417.16,417.16,277064,237687,0.0,0.0
2020-08-13,AU,418.26,419.7,415.02,416.74,285203,236510,0.0,0.0
2020-08-14,AU,416.94,428.96,416.62,420.3,368224,240748,0.0,0.0
2020-08-17,AU,421.7,425.8,419.18,424.44,288643,242365,0.0,0.0
2020-08-18,AU,425.66,434.92,425.66,433.94,348375,247333,0.0,0.0
2020-08-19,AU,436.44,437.06,425.68,429.16,403441,246282,0.0,0.0
2020-08-20,AU,430.66,431.1,416.08,418.28,433563,241803,0.0,0.0
2020-08-21,AU,417.0,420.88,414.8,419.48,309753,240658,0.0,0.0
2020-08-24,AU,416.3,417.56,412.18,415.54,326923,238222,0.0,0.0
2020-08-25,AU,419.0,423.5,415.1,416.5,231252,235241,0.0,0.0
2020-08-26,AU,415.76,417.36,414.6,415.66,205680,233911,0.0,0.0
2020-08-27,AU,414.34,422.08,414.1,420.54,320475,232731,0.0,0.0
2020-08-28,AU,420.28,426.46,414.6,420.4,430007,229601,0.0,0.0
2020-08-31,AU,421.88,425.0,421.04,422.68,274835,231884,0.0,0.0
2020-09-01,AU,422.92,427.82,422.42,426.98,251530,232650,0.0,0.0
2020-09-02,AU,427.42,428.04,421.9,422.6,263522,228664,0.0,0.0
2020-09-03,AU,423.08,423.16,414.44,415.3,317316,224712,0.0,0.0
2020-09-04,AU,416.0,418.84,413.58,416.54,326578,218995,0.0,0.0
2020-09-07,AU,415.0,418.5,413.44,416.36,289410,215479,0.0,0.0
2020-09-08,AU,415.84,417.44,414.5,416.56,155836,214738,0.0,0.0
2020-09-09,AU,413.88,419.5,411.0,416.5,337511,212770,0.0,0.0
2020-09-10,AU,417.74,420.48,417.4,419.46,221436,215314,0.0,0.0
2020-09-11,AU,421.76,422.9,416.58,418.34,253280,211960,0.0,0.0
2020-09-14,AU,418.46,420.34,417.4,418.44,163104,211046,0.0,0.0
2020-09-15,AU,419.98,420.88,418.7,419.8,171699,208614,0.0,0.0
2020-09-16,AU,420.0,420.44,416.6,418.64,180576,209430,0.0,0.0
2020-09-17,AU,419.0,420.1,414.16,415.62,234764,213564,0.0,0.0
2020-09-18,AU,415.44,417.28,412.8,416.92,182221,210258,0.0,0.0
2020-09-21,AU,416.6,419.58,415.64,417.04,164172,209385,0.0,0.0
2020-09-22,AU,413.46,414.46,393.26,407.58,475584,211942,0.0,0.0
2020-09-23,AU,408.4,409.58,399.58,400.9,317889,210028,0.0,0.0
2020-09-24,AU,401.44,403.9,395.18,396.58,314778,209781,0.0,0.0
2020-09-25,AU,397.48,401.48,396.34,401.06,243866,206242,0.0,0.0
2020-09-28,AU,399.22,402.0,398.18,400.14,184483,203539,0.0,0.0
2020-09-29,AU,401.46,406.06,401.32,405.9,175770,200956,0.0,0.0
2020-09-30,AU,406.1,408.0,405.16,406.1,137965,197342,0.0,0.0
2020-10-09,AU,404.4,407.0,404.02,405.36,71362,196479,0.0,0.0
2020-10-12,AU,407.38,411.6,406.94,410.02,175001,198166,0.0,0.0
2020-10-13,AU,410.86,411.24,407.84,408.54,141066,195939,0.0,0.0
2020-10-14,AU,407.28,407.28,400.64,404.04,193310,188656,0.0,0.0
2020-10-15,AU,405.98,406.66,401.5,403.62,146674,187346,0.0,0.0
2020-10-16,AU,402.6,406.22,402.26,404.98,151010,186375,0.0,0.0
2020-10-19,AU,404.22,405.66,402.02,404.9,155500,183367,0.0,0.0
2020-10-20,AU,405.1,405.36,401.86,403.58,136216,184294,0.0,0.0
2020-10-21,AU,403.9,406.28,402.62,404.66,151406,179446,0.0,0.0
2020-10-22,AU,406.4,407.44,403.58,404.86,153265,175557,0.0,0.0
2020-10-23,AU,403.88,404.36,401.3,403.58,145253,173923,0.0,0.0
2020-10-26,AU,403.58,404.1,400.28,401.56,167714,169399,0.0,0.0
2020-10-27,AU,402.86,405.5,402.84,405.3,151696,162159,0.0,0.0
2020-10-28,AU,404.8,406.52,404.36,405.36,120494,158003,0.0,0.0
2020-10-29,AU,401.04,401.3,398.26,399.78,212188,154496,0.0,0.0
2020-10-30,AU,396.88,399.5,394.92,397.1,198494,148505,0.0,0.0
2020-11-02,AU,399.88,401.12,397.78,400.68,151267,139201,0.0,0.0
2020-11-03,AU,401.2,402.96,400.56,402.6,109941,133519,0.0,0.0
2020-11-04,AU,403.6,405.88,402.98,404.28,165806,131109,0.0,0.0
2020-11-05,AU,404.16,404.7,399.22,404.22,146502,129696,0.0,0.0
2020-11-06,AU,406.04,410.68,405.52,408.3,188202,127093,0.0,0.0
2020-11-09,AU,409.0,410.96,406.98,407.42,165871,120788,0.0,0.0
2020-11-10,AU,399.6,399.8,391.5,396.54,258061,113069,0.0,0.0
2020-11-11,AU,395.18,396.2,394.2,395.64,105185,108968,0.0,0.0
2020-11-12,AU,394.64,395.62,392.0,394.98,133699,101791,0.0,0.0
2020-11-13,AU,395.06,397.0,394.6,396.88,102837,95747,0.0,0.0
2020-11-16,AU,397.5,399.76,396.22,396.64,105185,89414,0.0,0.0
2020-11-17,AU,394.7,398.26,393.72,396.18,104315,81027,0.0,0.0
2020-11-18,AU,396.04,397.26,392.72,393.64,87655,76287,0.0,0.0
2020-11-19,AU,392.04,395.36,390.4,392.0,96342,70384,0.0,0.0
2020-11-20,AU,392.0,392.7,390.26,392.18,92438,60399,0.0,0.0
2020-11-23,AU,392.18,394.18,391.6,392.8,80667,51812,0.0,0.0
2020-11-24,AU,392.08,392.12,382.02,383.32,139196,43621,0.0,0.0
2020-11-25,AU,380.04,380.74,378.0,379.24,94687,33091,0.0,0.0
2020-11-26,AU,380.54,381.08,378.16,380.22,50264,24895,0.0,0.0
2020-11-27,AU,381.24,381.9,379.76,381.14,87027,64699,0.0,0.0
2020-11-30,AU,380.28,380.78,368.28,371.34,197649,69429,0.0,0.0
2020-12-01,AU,369.78,375.08,369.46,374.2,123297,67056,0.0,0.0
2020-12-02,AU,378.2,380.36,377.46,379.64,137644,63111,0.0,0.0
2020-12-03,AU,380.88,384.28,379.2,383.7,127570,61338,0.0,0.0
2020-12-04,AU,384.7,385.44,380.78,384.46,121286,59118,0.0,0.0
2020-12-07,AU,384.0,384.94,381.36,383.38,134348,60892,0.0,0.0
2020-12-08,AU,382.22,390.18,381.8,389.18,146198,64088,0.0,0.0
2020-12-09,AU,388.78,390.82,386.16,387.0,117553,61423,0.0,0.0
2020-12-10,AU,386.72,388.08,382.38,383.26,128810,62306,0.0,0.0
2020-12-11,AU,383.22,386.66,382.2,382.78,118041,60998,0.0,0.0
2020-12-14,AU,383.26,386.14,382.06,382.82,117407,51002,0.0,0.0
2020-12-15,AU,381.0,385.94,380.46,385.66,118340,52312,0.0,0.0
2020-12-16,AU,386.12,389.06,385.76,388.4,103926,53332,0.0,0.0
2020-12-17,AU,387.98,391.22,386.32,390.5,109335,55690,0.0,0.0
2020-12-18,AU,392.94,395.48,391.44,393.58,129844,54600,0.0,0.0
2020-12-21,AU,393.96,400.8,392.0,398.36,133771,55273,0.0,0.0
2020-12-22,AU,394.96,395.58,392.14,392.76,135335,52384,0.0,0.0
2020-12-23,AU,393.06,395.14,390.74,391.44,121551,49200,0.0,0.0
2020-12-24,AU,390.5,394.32,390.26,393.04,103777,46772,0.0,0.0
2020-12-25,AU,393.0,395.24,391.26,395.0,91966,47708,0.0,0.0
2020-12-28,AU,395.0,399.2,387.96,395.78,96263,43411,0.0,0.0
2020-12-29,AU,394.4,398.44,393.38,393.86,160917,41610,0.0,0.0
2020-12-30,AU,394.16,395.28,392.14,393.7,111318,39178,0.0,0.0
2020-12-31,AU,393.4,397.68,392.64,394.98,117553,37201,0.0,0.0
2021-01-04,AU,398.98,400.8,398.9,400.04,57526,39504,0.0,0.0
2021-01-05,AU,401.88,404.6,401.0,402.32,120443,39174,0.0,0.0
2021-01-06,AU,404.0,404.96,401.66,402.88,111744,37436,0.0,0.0
2021-01-07,AU,400.2,402.6,394.0,399.06,144477,33912,0.0,0.0
2021-01-08,AU,398.54,399.0,395.5,396.06,95356,29720,0.0,0.0
2021-01-11,AU,392.54,392.84,378.2,385.0,161329,28848,0.0,0.0
2021-01-12,AU,384.36,387.74,381.72,387.42,90144,23586,0.0,0.0
2021-01-13,AU,387.54,388.68,384.02,387.54,80959,20228,0.0,0.0
2021-01-14,AU,387.18,388.96,383.0,385.3,62634,20030,0.0,0.0
2021-01-15,AU,386.5,390.18,385.84,387.9,97553,110771,0.0,0.0
2021-01-18,AU,387.98,388.78,382.08,386.82,131706,114356,0.0,0.0
2021-01-19,AU,387.16,388.56,386.2,387.72,70338,117548,0.0,0.0
2021-01-20,AU,386.4,389.52,385.26,388.82,93863,120653,0.0,0.0
2021-01-21,AU,387.22,392.96,384.78,392.72,147688,123284,0.0,0.0
2021-01-22,AU,391.36,391.94,389.52,390.9,108894,118234,0.0,0.0
2021-01-25,AU,388.0,391.8,386.58,389.0,116924,115004,0.0,0.0
2021-01-26,AU,391.54,392.58,388.34,390.14,118060,115303,0.0,0.0
2021-01-27,AU,390.04,390.5,386.18,387.94,111222,118337,0.0,0.0
2021-01-28,AU,386.8,389.6,385.4,386.3,130181,118555,0.0,0.0
2021-01-29,AU,386.56,390.82,384.2,388.34,172434,118114,0.0,0.0
2021-02-01,AU,390.38,393.42,386.74,392.64,246138,114301,0.0,0.0
2021-02-02,AU,393.0,394.18,388.82,389.5,174280,111539,0.0,0.0
2021-02-03,AU,387.36,387.36,383.46,385.1,180738,113267,0.0,0.0
2021-02-04,AU,384.76,385.76,379.68,382.26,153568,122865,0.0,0.0
2021-02-05,AU,381.3,381.5,375.04,377.86,183350,123703,0.0,0.0
2021-02-08,AU,378.8,381.56,376.46,381.0,155550,119965,0.0,0.0
2021-02-09,AU,382.56,385.84,381.5,385.6,117629,110073,0.0,0.0
2021-02-10,AU,385.16,386.44,383.12,385.66,99733,105125,0.0,0.0
2021-02-18,AU,374.98,374.98,372.44,374.18,70603,115294,0.0,0.0
2021-02-19,AU,374.5,376.46,370.64,372.46,162778,124132,0.0,0.0
2021-02-22,AU,372.7,377.82,372.1,376.66,176649,125451,0.0,0.0
2021-02-23,AU,377.1,381.88,377.1,380.66,147001,128558,0.0,0.0
2021-02-24,AU,380.66,380.92,377.08,379.6,132126,126672,0.0,0.0
2021-02-25,AU,378.62,379.12,373.8,375.94,184423,129150,0.0,0.0
2021-02-26,AU,374.06,375.18,368.5,369.5,234128,137827,0.0,0.0
2021-03-01,AU,369.02,370.84,360.2,367.94,271417,136648,0.0,0.0
2021-03-02,AU,365.0,366.34,358.44,361.74,205450,143591,0.0,0.0
2021-03-03,AU,364.2,365.0,361.66,363.5,141168,141477,0.0,0.0
2021-03-04,AU,362.02,362.14,357.26,360.34,209010,144283,0.0,0.0
2021-03-05,AU,360.76,361.84,354.58,356.6,207121,141913,0.0,0.0
2021-03-08,AU,357.72,361.98,355.74,360.36,179040,135418,0.0,0.0
2021-03-09,AU,358.64,359.5,355.42,359.04,150596,134384,0.0,0.0
2021-03-10,AU,360.54,364.86,360.38,362.9,172143,132288,0.0,0.0
2021-03-11,AU,362.28,366.96,362.16,365.88,146580,132572,0.0,0.0
2021-03-12,AU,366.12,366.3,360.4,360.76,151813,136810,0.0,0.0
2021-03-15,AU,360.12,366.16,358.5,363.86,158017,133153,0.0,0.0
2021-03-16,AU,365.22,366.22,363.2,364.56,117957,131515,0.0,0.0
2021-03-17,AU,365.0,367.56,364.62,366.2,126259,129360,0.0,0.0
2021-03-18,AU,365.1,369.96,363.6,369.24,157390,132863,0.0,0.0
2021-03-19,AU,365.8,368.68,363.02,367.66,169281,128668,0.0,0.0
2021-03-22,AU,367.22,368.36,365.02,365.7,143322,122918,0.0,0.0
2021-03-23,AU,365.8,367.5,364.9,366.8,102751,120510,0.0,0.0
2021-03-24,AU,367.0,367.36,364.12,366.24,131233,121185,0.0,0.0
2021-03-25,AU,366.54,368.72,365.78,367.22,105658,121302,0.0,0.0
2021-03-26,AU,366.5,370.6,365.12,366.24,176151,122172,0.0,0.0
2021-03-29,AU,365.88,368.4,365.36,366.44,117453,122257,0.0,0.0
2021-03-30,AU,366.58,367.22,361.32,361.5,172559,130818,0.0,0.0
2021-03-31,AU,357.62,358.84,355.88,357.38,152998,135675,0.0,0.0
2021-04-01,AU,357.46,365.52,357.36,364.98,168693,128041,0.0,0.0
2021-04-02,AU,365.8,370.0,365.64,369.98,133687,129113,0.0,0.0
2021-04-06,AU,367.38,369.18,366.5,367.3,63847,131597,0.0,0.0
2021-04-07,AU,368.36,370.2,367.9,369.1,115028,132516,0.0,0.0
2021-04-08,AU,368.92,371.5,367.5,370.08,134886,136015,0.0,0.0
2021-04-09,AU,370.88,373.96,370.88,371.96,152545,138525,0.0,0.0
2021-04-12,AU,369.72,370.96,367.76,369.18,148270,128696,0.0,0.0
2021-04-13,AU,369.02,369.02,365.54,365.8,137766,123476,0.0,0.0
2021-04-14,AU,367.88,370.56,367.88,369.54,128655,118943,0.0,0.0
2021-04-15,AU,369.38,369.6,366.3,369.54,142833,119190,0.0,0.0
2021-04-16,AU,369.12,374.08,368.92,372.86,152801,125219,0.0,0.0
2021-04-19,AU,376.5,377.36,374.4,375.5,140592,123785,0.0,0.0
2021-04-20,AU,374.2,374.48,371.42,372.1,128949,118776,0.0,0.0
2021-04-21,AU,372.16,376.06,371.58,375.98,129375,120414,0.0,0.0
2021-04-22,AU,375.58,378.1,375.02,376.1,140171,117927,0.0,0.0
2021-04-23,AU,374.98,376.16,373.7,375.2,132908,114736,0.0,0.0
2021-04-26,AU,376.7,377.48,371.9,373.14,162815,110942,0.0,0.0
2021-04-27,AU,373.1,374.48,372.02,373.48,121133,110532,0.0,0.0
2021-04-28,AU,374.1,375.04,370.86,371.4,151022,106097,0.0,0.0
2021-04-29,AU,371.42,375.18,370.7,372.68,138559,101949,0.0,0.0
2021-04-30,AU,373.18,373.18,367.82,370.76,156690,94403,0.0,0.0
2021-05-06,AU,373.5,376.66,373.08,376.28,69253,94003,0.0,0.0
2021-05-07,AU,376.28,381.22,375.48,380.4,156474,92635,0.0,0.0
2021-05-10,AU,383.8,384.22,380.36,381.76,161755,89242,0.0,0.0
2021-05-11,AU,382.68,383.34,380.56,381.54,126642,83496,0.0,0.0
2021-05-12,AU,380.0,382.6,378.36,382.44,136685,78686,0.0,0.0
2021-05-13,AU,383.5,384.44,379.5,380.68,154721,74562,0.0,0.0
2021-05-14,AU,379.8,383.48,379.64,382.96,135687,77192,0.0,0.0
2021-05-17,AU,383.42,388.5,382.96,387.3,134116,76304,0.0,0.0
2021-05-18,AU,385.82,391.64,385.6,389.96,153390,70070,0.0,0.0
2021-05-19,AU,390.0,390.54,387.72,390.3,131065,57758,0.0,0.0
2021-05-20,AU,390.3,393.98,388.0,390.4,186338,51809,0.0,0.0
2021-05-21,AU,390.18,393.0,389.54,390.4,113414,45851,0.0,0.0
2021-05-24,AU,393.52,393.88,389.16,391.66,139920,40105,0.0,0.0
2021-05-25,AU,391.26,391.38,387.82,389.82,116372,29911,0.0,0.0
2021-05-26,AU,389.86,394.88,388.96,393.4,111268,22919,0.0,0.0
2021-05-27,AU,394.0,394.16,389.78,390.96,59720,16296,0.0,0.0
2021-05-28,AU,394.42,394.42,391.1,391.38,144120,137711,0.0,0.0
2021-05-31,AU,392.28,395.58,391.76,394.38,150667,145278,0.0,0.0
2021-06-01,AU,394.56,397.28,393.68,396.9,110920,152911,0.0,0.0
2021-06-02,AU,396.9,397.12,389.1,389.98,178012,153130,0.0,0.0
2021-06-03,AU,390.96,392.42,386.74,387.5,142308,156168,0.0,0.0
2021-06-04,AU,382.74,384.6,370.1,382.62,212575,155341,0.0,0.0
2021-06-07,AU,385.88,386.94,384.14,385.32,120489,159073,0.0,0.0
2021-06-08,AU,385.5,390.78,385.4,387.9,108998,158963,0.0,0.0
2021-06-09,AU,387.46,388.8,385.96,387.7,93176,160266,0.0,0.0
2021-06-10,AU,388.22,389.16,384.88,386.46,117279,161767,0.0,0.0
2021-06-11,AU,387.94,391.32,387.28,389.92,107043,161262,0.0,0.0
2021-06-15,AU,383.46,384.88,380.12,382.66,87850,166011,0.0,0.0
2021-06-16,AU,382.08,383.4,379.72,382.24,101316,168335,0.0,0.0
2021-06-17,AU,381.84,384.0,374.38,375.66,149885,173596,0.0,0.0
2021-06-18,AU,370.22,372.5,369.5,371.62,167921,172151,0.0,0.0
2021-06-21,AU,370.92,372.3,368.7,371.94,161977,172811,0.0,0.0
2021-06-22,AU,371.28,374.66,371.12,373.44,122215,166974,0.0,0.0
2021-06-23,AU,371.98,374.42,371.58,374.02,76440,165722,0.0,0.0
2021-06-24,AU,373.88,376.16,371.8,371.94,117978,168221,0.0,0.0
2021-06-25,AU,373.0,373.9,370.5,371.4,99429,168791,0.0,0.0
2021-06-28,AU,372.44,373.62,369.62,372.16,125440,167239,0.0,0.0
2021-06-29,AU,371.88,372.64,370.42,370.8,86764,170436,0.0,0.0
2021-06-30,AU,367.46,369.54,366.12,367.5,128592,174865,0.0,0.0
2021-07-01,AU,367.5,372.38,366.76,371.78,122028,169955,0.0,0.0
2021-07-02,AU,371.8,373.2,370.12,372.64,103477,167139,0.0,0.0
2021-07-05,AU,374.6,375.98,372.64,373.88,133466,165679,0.0,0.0
2021-07-06,AU,374.5,377.8,372.28,377.46,91273,167119,0.0,0.0
2021-07-07,AU,378.38,379.02,375.38,377.3,145870,163935,0.0,0.0
2021-07-08,AU,377.3,378.44,376.06,376.62,122603,164844,0.0,0.0
2021-07-09,AU,380.0,380.76,376.18,377.78,147647,166341,0.0,0.0
2021-07-12,AU,378.08,379.96,376.5,377.0,108697,169146,0.0,0.0
2021-07-13,AU,377.18,379.14,374.98,378.8,117478,167895,0.0,0.0
2021-07-14,AU,377.28,380.06,376.82,379.5,120729,170881,0.0,0.0
2021-07-15,AU,381.5,382.66,379.96,382.48,115976,174985,0.0,0.0
2021-07-16,AU,381.28,383.08,380.08,381.48,103066,172415,0.0,0.0
2021-07-19,AU,381.48,382.3,377.8,377.84,141541,169375,0.0,0.0
2021-07-20,AU,379.52,381.38,378.12,380.68,124603,170397,0.0,0.0
2021-07-21,AU,382.52,382.54,377.54,379.28,147174,167582,0.0,0.0
2021-07-22,AU,376.5,377.6,375.66,376.3,130983,169102,0.0,0.0
2021-07-23,AU,376.52,378.28,375.16,378.02,111409,167275,0.0,0.0
2021-07-26,AU,377.26,379.54,376.0,379.04,111773,167615,0.0,0.0
2021-07-27,AU,378.54,378.54,375.36,375.84,110121,169626,0.0,0.0
2021-07-28,AU,378.6,380.66,377.52,379.9,142958,172518,0.0,0.0
2021-07-29,AU,378.7,381.8,377.24,381.16,127838,172910,0.0,0.0
2021-07-30,AU,381.9,383.12,381.22,382.5,105481,174179,0.0,0.0
2021-08-02,AU,381.4,382.1,377.6,377.84,139682,163558,0.0,0.0
2021-08-03,AU,377.44,380.1,377.32,377.82,98232,161628,0.0,0.0
2021-08-04,AU,378.5,379.12,377.9,378.66,81068,161151,0.0,0.0
2021-08-05,AU,381.26,382.36,377.0,378.04,151677,164130,0.0,0.0
2021-08-06,AU,377.78,378.38,375.6,375.9,117978,169075,0.0,0.0
2021-08-09,AU,371.52,371.64,362.1,365.6,216464,178597,0.0,0.0
2021-08-10,AU,364.88,365.94,362.16,363.92,140271,182514,0.0,0.0
2021-08-11,AU,362.82,364.18,360.8,363.52,128875,181145,0.0,0.0
2021-08-12,AU,365.3,367.8,364.58,367.16,125076,177641,0.0,0.0
2021-08-13,AU,366.34,368.48,365.12,368.04,101361,176218,0.0,0.0
2021-08-16,AU,369.0,372.98,369.0,371.24,123664,171907,0.0,0.0
2021-08-17,AU,372.02,375.46,371.84,375.02,106219,171740,0.0,0.0
2021-08-18,AU,374.46,375.72,373.14,375.4,116885,169026,0.0,0.0
2021-08-19,AU,374.9,375.14,372.2,374.28,132639,168500,0.0,0.0
2021-08-20,AU,374.88,376.16,372.7,375.5,115068,167847,0.0,0.0
2021-08-23,AU,374.52,375.34,372.34,374.88,131472,166162,0.0,0.0
2021-08-24,AU,377.22,378.44,376.24,377.68,130830,166060,0.0,0.0
2021-08-25,AU,378.4,378.72,375.18,375.54,117951,164348,0.0,0.0
2021-08-26,AU,376.18,376.36,373.38,373.96,131542,162352,0.0,0.0
2021-08-27,AU,373.42,378.5,372.1,377.78,150179,166528,0.0,0.0
2021-08-30,AU,377.08,381.16,374.5,379.04,203739,165580,0.0,0.0
2021-08-31,AU,378.86,379.68,377.44,378.84,101798,166345,0.0,0.0
2021-09-01,AU,377.44,379.4,375.88,379.12,137823,167142,0.0,0.0
2021-09-02,AU,379.64,380.82,377.36,378.92,104293,164443,0.0,0.0
2021-09-03,AU,378.48,378.88,376.56,378.54,102387,163961,0.0,0.0
2021-09-06,AU,379.88,382.04,378.88,380.96,143744,164582,0.0,0.0
2021-09-07,AU,380.4,381.24,378.84,379.42,78036,161407,0.0,0.0
2021-09-08,AU,378.04,379.26,374.22,374.96,167842,159303,0.0,0.0
2021-09-09,AU,374.96,375.36,371.88,373.2,127951,160372,0.0,0.0
2021-09-10,AU,373.52,375.68,372.0,375.5,132367,157040,0.0,0.0
2021-09-13,AU,373.08,374.16,371.6,373.3,127658,157853,0.0,0.0
2021-09-14,AU,372.86,375.0,372.46,373.82,98133,157861,0.0,0.0
2021-09-15,AU,374.14,376.58,372.92,374.82,130531,157109,0.0,0.0
2021-09-16,AU,374.1,374.46,370.94,371.76,133143,160777,0.0,0.0
2021-09-17,AU,367.24,368.3,364.28,367.86,154250,160573,0.0,0.0
2021-09-22,AU,371.08,373.18,371.08,372.52,57035,156988,0.0,0.0
2021-09-23,AU,371.66,373.92,368.64,369.26,109003,157597,0.0,0.0
2021-09-24,AU,368.28,368.94,365.2,366.78,137054,160962,0.0,0.0
2021-09-27,AU,365.78,368.38,364.4,367.86,118307,158001,0.0,0.0
2021-09-28,AU,367.2,368.14,363.94,364.22,112198,159165,0.0,0.0
2021-09-29,AU,362.6,367.08,362.4,364.48,129797,155242,0.0,0.0
2021-09-30,AU,364.26,364.64,361.76,362.78,140055,151679,0.0,0.0
2021-10-08,AU,366.78,368.28,365.6,367.54,56683,147243,0.0,0.0
2021-10-11,AU,370.88,372.2,365.98,366.16,140192,146727,0.0,0.0
2021-10-12,AU,366.16,368.62,365.92,368.22,83906,145528,0.0,0.0
2021-10-13,AU,367.4,369.58,367.02,368.1,102254,144475,0.0,0.0
2021-10-14,AU,367.44,373.9,366.78,373.24,181822,143981,0.0,0.0
2021-10-15,AU,375.0,375.6,372.3,372.58,93779,142299,0.0,0.0
2021-10-18,AU,368.72,369.98,366.86,367.58,138360,137562,0.0,0.0
2021-10-19,AU,367.0,368.78,366.88,368.76,94492,137915,0.0,0.0
2021-10-20,AU,368.5,369.18,364.94,367.66,137498,135049,0.0,0.0
2021-10-21,AU,370.06,370.2,367.6,369.54,122282,127037,0.0,0.0
2021-10-22,AU,369.18,371.32,368.08,371.08,101225,128332,0.0,0.0
2021-10-25,AU,372.94,374.38,368.44,370.14,182657,126939,0.0,0.0
2021-10-26,AU,372.0,372.8,371.36,371.64,94982,123028,0.0,0.0
2021-10-27,AU,371.0,371.18,367.0,368.92,149465,113356,0.0,0.0
2021-10-28,AU,369.58,372.88,368.16,372.56,146203,109421,0.0,0.0
2021-10-29,AU,371.68,373.96,370.04,370.48,140767,103484,0.0,0.0
2021-11-01,AU,368.1,369.9,367.0,368.78,121484,94942,0.0,0.0
2021-11-02,AU,369.78,371.68,369.28,371.26,91075,93259,0.0,0.0
2021-11-03,AU,370.5,371.06,367.66,368.04,97502,89444,0.0,0.0
2021-11-04,AU,367.24,367.78,364.12,366.58,118253,87386,0.0,0.0
2021-11-05,AU,370.18,372.0,369.9,371.74,109957,88518,0.0,0.0
2021-11-08,AU,371.06,377.7,370.7,375.9,151422,95638,0.0,0.0
2021-11-09,AU,375.96,377.8,375.58,377.46,94669,96097,0.0,0.0
2021-11-10,AU,377.26,378.5,376.08,377.46,101229,88276,0.0,0.0
2021-11-11,AU,377.48,386.0,376.36,383.36,187007,83020,0.0,0.0
2021-11-12,AU,384.12,385.3,383.12,383.6,105561,80368,0.0,0.0
2021-11-15,AU,381.88,385.16,381.56,382.2,124417,76091,0.0,0.0
2021-11-16,AU,383.18,385.18,382.92,384.02,98838,73402,0.0,0.0
2021-11-17,AU,386.0,387.54,381.2,382.26,139112,66519,0.0,0.0
2021-11-18,AU,383.8,384.92,382.76,383.54,88262,64764,0.0,0.0
2021-11-19,AU,384.08,384.46,381.8,382.74,91448,61137,0.0,0.0
2021-11-22,AU,383.46,384.72,378.8,379.14,117269,53275,0.0,0.0
2021-11-23,AU,378.48,379.06,371.58,371.78,144230,46648,0.0,0.0
2021-11-24,AU,370.02,370.28,367.88,369.76,106780,41062,0.0,0.0
2021-11-25,AU,368.26,370.2,367.42,369.78,81274,33694,0.0,0.0
2021-11-26,AU,370.16,373.14,369.36,372.7,95881,67499,0.0,0.0
2021-11-29,AU,373.4,374.62,369.08,371.42,197528,71165,0.0,0.0
2021-11-30,AU,371.2,371.26,368.32,370.24,146617,73424,0.0,0.0
2021-12-01,AU,370.12,372.82,365.64,368.74,247908,78077,0.0,0.0
2021-12-02,AU,368.76,369.38,366.26,367.0,156382,82515,0.0,0.0
2021-12-03,AU,367.4,367.68,364.24,365.92,163294,85729,0.0,0.0
2021-12-06,AU,366.18,369.08,364.9,368.68,174000,84867,0.0,0.0
2021-12-07,AU,368.0,368.8,367.08,367.88,95419,85340,0.0,0.0
2021-12-08,AU,368.28,368.94,365.88,368.28,120371,84263,0.0,0.0
2021-12-09,AU,367.28,367.5,366.02,366.72,108535,84599,0.0,0.0
2021-12-10,AU,366.66,368.36,365.1,365.62,140358,86653,0.0,0.0
2021-12-13,AU,366.18,369.72,365.9,368.14,150454,83095,0.0,0.0
2021-12-14,AU,369.42,369.42,367.6,368.52,93707,81966,0.0,0.0
2021-12-15,AU,367.98,368.16,363.5,364.36,154840,92947,0.0,0.0
2021-12-16,AU,365.0,368.1,363.7,368.08,126793,84017,0.0,0.0
2021-12-17,AU,368.0,372.96,367.9,372.78,169339,80495,0.0,0.0
2021-12-20,AU,374.06,374.76,371.8,372.34,116091,76457,0.0,0.0
2021-12-21,AU,371.7,371.9,369.26,369.72,105785,74404,0.0,0.0
2021-12-22,AU,371.2,371.8,368.68,368.9,103517,74192,0.0,0.0
2021-12-23,AU,370.1,373.24,369.2,372.78,106970,72710,0.0,0.0
2021-12-24,AU,372.68,373.96,371.18,373.56,99060,73933,0.0,0.0
2021-12-27,AU,373.6,374.46,372.42,373.44,52289,65790,0.0,0.0
2021-12-28,AU,372.96,374.6,371.74,374.54,81814,63131,0.0,0.0
2021-12-29,AU,374.7,375.4,371.82,372.58,90308,59323,0.0,0.0
2021-12-30,AU,370.16,372.3,369.16,370.82,102795,54819,0.0,0.0
2021-12-31,AU,372.14,375.28,371.06,374.7,94384,55482,0.0,0.0
2022-01-04,AU,372.0,372.76,371.52,371.74,40002,50227,0.0,0.0
2022-01-05,AU,371.3,373.9,370.74,373.1,74806,48680,0.0,0.0
2022-01-06,AU,373.76,376.04,369.92,370.64,96308,45808,0.0,0.0
2022-01-07,AU,369.0,369.84,368.02,368.14,87693,43436,0.0,0.0
2022-01-10,AU,368.3,369.76,367.12,368.56,89563,41458,0.0,0.0
2022-01-11,AU,368.6,372.34,368.28,371.94,74589,39839,0.0,0.0
2022-01-12,AU,371.72,374.6,370.92,373.92,63261,37307,0.0,0.0
2022-01-13,AU,373.98,375.4,373.54,374.92,65685,35778,0.0,0.0
2022-01-14,AU,374.68,375.04,372.2,374.58,59010,33604,0.0,0.0
2022-01-17,AU,373.56,374.68,371.5,372.52,61879,30014,0.0,0.0
2022-01-18,AU,372.42,373.04,371.36,371.76,28301,26505,0.0,0.0
2022-01-19,AU,373.5,374.86,371.8,373.06,100350,109525,0.0,0.0
2022-01-20,AU,373.72,378.9,373.7,378.4,124632,121124,0.0,0.0
2022-01-21,AU,378.42,379.78,377.52,378.22,96909,124470,0.0,0.0
2022-01-24,AU,377.14,378.84,376.4,377.2,93706,125000,0.0,0.0
2022-01-25,AU,377.44,378.46,375.6,377.92,103475,125384,0.0,0.0
2022-01-26,AU,377.7,380.2,377.42,378.58,107028,127411,0.0,0.0
2022-01-27,AU,378.5,378.8,371.3,371.58,139154,122231,0.0,0.0
2022-01-28,AU,371.72,372.56,369.36,370.1,105630,119198,0.0,0.0
2022-02-07,AU,372.76,373.08,371.9,372.14,38735,116476,0.0,0.0
2022-02-08,AU,372.82,375.34,372.82,374.8,69580,114128,0.0,0.0
2022-02-09,AU,374.52,376.82,374.52,376.58,65610,117233,0.0,0.0
2022-02-10,AU,376.48,377.92,375.68,377.4,73162,122922,0.0,0.0
2022-02-11,AU,377.12,378.5,374.92,375.24,123704,124883,0.0,0.0
2022-02-14,AU,376.48,383.24,375.24,381.7,129559,135136,0.0,0.0
2022-02-15,AU,381.94,385.92,381.24,385.58,135442,144132,0.0,0.0
2022-02-16,AU,379.5,380.2,378.22,379.84,120792,137278,0.0,0.0
2022-02-17,AU,379.5,384.16,379.16,383.54,103142,140114,0.0,0.0
2022-02-18,AU,385.6,388.3,385.56,386.64,152353,146060,0.0,0.0
2022-02-21,AU,386.88,388.8,385.74,386.0,133179,147102,0.0,0.0
2022-02-22,AU,387.62,391.42,386.8,390.72,103148,152155,0.0,0.0
2022-02-23,AU,387.9,389.04,386.6,387.58,108472,154116,0.0,0.0
2022-02-24,AU,386.72,397.36,386.72,396.04,169790,160094,0.0,0.0
2022-02-25,AU,400.24,401.58,389.0,391.42,267276,158160,0.0,0.0
2022-02-28,AU,387.02,392.38,384.46,389.02,199335,148983,0.0,0.0
2022-03-01,AU,389.02,391.12,385.72,389.14,161636,151624,0.0,0.0
2022-03-02,AU,390.9,395.06,389.88,394.5,204677,153579,0.0,0.0
2022-03-03,AU,392.6,394.52,390.94,393.2,178150,152607,0.0,0.0
2022-03-04,AU,393.6,397.08,392.42,394.64,178195,153000,0.0,0.0
2022-03-07,AU,396.2,406.54,395.32,403.3,246146,157362,0.0,0.0
2022-03-08,AU,402.6,412.84,398.38,412.2,248842,160192,0.0,0.0
2022-03-09,AU,409.5,420.74,407.8,417.16,338749,155056,0.0,0.0
2022-03-10,AU,408.32,409.04,399.68,404.0,267975,145334,0.0,0.0
2022-03-11,AU,407.46,408.82,403.54,404.78,186460,143797,0.0,0.0
2022-03-14,AU,402.36,406.48,400.2,402.5,193134,139748,0.0,0.0
2022-03-15,AU,400.28,401.06,393.04,394.46,169348,133762,0.0,0.0
2022-03-16,AU,393.3,394.92,390.7,391.04,154667,131122,0.0,0.0
2022-03-17,AU,392.0,396.26,388.5,395.44,160425,133249,0.0,0.0
2022-03-18,AU,396.38,398.58,395.32,395.9,124890,133459,0.0,0.0
2022-03-21,AU,396.88,396.98,393.74,394.76,121955,133301,0.0,0.0
2022-03-22,AU,394.88,398.06,393.22,397.16,104039,137886,0.0,0.0
2022-03-23,AU,396.18,396.18,392.78,394.76,108928,139380,0.0,0.0
2022-03-24,AU,396.5,400.96,396.3,399.02,111485,142185,0.0,0.0
2022-03-25,AU,400.32,403.7,399.82,401.7,131539,146137,0.0,0.0
2022-03-28,AU,401.5,403.04,397.46,397.68,135966,145537,0.0,0.0
2022-03-29,AU,398.34,399.16,394.76,395.54,97191,143417,0.0,0.0
2022-03-30,AU,390.0,395.54,388.8,394.74,141284,142204,0.0,0.0
2022-03-31,AU,394.96,397.2,392.6,394.34,101336,140897,0.0,0.0
2022-04-01,AU,395.88,398.28,395.08,396.26,106554,140830,0.0,0.0
2022-04-06,AU,394.1,395.74,393.48,394.5,46276,139966,0.0,0.0
2022-04-07,AU,395.18,395.96,393.5,394.94,86765,140573,0.0,0.0
2022-04-08,AU,395.3,397.32,395.3,396.04,95198,142163,0.0,0.0
2022-04-11,AU,396.72,400.18,396.46,399.6,128916,149299,0.0,0.0
2022-04-12,AU,403.44,403.5,398.78,401.78,125403,151812,0.0,0.0
2022-04-13,AU,404.34,404.74,402.02,403.7,134210,157387,0.0,0.0
2022-04-14,AU,405.7,406.08,403.92,404.32,96536,157758,0.0,0.0
2022-04-15,AU,404.96,406.28,402.78,405.82,113478,161169,0.0,0.0
2022-04-18,AU,405.82,408.46,404.92,408.02,73708,160397,0.0,0.0
2022-04-19,AU,408.5,409.04,404.56,405.1,106332,155858,0.0,0.0
2022-04-20,AU,404.46,405.24,399.32,400.06,161069,143143,0.0,0.0
2022-04-21,AU,402.44,405.16,401.76,405.06,102896,142342,0.0,0.0
2022-04-22,AU,404.16,407.16,402.7,406.8,125149,148913,0.0,0.0
2022-04-25,AU,405.66,407.78,403.48,404.42,181631,140109,0.0,0.0
2022-04-26,AU,399.88,402.56,399.6,401.3,153998,132594,0.0,0.0
2022-04-27,AU,401.0,403.2,400.78,400.9,128668,117602,0.0,0.0
2022-04-28,AU,400.8,401.1,397.66,400.82,152938,113128,0.0,0.0
2022-04-29,AU,401.52,407.06,401.32,405.82,136855,111709,0.0,0.0
2022-05-05,AU,402.78,405.04,402.36,404.52,49351,109650,0.0,0.0
2022-05-06,AU,406.54,406.88,401.2,403.6,145835,107145,0.0,0.0
2022-05-09,AU,404.22,406.58,403.44,405.36,114119,106773,0.0,0.0
2022-05-10,AU,403.56,405.76,402.04,402.3,129279,98089,0.0,0.0
2022-05-11,AU,403.58,404.16,398.08,399.94,128547,92201,0.0,0.0
2022-05-12,AU,399.94,404.58,399.62,404.24,130086,89191,0.0,0.0
2022-05-13,AU,403.2,404.34,399.22,399.66,126324,82247,0.0,0.0
2022-05-16,AU,396.62,398.06,394.82,395.84,132666,75447,0.0,0.0
2022-05-17,AU,396.1,398.44,394.56,397.98,97417,65894,0.0,0.0
2022-05-18,AU,396.98,396.98,393.04,393.32,94759,62145,0.0,0.0
2022-05-19,AU,393.48,396.36,393.3,394.96,84776,57132,0.0,0.0
2022-05-20,AU,398.42,398.94,396.48,397.18,97174,47535,0.0,0.0
2022-05-23,AU,396.7,399.08,394.82,397.16,85395,41831,0.0,0.0
2022-05-24,AU,397.6,398.48,395.8,398.08,65760,36863,0.0,0.0
2022-05-25,AU,399.08,400.0,398.46,398.84,68038,29649,0.0,0.0
2022-05-26,AU,399.22,400.58,397.8,400.36,60911,24257,0.0,0.0
2022-05-27,AU,399.98,402.34,399.78,402.14,43290,19791,0.0,0.0
2022-05-30,AU,401.68,402.22,399.56,399.92,90840,68431,0.0,0.0
2022-05-31,AU,399.3,400.56,397.92,399.04,68298,70506,0.0,0.0
2022-06-01,AU,398.58,399.54,395.0,396.36,95514,71583,0.0,0.0
2022-06-02,AU,397.68,399.78,396.78,398.98,90356,70175,0.0,0.0
2022-06-06,AU,397.28,398.6,397.08,398.0,24065,68402,0.0,0.0
2022-06-07,AU,397.28,397.46,395.16,396.0,67655,68849,0.0,0.0
2022-06-08,AU,397.18,398.76,396.9,398.02,66358,66977,0.0,0.0
2022-06-09,AU,399.46,400.5,398.72,398.82,60238,68632,0.0,0.0
2022-06-10,AU,398.74,399.12,397.14,397.54,65595,68174,0.0,0.0
2022-06-13,AU,397.72,406.12,396.46,404.22,162941,78049,0.0,0.0
2022-06-14,AU,401.0,402.22,396.3,396.9,135012,72780,0.0,0.0
2022-06-15,AU,395.86,396.0,393.52,394.46,104836,70940,0.0,0.0
2022-06-16,AU,396.22,397.12,393.32,395.76,101969,70145,0.0,0.0
2022-06-17,AU,395.48,398.8,395.28,398.58,102250,67768,0.0,0.0
2022-06-20,AU,399.68,400.1,396.72,397.0,92530,68741,0.0,0.0
2022-06-21,AU,396.36,397.46,396.04,396.26,48969,69055,0.0,0.0
2022-06-22,AU,396.74,397.76,395.16,396.2,75377,68810,0.0,0.0
2022-06-23,AU,398.44,399.2,396.3,396.7,85445,67153,0.0,0.0
2022-06-24,AU,396.9,398.44,393.02,393.64,114804,67342,0.0,0.0
2022-06-27,AU,393.44,396.36,392.46,396.32,81461,60854,0.0,0.0
2022-06-28,AU,395.2,396.0,393.1,393.86,91042,44398,0.0,0.0
2022-06-29,AU,394.38,395.24,393.14,393.34,68553,42209,0.0,0.0
2022-06-30,AU,395.38,395.78,392.26,392.7,87446,41009,0.0,0.0
2022-07-01,AU,393.9,394.36,388.44,388.94,98916,40811,0.0,0.0
2022-07-04,AU,387.38,391.34,386.7,390.92,89714,38131,0.0,0.0
2022-07-05,AU,389.9,391.18,389.9,390.52,39337,33312,0.0,0.0
2022-07-06,AU,390.0,390.1,381.7,382.86,100756,33505,0.0,0.0
2022-07-07,AU,382.18,382.68,375.06,377.44,112644,33934,0.0,0.0
2022-07-08,AU,376.6,378.0,375.2,377.04,62329,32501,0.0,0.0
2022-07-11,AU,375.9,378.56,375.5,377.0,65924,30024,0.0,0.0
2022-07-12,AU,378.52,381.16,375.78,378.2,96671,121746,0.0,0.0
2022-07-13,AU,377.8,378.3,375.1,375.6,85788,128351,0.0,0.0
2022-07-14,AU,373.7,379.98,373.4,376.1,139404,128926,0.0,0.0
2022-07-15,AU,374.98,375.6,372.16,373.38,123043,131170,0.0,0.0
2022-07-18,AU,373.7,375.58,371.8,374.98,108560,130622,0.0,0.0
2022-07-19,AU,374.94,376.0,373.02,373.84,84271,137330,0.0,0.0
2022-07-20,AU,373.78,375.0,373.3,373.52,73963,138685,0.0,0.0
2022-07-21,AU,374.08,375.24,369.82,370.32,97555,146300,0.0,0.0
2022-07-22,AU,373.7,376.54,371.68,375.98,142536,137504,0.0,0.0
2022-07-25,AU,376.66,379.72,376.06,377.18,105493,138104,0.0,0.0
2022-07-26,AU,376.94,377.84,375.2,377.46,75446,139027,0.0,0.0
2022-07-27,AU,376.4,377.1,375.8,376.64,66567,142175,0.0,0.0
2022-07-28,AU,376.1,380.76,375.0,380.72,105414,142439,0.0,0.0
2022-07-29,AU,381.7,386.48,380.84,386.1,132826,144045,0.0,0.0
2022-08-01,AU,384.06,386.6,383.7,385.8,106224,142865,0.0,0.0
2022-08-02,AU,388.0,391.1,387.2,389.16,101254,146991,0.0,0.0
2022-08-03,AU,391.4,391.5,384.52,387.3,147045,147914,0.0,0.0
2022-08-04,AU,388.16,388.52,384.64,387.9,98142,144753,0.0,0.0
2022-08-05,AU,389.66,392.0,388.1,391.1,91461,145024,0.0,0.0
2022-08-08,AU,387.08,389.52,386.62,388.7,80162,143959,0.0,0.0
2022-08-09,AU,389.72,391.42,389.6,390.46,63863,145258,0.0,0.0
2022-08-10,AU,391.8,393.24,391.0,391.18,68684,147290,0.0,0.0
2022-08-11,AU,392.3,392.46,389.08,389.56,77324,147851,0.0,0.0
2022-08-12,AU,391.04,391.88,389.78,391.22,61410,148698,0.0,0.0
2022-08-15,AU,391.22,393.24,390.8,392.0,81211,151634,0.0,0.0
2022-08-16,AU,390.54,391.76,389.42,391.52,67453,150845,0.0,0.0
2022-08-17,AU,390.02,390.84,389.52,389.9,65455,151262,0.0,0.0
2022-08-18,AU,389.64,389.64,386.7,387.76,72769,151912,0.0,0.0
2022-08-19,AU,388.6,388.96,386.5,387.56,77205,152629,0.0,0.0
2022-08-22,AU,387.9,388.66,386.02,386.26,68649,152993,0.0,0.0
2022-08-23,AU,385.32,387.82,385.0,387.32,61676,154056,0.0,0.0
2022-08-24,AU,386.58,389.6,386.5,389.54,62855,153425,0.0,0.0
2022-08-25,AU,389.0,391.06,388.6,390.82,55400,153126,0.0,0.0
2022-08-26,AU,390.82,391.6,389.62,391.28,56434,153994,0.0,0.0
2022-08-29,AU,389.02,391.12,387.4,387.94,103273,150076,0.0,0.0
2022-08-30,AU,389.74,390.82,389.22,389.3,60243,150886,0.0,0.0
2022-08-31,AU,388.6,389.2,386.6,386.92,68549,152579,0.0,0.0
2022-09-01,AU,385.02,386.8,382.96,383.7,97678,153021,0.0,0.0
2022-09-02,AU,382.84,383.28,381.08,383.02,81362,152378,0.0,0.0
2022-09-05,AU,384.5,387.58,383.5,386.86,76187,148539,0.0,0.0
2022-09-06,AU,387.54,389.1,386.34,388.98,48930,146233,0.0,0.0
2022-09-07,AU,387.8,388.38,385.0,386.36,71015,145708,0.0,0.0
2022-09-08,AU,386.66,389.72,386.18,389.46,68825,143980,0.0,0.0
2022-09-09,AU,388.46,389.52,386.7,389.52,75842,144703,0.0,0.0
2022-09-13,AU,389.46,390.22,388.78,389.66,30917,147143,0.0,0.0
2022-09-14,AU,387.14,388.6,386.66,387.2,83661,146422,0.0,0.0
2022-09-15,AU,388.02,388.56,385.0,385.24,74428,150165,0.0,0.0
2022-09-16,AU,386.22,386.72,382.92,383.6,105207,153193,0.0,0.0
2022-09-19,AU,383.82,386.06,383.48,384.7,81940,151930,0.0,0.0
2022-09-20,AU,384.58,387.0,384.0,385.84,68849,150312,0.0,0.0
2022-09-21,AU,385.48,387.36,384.14,386.98,71320,149144,0.0,0.0
2022-09-22,AU,387.08,387.18,384.26,386.04,74938,147751,0.0,0.0
2022-09-23,AU,388.2,388.2,386.5,387.64,77093,145614,0.0,0.0
2022-09-26,AU,385.0,386.56,382.88,384.38,116323,143474,0.0,0.0
2022-09-27,AU,384.94,385.44,382.3,384.88,85615,143327,0.0,0.0
2022-09-28,AU,385.1,386.0,384.26,385.9,87178,140837,0.0,0.0
2022-09-29,AU,387.76,390.0,387.44,389.66,117404,144035,0.0,0.0
2022-09-30,AU,387.98,391.0,387.34,390.82,89474,146605,0.0,0.0
2022-10-10,AU,398.0,398.0,392.92,393.24,59687,147560,0.0,0.0
2022-10-11,AU,392.6,393.0,391.28,392.72,66393,147396,0.0,0.0
2022-10-12,AU,392.1,393.86,391.5,393.04,70108,147003,0.0,0.0
2022-10-13,AU,393.38,394.0,392.58,393.0,52091,147080,0.0,0.0
2022-10-14,AU,391.5,393.0,390.16,392.42,111854,147554,0.0,0.0
2022-10-17,AU,391.7,392.08,389.52,390.28,79885,143075,0.0,0.0
2022-10-18,AU,392.68,392.82,389.96,390.78,68304,142008,0.0,0.0
2022-10-19,AU,391.5,391.5,389.84,390.18,56600,143302,0.0,0.0
2022-10-20,AU,389.96,390.3,387.8,388.1,73576,139419,0.0,0.0
2022-10-21,AU,388.68,389.46,387.08,387.46,64585,135755,0.0,0.0
2022-10-24,AU,389.74,392.82,388.3,392.72,112181,131608,0.0,0.0
2022-10-25,AU,393.24,394.92,392.62,393.82,72933,132127,0.0,0.0
2022-10-26,AU,393.5,395.0,393.2,393.62,72139,127192,0.0,0.0
2022-10-27,AU,391.7,393.0,391.5,392.7,73381,119134,0.0,0.0
2022-10-28,AU,392.7,393.8,392.52,392.78,58869,117808,0.0,0.0
2022-10-31,AU,391.06,391.92,390.28,391.66,67523,111118,0.0,0.0
2022-11-01,AU,391.36,392.14,390.26,391.46,61577,105950,0.0,0.0
2022-11-02,AU,392.18,393.0,390.8,392.1,58395,103430,0.0,0.0
2022-11-03,AU,393.26,394.0,390.7,390.88,70630,97790,0.0,0.0
2022-11-04,AU,389.08,391.28,388.78,390.8,63961,94019,0.0,0.0
2022-11-07,AU,390.62,394.74,390.24,394.0,79427,92241,0.0,0.0
2022-11-08,AU,394.42,395.58,393.82,394.82,55222,90020,0.0,0.0
2022-11-09,AU,394.86,403.36,394.86,403.26,92599,87016,0.0,0.0
2022-11-10,AU,402.5,404.32,401.9,403.54,65784,83584,0.0,0.0
2022-11-11,AU,403.3,435.28,403.3,406.72,113886,79306,0.0,0.0
2022-11-14,AU,407.4,407.78,402.88,403.44,62777,73879,0.0,0.0
2022-11-15,AU,404.0,407.0,403.78,404.96,83648,142435,0.0,0.0
2022-11-16,AU,406.0,407.84,404.64,407.12,106622,149572,0.0,0.0
2022-11-17,AU,408.54,408.96,406.88,407.7,96880,151907,0.0,0.0
2022-11-18,AU,408.36,408.44,406.82,407.42,88918,155916,0.0,0.0
2022-11-21,AU,406.6,407.0,404.02,405.2,101950,155516,0.0,0.0
2022-11-22,AU,404.74,405.58,403.88,404.86,94354,155423,0.0,0.0
2022-11-23,AU,404.9,405.5,404.04,404.66,85143,156873,0.0,0.0
2022-11-24,AU,404.8,407.36,402.7,406.4,129248,160764,0.0,0.0
2022-11-25,AU,407.1,408.16,406.74,407.6,93404,167140,0.0,0.0
2022-11-28,AU,407.3,409.96,406.62,408.02,123275,167282,0.0,0.0
2022-11-29,AU,408.56,409.04,405.82,406.56,120432,163720,0.0,0.0
2022-11-30,AU,406.7,407.4,404.6,406.12,111763,163566,0.0,0.0
2022-12-01,AU,404.34,407.36,401.22,407.1,148311,162109,0.0,0.0
2022-12-02,AU,407.7,410.12,407.64,409.72,126780,169115,0.0,0.0
2022-12-05,AU,408.04,409.02,405.48,405.72,123776,159256,0.0,0.0
2022-12-06,AU,404.42,404.46,401.36,401.78,128772,158153,0.0,0.0
2022-12-07,AU,403.44,403.68,400.8,401.1,85143,155150,0.0,0.0
2022-12-08,AU,401.4,403.0,401.22,402.44,82213,154121,0.0,0.0
2022-12-09,AU,402.84,404.4,402.4,403.46,100719,150310,0.0,0.0
2022-12-12,AU,404.58,406.56,403.0,403.3,108687,148210,0.0,0.0
2022-12-13,AU,403.58,403.92,402.56,403.54,78632,146433,0.0,0.0
2022-12-14,AU,404.3,409.3,403.92,408.1,154568,153039,0.0,0.0
2022-12-15,AU,406.98,408.22,404.08,404.86,92196,151275,0.0,0.0
2022-12-16,AU,402.02,403.42,401.44,402.9,105956,146476,0.0,0.0
2022-12-19,AU,403.7,406.36,403.08,405.3,99517,140301,0.0,0.0
2022-12-20,AU,404.86,405.68,403.5,405.42,84321,134573,0.0,0.0
2022-12-21,AU,406.5,410.3,406.42,409.5,103246,141855,0.0,0.0
2022-12-22,AU,410.0,411.38,409.58,409.86,77926,141571,0.0,0.0
2022-12-23,AU,410.3,411.2,405.68,406.8,102230,133967,0.0,0.0
2022-12-26,AU,407.44,408.58,406.8,407.24,90355,92944,0.0,0.0
2022-12-27,AU,406.44,408.0,406.44,407.96,48226,84451,0.0,0.0
2022-12-28,AU,408.86,412.48,407.48,408.6,78312,76277,0.0,0.0
2022-12-29,AU,408.58,409.68,407.62,408.36,56145,69937,0.0,0.0
2022-12-30,AU,408.68,410.72,408.3,410.72,56463,63537,0.0,0.0
2023-01-03,AU,412.0,412.34,409.84,411.2,58029,138424,0.0,0.0
2023-01-04,AU,411.26,413.88,410.7,413.26,120196,149575,0.0,0.0
2023-01-05,AU,414.38,415.92,412.4,412.5,124302,156299,0.0,0.0
2023-01-06,AU,411.52,412.78,408.5,409.54,126762,152078,0.0,0.0
2023-01-09,AU,409.32,414.62,409.0,414.0,144186,159731,0.0,0.0
2023-01-10,AU,414.06,414.24,412.14,413.7,101239,163399,0.0,0.0
2023-01-11,AU,413.78,415.18,413.5,414.8,89422,167599,0.0,0.0
2023-01-12,AU,414.2,414.92,411.38,414.58,103031,167155,0.0,0.0
2023-01-13,AU,415.28,416.28,413.0,415.22,139230,166790,0.0,0.0
2023-01-16,AU,415.22,419.36,414.8,417.28,129913,168405,0.0,0.0
2023-01-17,AU,418.2,419.66,417.82,419.0,91928,173400,0.0,0.0
2023-01-18,AU,419.76,420.94,417.04,418.4,131047,174445,0.0,0.0
2023-01-19,AU,420.0,421.48,417.58,419.66,133678,174369,0.0,0.0
2023-01-20,AU,420.28,424.3,419.88,423.5,118571,174298,0.0,0.0
2023-01-30,AU,421.48,422.88,421.14,422.68,52184,173023,0.0,0.0
2023-01-31,AU,421.84,422.3,419.08,419.48,104552,171875,0.0,0.0
2023-02-01,AU,417.96,422.5,417.96,421.58,101480,173729,0.0,0.0
2023-02-02,AU,421.7,425.68,420.44,424.86,109719,178206,0.0,0.0
2023-02-03,AU,425.76,425.98,418.06,419.34,155328,170202,0.0,0.0
2023-02-06,AU,419.34,419.34,412.8,413.8,191854,161566,0.0,0.0
2023-02-07,AU,413.18,413.78,412.22,412.62,107868,157363,0.0,0.0
2023-02-08,AU,412.32,414.22,411.42,412.7,118069,154103,0.0,0.0
2023-02-09,AU,413.5,414.16,411.4,413.52,108221,152758,0.0,0.0
2023-02-10,AU,413.4,414.68,409.74,410.76,130010,145344,0.0,0.0
2023-02-13,AU,412.5,413.52,411.12,413.08,91353,141491,0.0,0.0
2023-02-14,AU,412.3,412.94,410.18,412.74,92246,138685,0.0,0.0
2023-02-15,AU,412.32,414.0,410.86,411.66,167137,137670,0.0,0.0
2023-02-16,AU,410.4,411.66,410.1,411.48,98258,136191,0.0,0.0
2023-02-17,AU,411.7,412.5,409.92,410.26,119210,135692,0.0,0.0
2023-02-20,AU,410.68,413.02,410.22,412.3,104084,133851,0.0,0.0
2023-02-21,AU,412.44,412.96,411.64,411.7,60697,133958,0.0,0.0
2023-02-22,AU,411.5,413.28,411.3,412.94,94793,130244,0.0,0.0
2023-02-23,AU,413.72,414.22,411.2,411.94,88063,127262,0.0,0.0
2023-02-24,AU,411.62,413.5,410.46,413.14,120010,115265,0.0,0.0
2023-02-27,AU,412.1,413.26,411.94,412.2,83014,107333,0.0,0.0
2023-02-28,AU,412.04,413.4,412.04,412.64,92781,73840,0.0,0.0
2023-03-01,AU,411.46,414.64,411.18,414.04,88817,70774,0.0,0.0
2023-03-02,AU,412.98,413.9,412.58,413.62,81946,67693,0.0,0.0
2023-03-03,AU,413.84,415.7,413.78,415.58,68066,66796,0.0,0.0
2023-03-06,AU,416.4,418.64,415.54,418.44,64740,64043,0.0,0.0
2023-03-07,AU,419.52,419.52,418.12,418.82,42751,61962,0.0,0.0
2023-03-08,AU,417.56,417.62,413.8,414.08,77655,56424,0.0,0.0
2023-03-09,AU,413.96,414.62,413.26,414.02,45268,53561,0.0,0.0
2023-03-10,AU,414.96,417.14,414.4,416.76,53450,50636,0.0,0.0
2023-03-13,AU,416.92,422.74,416.1,420.42,94690,48144,0.0,0.0
2023-03-14,AU,423.9,426.74,423.0,426.36,133043,154711,0.0,0.0
2023-03-15,AU,426.38,426.98,424.56,426.54,96764,164756,0.0,0.0
2023-03-16,AU,432.88,434.48,428.44,430.48,165048,165886,0.0,0.0
2023-03-17,AU,432.58,433.68,429.5,432.44,139775,174190,0.0,0.0
2023-03-20,AU,435.18,445.94,435.08,445.02,234497,184872,0.0,0.0
2023-03-21,AU,441.5,444.22,439.9,441.56,163544,183728,0.0,0.0
2023-03-22,AU,439.08,439.58,433.3,435.42,193003,174208,0.0,0.0
2023-03-23,AU,434.08,439.9,433.84,438.36,156312,178980,0.0,0.0
2023-03-24,AU,437.88,442.36,437.4,440.7,159741,180777,0.0,0.0
2023-03-27,AU,443.7,444.34,438.0,438.14,163748,175346,0.0,0.0
2023-03-28,AU,434.24,437.28,434.0,436.18,120749,166725,0.0,0.0
2023-03-29,AU,437.88,440.18,436.32,437.76,110786,167148,0.0,0.0
2023-03-30,AU,438.1,439.7,437.06,438.9,103888,167592,0.0,0.0
2023-03-31,AU,438.92,441.5,437.66,441.2,116913,170940,0.0,0.0
2023-04-03,AU,440.8,441.2,434.6,435.62,139362,160589,0.0,0.0
2023-04-04,AU,440.48,441.84,438.7,440.7,135008,163791,0.0,0.0
2023-04-06,AU,447.56,448.0,446.12,447.18,57806,165653,0.0,0.0
2023-04-07,AU,446.8,447.44,444.76,447.32,94427,168655,0.0,0.0
2023-04-10,AU,446.48,446.82,441.64,442.8,83936,165314,0.0,0.0
2023-04-11,AU,442.02,445.12,441.12,444.84,107590,165807,0.0,0.0
2023-04-12,AU,444.44,450.2,444.04,448.84,129654,174723,0.0,0.0
2023-04-13,AU,449.96,450.0,445.46,448.82,129526,174862,0.0,0.0
2023-04-14,AU,452.96,453.28,449.88,451.0,148264,176001,0.0,0.0
2023-04-17,AU,448.74,449.56,442.2,446.08,206577,164440,0.0,0.0
2023-04-18,AU,444.3,444.8,440.7,444.26,125647,157994,0.0,0.0
2023-04-19,AU,444.7,446.94,443.04,443.98,133379,151238,0.0,0.0
2023-04-20,AU,441.9,445.18,441.02,444.54,139017,143699,0.0,0.0
2023-04-21,AU,445.5,446.56,441.64,442.5,128761,137660,0.0,0.0
2023-04-24,AU,442.22,444.66,439.56,441.16,169080,123763,0.0,0.0
2023-04-25,AU,441.5,445.24,440.06,444.98,121581,117526,0.0,0.0
2023-04-26,AU,445.42,448.56,444.02,446.34,107214,114524,0.0,0.0
2023-04-27,AU,446.26,448.9,444.5,447.28,122132,112792,0.0,0.0
2023-04-28,AU,444.18,445.5,442.62,444.04,116208,104642,0.0,0.0
2023-05-04,AU,458.26,459.98,454.72,455.26,104705,181965,0.0,0.0
2023-05-05,AU,455.5,459.96,455.14,457.92,187837,194220,0.0,0.0
2023-05-08,AU,451.34,452.38,447.62,452.36,201777,184003,0.0,0.0
2023-05-09,AU,452.84,454.1,451.38,453.18,142035,188589,0.0,0.0
2023-05-10,AU,453.56,455.74,452.94,454.9,140134,192028,0.0,0.0
2023-05-11,AU,457.48,457.48,453.26,454.82,170738,195037,0.0,0.0
2023-05-12,AU,456.72,457.18,450.5,451.5,218450,189274,0.0,0.0
2023-05-15,AU,452.64,454.56,452.08,453.42,186261,194528,0.0,0.0
2023-05-16,AU,453.8,454.68,451.28,452.26,163253,188413,0.0,0.0
2023-05-17,AU,453.8,453.92,448.6,450.24,217667,184116,0.0,0.0
2023-05-18,AU,449.64,450.18,447.42,449.4,180446,185855,0.0,0.0
2023-05-19,AU,448.7,448.7,446.1,447.62,203726,179045,0.0,0.0
2023-05-22,AU,445.76,450.9,445.24,449.54,230236,187340,0.0,0.0
2023-05-23,AU,449.6,450.46,447.26,447.62,161126,185611,0.0,0.0
2023-05-24,AU,447.04,451.34,447.04,449.9,192522,187177,0.0,0.0
2023-05-25,AU,450.9,451.08,447.08,448.0,212054,181895,0.0,0.0
2023-05-26,AU,445.26,447.28,444.6,445.5,217222,169726,0.0,0.0
2023-05-29,AU,445.4,446.3,443.62,445.66,170564,171217,0.0,0.0
2023-05-30,AU,446.24,446.4,443.92,444.62,125731,170541,0.0,0.0
2023-05-31,AU,448.36,451.72,447.26,450.86,198417,185105,0.0,0.0
2023-06-01,AU,451.72,453.76,450.56,450.98,172141,186510,0.0,0.0
2023-06-02,AU,452.2,454.38,451.82,452.3,134947,190399,0.0,0.0
2023-06-05,AU,451.1,452.34,446.5,447.26,183974,180046,0.0,0.0
2023-06-06,AU,447.12,450.86,447.12,450.28,122413,183120,0.0,0.0
2023-06-07,AU,451.54,452.42,450.1,451.1,121200,187812,0.0,0.0
2023-06-08,AU,450.34,452.46,447.92,448.46,186657,182768,0.0,0.0
2023-06-09,AU,450.7,452.38,450.38,452.34,134044,190876,0.0,0.0
2023-06-12,AU,452.12,453.22,451.04,452.5,136954,191169,0.0,0.0
2023-06-13,AU,452.52,453.96,450.5,453.68,134095,195839,0.0,0.0
2023-06-14,AU,453.16,453.7,449.9,450.9,162977,189090,0.0,0.0
2023-06-15,AU,452.28,452.58,447.02,447.14,171681,181646,0.0,0.0
2023-06-16,AU,446.8,451.54,446.8,450.5,155087,177996,0.0,0.0
2023-06-19,AU,451.54,451.88,449.66,451.24,133047,176077,0.0,0.0
2023-06-20,AU,451.18,451.98,450.48,451.76,81947,173751,0.0,0.0
2023-06-21,AU,450.98,450.98,448.02,449.84,144352,161934,0.0,0.0
2023-06-26,AU,448.3,449.54,448.28,449.14,53739,158358,0.0,0.0
2023-06-27,AU,451.16,451.3,448.1,448.86,120377,153334,0.0,0.0
2023-06-28,AU,448.4,449.32,446.04,447.1,176469,116750,0.0,0.0
2023-06-29,AU,447.16,448.44,446.8,447.5,124723,109632,0.0,0.0
2023-06-30,AU,446.04,448.98,445.84,448.6,138212,99794,0.0,0.0
2023-07-03,AU,449.7,451.18,449.1,449.52,119284,93437,0.0,0.0
2023-07-04,AU,450.34,451.58,449.44,449.94,88873,90508,0.0,0.0
2023-07-05,AU,450.36,451.0,449.6,450.7,49959,85789,0.0,0.0
2023-07-06,AU,453.26,453.84,450.94,451.66,148454,171663,0.0,0.0
2023-07-07,AU,448.8,450.98,448.7,450.82,193374,176654,0.0,0.0
2023-07-10,AU,451.66,452.98,451.04,452.08,175905,183553,0.0,0.0
2023-07-11,AU,450.28,452.78,450.2,452.2,187560,184855,0.0,0.0
2023-07-12,AU,451.98,452.96,451.78,452.12,167710,191378,0.0,0.0
2023-07-13,AU,453.28,456.58,452.4,456.32,241639,210245,0.0,0.0
2023-07-14,AU,455.6,456.36,453.34,454.0,218384,209338,0.0,0.0
2023-07-17,AU,454.44,456.14,453.5,455.34,204570,209437,0.0,0.0
2023-07-18,AU,454.48,457.0,454.24,456.94,170294,215469,0.0,0.0
2023-07-19,AU,458.3,463.18,457.78,462.48,258530,227159,0.0,0.0
2023-07-20,AU,462.98,463.68,461.12,461.96,194080,231248,0.0,0.0
2023-07-21,AU,459.94,461.0,458.96,459.3,200703,229079,0.0,0.0
2023-07-24,AU,458.78,459.28,457.58,459.1,196798,225606,0.0,0.0
2023-07-25,AU,459.9,459.96,456.66,456.8,216923,222844,0.0,0.0
2023-07-26,AU,455.9,458.8,455.24,458.68,182891,221741,0.0,0.0
2023-07-27,AU,459.2,460.36,457.52,459.76,194289,223323,0.0,0.0
2023-07-28,AU,457.5,458.0,455.22,456.3,286816,215865,0.0,0.0
2023-07-31,AU,457.3,457.5,455.5,455.98,186640,211841,0.0,0.0
2023-08-01,AU,458.2,458.62,457.3,457.58,152556,209774,0.0,0.0
2023-08-02,AU,455.84,457.44,455.22,457.18,164606,209074,0.0,0.0
2023-08-03,AU,456.5,456.86,454.96,455.04,161216,207551,0.0,0.0
2023-08-04,AU,453.76,455.36,453.62,454.4,160961,204252,0.0,0.0
2023-08-07,AU,455.4,456.82,454.88,455.64,171277,200039,0.0,0.0
2023-08-08,AU,455.58,456.14,454.44,455.64,110788,199723,0.0,0.0
2023-08-09,AU,454.96,456.22,454.66,455.36,147298,198669,0.0,0.0
2023-08-10,AU,454.7,455.44,453.08,453.62,156507,201894,0.0,0.0
2023-08-11,AU,454.58,455.82,453.76,455.56,169611,201635,0.0,0.0
2023-08-14,AU,455.88,456.28,455.04,455.74,116013,200427,0.0,0.0
2023-08-15,AU,455.82,456.0,454.68,455.86,124451,199820,0.0,0.0
2023-08-16,AU,456.02,457.34,455.9,457.1,138953,203581,0.0,0.0
2023-08-17,AU,457.0,457.58,455.52,456.86,120772,200472,0.0,0.0
2023-08-18,AU,456.6,457.0,454.8,455.1,135692,194838,0.0,0.0
2023-08-21,AU,455.12,457.48,454.5,457.08,127984,194884,0.0,0.0
2023-08-22,AU,456.98,456.98,455.4,456.5,112821,188078,0.0,0.0
2023-08-23,AU,456.66,458.26,455.86,457.88,121657,189995,0.0,0.0
2023-08-24,AU,458.26,460.62,457.94,460.04,130300,188719,0.0,0.0
2023-08-25,AU,459.12,459.9,458.44,458.5,120951,163763,0.0,0.0
2023-08-28,AU,459.06,459.48,457.4,458.62,135078,143683,0.0,0.0
2023-08-29,AU,459.02,460.72,458.3,460.14,88464,132728,0.0,0.0
2023-08-30,AU,459.5,462.02,459.48,461.48,143858,88395,0.0,0.0
2023-08-31,AU,462.6,463.24,461.66,463.16,86609,79699,0.0,0.0
2023-09-01,AU,461.82,462.86,461.1,462.46,88305,69172,0.0,0.0
2023-09-04,AU,463.68,465.48,461.48,464.38,88769,65184,0.0,0.0
2023-09-05,AU,463.96,465.46,463.12,464.98,66963,190823,0.0,0.0
2023-09-06,AU,464.8,465.06,463.6,464.24,83041,191966,0.0,0.0
2023-09-07,AU,463.98,464.72,463.38,464.12,92595,197251,0.0,0.0
2023-09-08,AU,465.0,467.58,463.96,466.84,106633,205721,0.0,0.0
2023-09-11,AU,466.22,467.94,465.88,466.54,117227,205222,0.0,0.0
2023-09-12,AU,466.82,467.24,465.94,466.76,83461,205592,0.0,0.0
2023-09-13,AU,465.52,468.74,465.5,467.66,108723,206913,0.0,0.0
2023-09-14,AU,468.02,472.98,466.86,472.0,162409,216794,0.0,0.0
2023-09-15,AU,471.9,480.26,466.96,469.72,301876,210228,0.0,0.0
2023-09-18,AU,470.2,473.12,465.88,467.32,208045,202374,0.0,0.0
2023-09-19,AU,467.32,470.36,466.48,469.8,98489,202205,0.0,0.0
2023-09-20,AU,470.24,472.76,469.54,471.38,101713,203158,0.0,0.0
2023-09-21,AU,471.5,473.0,470.16,470.88,107786,202379,0.0,0.0
2023-09-22,AU,469.22,472.02,468.02,470.48,142986,204284,0.0,0.0
2023-09-25,AU,470.88,471.78,469.62,471.48,75993,204002,0.0,0.0
2023-09-26,AU,472.0,472.2,470.3,470.6,95477,204379,0.0,0.0
2023-09-27,AU,470.2,470.7,465.16,466.9,150432,195417,0.0,0.0
2023-09-28,AU,465.04,465.74,455.0,459.5,217875,195595,0.0,0.0
2023-10-09,AU,454.0,456.0,451.74,454.8,93951,188401,0.0,0.0
2023-10-10,AU,453.04,454.4,450.06,450.58,152411,185579,0.0,0.0
2023-10-11,AU,450.7,451.44,449.32,450.4,104754,178091,0.0,0.0
2023-10-12,AU,451.92,454.04,450.94,453.66,98888,173726,0.0,0.0
2023-10-13,AU,453.64,455.28,452.5,454.92,84829,167366,0.0,0.0
2023-10-16,AU,461.4,465.76,459.72,461.2,179576,159552,0.0,0.0
2023-10-17,AU,462.02,463.42,461.6,463.4,77915,155999,0.0,0.0
2023-10-18,AU,465.04,468.18,463.88,467.94,116649,152948,0.0,0.0
2023-10-19,AU,470.0,472.18,468.2,471.26,149768,154367,0.0,0.0
2023-10-20,AU,472.46,477.56,471.44,476.68,170195,157375,0.0,0.0
2023-10-23,AU,475.78,479.44,473.56,476.0,174064,155737,0.0,0.0
2023-10-24,AU,476.0,476.7,474.5,475.2,103427,152330,0.0,0.0
2023-10-25,AU,473.52,475.36,472.22,473.92,116511,146892,0.0,0.0
2023-10-26,AU,474.66,477.22,472.6,476.66,150524,144170,0.0,0.0
2023-10-27,AU,475.46,477.58,474.24,476.98,129089,135504,0.0,0.0
2023-10-30,AU,475.98,482.34,475.62,478.12,135419,125881,0.0,0.0
2023-10-31,AU,478.36,480.12,478.12,478.94,111271,114676,0.0,0.0
2023-11-01,AU,478.7,481.3,476.24,477.18,120722,106686,0.0,0.0
2023-11-02,AU,478.78,479.56,477.06,478.72,114608,183499,0.0,0.0
2023-11-03,AU,479.0,479.28,477.08,478.2,121323,183840,0.0,0.0
2023-11-06,AU,480.5,480.5,475.44,475.96,211131,184269,0.0,0.0
2023-11-07,AU,475.8,476.76,473.66,474.0,123570,185431,0.0,0.0
2023-11-08,AU,471.5,473.28,470.38,471.84,153684,183809,0.0,0.0
2023-11-09,AU,471.44,472.38,468.44,468.9,161457,183936,0.0,0.0
2023-11-10,AU,468.48,472.38,467.84,471.36,167802,183277,0.0,0.0
2023-11-13,AU,469.44,470.12,467.3,469.98,154240,186537,0.0,0.0
2023-11-14,AU,468.86,471.7,468.34,471.52,127375,187768,0.0,0.0
2023-11-15,AU,471.26,474.24,470.48,472.98,169300,189569,0.0,0.0
2023-11-16,AU,473.38,473.38,471.04,471.86,139217,190888,0.0,0.0
2023-11-17,AU,471.76,474.44,471.28,473.44,157364,196046,0.0,0.0
2023-11-20,AU,472.22,472.96,467.94,468.0,169359,197106,0.0,0.0
2023-11-21,AU,466.7,467.34,463.82,466.98,176755,196248,0.0,0.0
2023-11-22,AU,466.64,469.7,465.48,466.1,210209,201731,0.0,0.0
2023-11-23,AU,467.0,468.1,464.46,465.46,156914,199626,0.0,0.0
2023-11-24,AU,465.08,465.96,464.86,465.9,82652,198939,0.0,0.0
2023-11-27,AU,466.16,471.2,466.16,470.08,174440,191754,0.0,0.0
2023-11-28,AU,470.86,472.12,469.74,471.6,133867,193020,0.0,0.0
2023-11-29,AU,471.6,477.0,471.22,475.46,204742,200916,0.0,0.0
2023-11-30,AU,475.16,476.48,474.72,475.72,141553,203317,0.0,0.0
2023-12-01,AU,475.4,476.7,474.32,475.78,140499,204166,0.0,0.0
2023-12-04,AU,475.2,486.48,474.46,481.62,220202,206229,0.0,0.0
2023-12-05,AU,480.52,481.38,472.38,475.0,244094,198339,0.0,0.0
2023-12-06,AU,473.74,474.7,471.38,474.08,148739,197578,0.0,0.0
2023-12-07,AU,474.0,475.94,474.0,474.88,127302,197216,0.0,0.0
2023-12-08,AU,475.28,476.58,473.28,475.2,120772,194309,0.0,0.0
2023-12-11,AU,475.0,475.18,469.92,471.6,171616,190289,0.0,0.0
2023-12-12,AU,470.78,470.78,467.7,469.9,121354,185592,0.0,0.0
2023-12-13,AU,469.86,471.52,468.58,469.02,129229,177187,0.0,0.0
2023-12-14,AU,469.72,477.94,468.74,476.2,118460,177733,0.0,0.0
2023-12-15,AU,476.54,477.16,474.34,475.46,123606,172647,0.0,0.0
2023-12-18,AU,476.52,476.6,473.0,474.9,117349,171748,0.0,0.0
2023-12-19,AU,475.04,476.92,474.64,475.9,69023,169353,0.0,0.0
2023-12-20,AU,476.3,477.86,475.56,476.92,86361,172115,0.0,0.0
2023-12-21,AU,476.1,477.46,475.46,477.02,88478,169432,0.0,0.0
2023-12-22,AU,477.06,480.9,476.3,479.54,123188,167366,0.0,0.0
2023-12-25,AU,481.22,482.92,479.36,480.8,126682,159260,0.0,0.0
2023-12-26,AU,481.0,481.78,480.5,481.4,60716,152602,0.0,0.0
2023-12-27,AU,481.06,483.12,479.6,482.6,78178,144614,0.0,0.0
2023-12-28,AU,483.42,485.38,482.82,483.6,94297,137197,0.0,0.0
2023-12-29,AU,481.6,482.68,479.86,481.7,112640,106807,0.0,0.0
2024-01-02,AU,481.24,483.8,480.82,483.32,37141,102542,0.0,0.0
2024-01-03,AU,483.7,484.26,482.0,483.58,103087,159693,0.0,0.0
2024-01-04,AU,480.8,482.12,478.9,481.64,153003,162541,0.0,0.0
2024-01-05,AU,481.74,483.18,480.86,482.38,94913,164224,0.0,0.0
2024-01-08,AU,481.5,484.52,480.06,481.72,195026,166978,0.0,0.0
2024-01-09,AU,479.68,482.0,478.82,481.02,130398,166784,0.0,0.0
2024-01-10,AU,481.2,482.26,479.76,479.86,126122,169229,0.0,0.0
2024-01-11,AU,480.62,481.48,479.48,480.24,115386,167979,0.0,0.0
2024-01-12,AU,480.28,482.3,477.68,480.78,206543,171505,0.0,0.0
2024-01-15,AU,482.7,484.4,482.04,483.58,183843,178695,0.0,0.0
2024-01-16,AU,483.58,484.0,482.92,483.34,79238,180945,0.0,0.0
2024-01-17,AU,482.0,483.18,479.42,479.66,194971,177231,0.0,0.0
2024-01-18,AU,480.94,480.98,478.06,478.72,154120,173928,0.0,0.0
2024-01-19,AU,479.2,480.74,478.46,480.36,102473,171230,0.0,0.0
2024-01-22,AU,481.7,482.24,478.64,478.88,152765,169402,0.0,0.0
2024-01-23,AU,480.3,480.3,477.22,479.18,119090,167077,0.0,0.0
2024-01-24,AU,478.52,478.84,477.74,478.66,89558,163942,0.0,0.0
2024-01-25,AU,478.96,479.16,476.32,476.84,158471,165828,0.0,0.0
2024-01-26,AU,476.84,478.98,476.4,478.72,135260,161768,0.0,0.0
2024-01-29,AU,478.72,480.44,477.96,480.04,125295,162194,0.0,0.0
2024-01-30,AU,480.08,481.32,479.12,481.0,121527,163600,0.0,0.0
2024-01-31,AU,481.42,482.74,480.58,481.58,145507,166590,0.0,0.0
2024-02-01,AU,482.0,483.72,481.58,482.84,124204,170277,0.0,0.0
2024-02-02,AU,481.5,484.9,480.84,484.82,154979,177788,0.0,0.0
2024-02-05,AU,484.56,485.18,481.0,481.44,155372,167263,0.0,0.0
2024-02-06,AU,480.38,481.86,479.76,480.66,86678,162750,0.0,0.0
2024-02-07,AU,480.1,482.78,480.1,482.1,81485,162826,0.0,0.0
2024-02-08,AU,482.86,484.28,482.36,483.54,68874,162056,0.0,0.0
2024-02-19,AU,480.96,481.48,479.66,480.7,48395,157903,0.0,0.0
2024-02-20,AU,480.2,481.06,480.08,480.42,50524,148828,0.0,0.0
2024-02-21,AU,481.4,482.08,480.3,480.42,77555,145169,0.0,0.0
2024-02-22,AU,480.7,481.02,479.32,480.06,53831,143293,0.0,0.0
2024-02-23,AU,480.08,480.54,478.52,478.96,75190,142763,0.0,0.0
2024-02-26,AU,479.96,481.8,479.74,481.54,84933,137700,0.0,0.0
2024-02-27,AU,481.22,481.7,480.22,481.42,73967,123068,0.0,0.0
2024-02-28,AU,482.1,482.3,481.12,481.28,90141,83882,0.0,0.0
2024-02-29,AU,481.16,482.2,481.04,481.82,56471,75837,0.0,0.0
2024-03-01,AU,480.8,484.04,480.8,483.8,82911,73095,0.0,0.0
2024-03-04,AU,485.1,490.86,483.54,490.1,115111,71784,0.0,0.0
2024-03-05,AU,490.44,498.24,490.44,497.36,223914,217026,0.0,0.0
2024-03-06,AU,498.64,502.56,498.1,500.7,230223,226577,0.0,0.0
2024-03-07,AU,501.9,507.0,500.6,505.88,242473,232372,0.0,0.0
2024-03-08,AU,506.12,507.54,503.3,506.28,188898,230787,0.0,0.0
2024-03-11,AU,507.0,511.66,505.06,508.3,304482,233524,0.0,0.0
2024-03-12,AU,507.4,509.26,506.22,506.74,143399,232204,0.0,0.0
2024-03-13,AU,505.92,506.2,503.94,505.62,181051,224985,0.0,0.0
2024-03-14,AU,506.3,509.86,505.94,506.34,165628,226692,0.0,0.0
2024-03-15,AU,505.08,508.4,504.74,508.16,136994,231111,0.0,0.0
2024-03-18,AU,506.46,508.16,503.36,504.04,161559,224743,0.0,0.0
2024-03-19,AU,506.2,506.78,504.28,505.22,126757,223608,0.0,0.0
2024-03-20,AU,505.38,506.32,504.44,505.74,92479,224869,0.0,0.0
2024-03-21,AU,505.24,516.0,504.9,515.7,238295,234834,0.0,0.0
2024-03-22,AU,515.5,515.94,508.82,512.48,253862,228361,0.0,0.0
2024-03-25,AU,513.54,516.66,511.56,513.42,230031,232983,0.0,0.0
2024-03-26,AU,514.56,515.54,513.42,514.2,127396,226697,0.0,0.0
2024-03-27,AU,517.02,519.24,514.34,516.42,231783,222000,0.0,0.0
2024-03-28,AU,518.0,520.0,516.54,520.0,199172,229199,0.0,0.0
2024-03-29,AU,523.12,532.54,519.6,531.3,324507,235163,0.0,0.0
2024-04-01,AU,530.2,535.16,528.22,534.04,254438,232639,0.0,0.0
2024-04-02,AU,532.92,534.92,528.26,534.74,319248,226251,0.0,0.0
2024-04-03,AU,534.96,541.8,533.74,541.52,381323,221474,0.0,0.0
2024-04-08,AU,545.58,560.78,543.28,554.74,388087,218577,0.0,0.0
2024-04-09,AU,553.8,559.2,550.96,556.92,367778,211408,0.0,0.0
2024-04-10,AU,558.02,560.88,555.14,558.78,414951,203437,0.0,0.0
2024-04-11,AU,556.34,558.64,552.14,555.22,455540,195790,0.0,0.0
2024-04-12,AU,556.2,570.56,555.3,570.5,367585,201743,0.0,0.0
2024-04-15,AU,570.42,588.28,559.5,563.88,838531,182620,0.0,0.0
2024-04-16,AU,563.96,571.5,555.5,567.0,537866,177039,0.0,0.0
2024-04-17,AU,567.02,572.96,564.44,567.78,487229,176631,0.0,0.0
2024-04-18,AU,568.2,570.96,558.82,565.52,387539,166054,0.0,0.0
2024-04-19,AU,566.56,576.12,562.06,568.3,451771,161989,0.0,0.0
2024-04-22,AU,566.48,570.36,557.52,558.42,235813,163006,0.0,0.0
2024-04-23,AU,553.9,556.18,543.72,544.84,241288,149695,0.0,0.0
2024-04-24,AU,546.8,552.34,546.02,551.0,194167,147224,0.0,0.0
2024-04-25,AU,550.64,554.5,546.5,550.28,168167,134438,0.0,0.0
2024-04-26,AU,552.0,555.2,547.78,554.58,166994,128611,0.0,0.0
2024-04-29,AU,555.58,557.18,550.38,551.46,129250,117838,0.0,0.0
2024-04-30,AU,551.48,553.5,548.04,549.5,80825,109406,0.0,0.0
2024-05-06,AU,542.56,548.46,542.2,548.32,88686,145249,0.0,0.0
2024-05-07,AU,549.6,552.12,548.86,549.82,134427,152555,0.0,0.0
2024-05-08,AU,548.96,550.98,547.1,549.0,139701,158101,0.0,0.0
2024-05-09,AU,549.3,550.24,547.52,548.1,132501,161484,0.0,0.0
2024-05-10,AU,550.04,561.58,548.44,561.4,221130,175824,0.0,0.0
2024-05-13,AU,560.14,562.36,557.06,557.62,218976,176328,0.0,0.0
2024-05-14,AU,557.24,557.9,554.38,554.62,150091,174412,0.0,0.0
2024-05-15,AU,556.98,559.9,556.14,559.02,155143,179472,0.0,0.0
2024-05-16,AU,561.5,567.16,557.38,564.42,244803,184417,0.0,0.0
2024-05-17,AU,563.16,564.96,561.32,564.86,143240,184510,0.0,0.0
2024-05-20,AU,566.86,582.44,566.4,578.84,352510,201747,0.0,0.0
2024-05-21,AU,572.92,581.22,571.0,572.22,288207,195228,0.0,0.0
2024-05-22,AU,575.52,577.66,571.82,573.32,193725,194102,0.0,0.0
2024-05-23,AU,572.16,572.76,556.88,559.72,298603,182550,0.0,0.0
2024-05-24,AU,559.54,560.9,550.46,554.48,250531,181506,0.0,0.0
2024-05-27,AU,554.3,557.76,553.44,555.78,157096,180776,0.0,0.0
2024-05-28,AU,557.5,560.38,555.82,555.96,162654,180724,0.0,0.0
2024-05-29,AU,558.5,561.98,557.16,559.7,197437,182283,0.0,0.0
2024-05-30,AU,555.96,558.52,551.54,554.2,179983,180798,0.0,0.0
2024-05-31,AU,555.68,557.96,554.36,556.86,142963,180458,0.0,0.0
2024-06-03,AU,559.24,560.62,548.82,551.56,219911,177028,0.0,0.0
2024-06-04,AU,553.98,557.68,552.48,556.24,143303,174072,0.0,0.0
2024-06-05,AU,553.44,555.54,549.4,553.62,166557,171997,0.0,0.0
2024-06-06,AU,556.0,564.4,554.2,562.14,198820,181560,0.0,0.0
2024-06-07,AU,560.1,565.62,558.56,562.3,187056,183009,0.0,0.0
2024-06-11,AU,548.84,548.86,543.9,544.78,114009,171917,0.0,0.0
2024-06-12,AU,548.08,548.82,545.52,548.04,114508,167965,0.0,0.0
2024-06-13,AU,552.76,553.7,545.86,548.44,172406,166473,0.0,0.0
2024-06-14,AU,549.32,549.8,543.52,548.48,154506,164108,0.0,0.0
2024-06-17,AU,552.4,553.44,548.9,549.46,151503,162955,0.0,0.0
2024-06-18,AU,549.6,551.56,548.12,550.08,102515,159254,0.0,0.0
2024-06-19,AU,548.7,552.92,548.68,552.4,112158,162498,0.0,0.0
2024-06-20,AU,552.16,557.54,551.4,557.16,113593,166218,0.0,0.0
2024-06-21,AU,556.0,561.96,555.82,559.74,138885,165287,0.0,0.0
2024-06-24,AU,560.26,561.66,550.5,551.18,179860,156262,0.0,0.0
2024-06-25,AU,552.1,554.3,551.3,552.16,95922,150594,0.0,0.0
2024-06-26,AU,551.9,552.76,546.8,548.7,173933,118974,0.0,0.0
2024-06-27,AU,548.48,548.48,544.0,545.4,124778,116018,0.0,0.0
2024-06-28,AU,550.22,551.84,549.04,551.52,112648,110091,0.0,0.0
2024-07-01,AU,553.3,554.1,549.4,551.42,104127,104969,0.0,0.0
2024-07-02,AU,552.22,553.16,550.18,552.48,89881,102440,0.0,0.0
2024-07-03,AU,552.08,556.12,550.9,555.7,115409,99857,0.0,0.0
2024-07-04,AU,557.88,560.26,556.76,558.34,109938,97546,0.0,0.0
2024-07-05,AU,558.38,560.12,557.64,559.66,62181,96114,0.0,0.0
2024-07-08,AU,561.18,565.36,560.6,560.74,124642,93697,0.0,0.0
2024-07-09,AU,560.12,561.94,555.38,558.66,89396,91030,0.0,0.0
2024-07-10,AU,557.92,561.2,555.9,561.1,85961,88154,0.0,0.0
2024-07-11,AU,564.8,566.48,563.06,565.46,119991,149987,0.0,0.0
2024-07-12,AU,570.7,572.68,566.8,568.54,208248,160414,0.0,0.0
2024-07-15,AU,566.8,571.44,566.24,568.34,151999,166089,0.0,0.0
2024-07-16,AU,570.16,574.98,569.54,574.94,202686,182460,0.0,0.0
2024-07-17,AU,574.86,585.84,574.4,581.56,308940,189097,0.0,0.0
2024-07-18,AU,582.08,584.22,575.72,581.48,282721,188199,0.0,0.0
2024-07-19,AU,580.0,580.54,563.82,565.94,307286,175466,0.0,0.0
2024-07-22,AU,562.2,567.22,559.7,565.4,246819,170774,0.0,0.0
2024-07-23,AU,563.76,566.92,561.32,562.6,214986,169409,0.0,0.0
2024-07-24,AU,565.24,569.82,564.12,569.64,203989,177103,0.0,0.0
2024-07-25,AU,570.52,571.48,554.4,555.68,342097,177651,0.0,0.0
2024-07-26,AU,554.86,559.28,551.16,557.38,267377,178847,0.0,0.0
2024-07-29,AU,559.58,564.6,557.84,561.24,224332,176731,0.0,0.0
2024-07-30,AU,561.8,562.5,555.5,562.02,230894,173237,0.0,0.0
2024-07-31,AU,560.86,568.3,559.34,566.28,263948,175987,0.0,0.0
2024-08-01,AU,566.52,573.48,565.5,570.9,228522,178178,0.0,0.0
2024-08-02,AU,572.42,574.3,568.18,574.04,263385,180477,0.0,0.0
2024-08-05,AU,574.42,575.38,554.78,559.94,489030,174392,0.0,0.0
2024-08-06,AU,546.0,559.16,545.44,554.18,349865,167620,0.0,0.0
2024-08-07,AU,552.6,556.96,551.8,556.06,256432,166657,0.0,0.0
2024-08-08,AU,557.82,558.08,552.8,556.1,181575,165949,0.0,0.0
2024-08-09,AU,558.8,563.1,557.32,560.7,207332,164266,0.0,0.0
2024-08-12,AU,562.3,565.48,560.0,565.3,172725,162860,0.0,0.0
2024-08-13,AU,566.54,572.8,565.96,569.46,201710,166111,0.0,0.0
2024-08-14,AU,569.7,570.5,565.06,568.22,177542,163665,0.0,0.0
2024-08-15,AU,568.2,568.28,561.32,566.98,200643,160341,0.0,0.0
2024-08-16,AU,565.18,569.56,563.0,567.74,196532,161704,0.0,0.0
2024-08-19,AU,574.0,576.38,570.4,573.7,282788,164144,0.0,0.0
2024-08-20,AU,571.66,575.16,570.7,574.24,190591,165080,0.0,0.0
2024-08-21,AU,578.0,578.88,571.74,576.2,228314,165001,0.0,0.0
2024-08-22,AU,575.2,576.78,572.08,574.46,191513,161858,0.0,0.0
2024-08-23,AU,573.98,574.0,567.76,572.58,205112,155674,0.0,0.0
2024-08-26,AU,574.2,576.34,572.22,576.2,218021,155282,0.0,0.0
2024-08-27,AU,577.34,578.1,573.8,575.94,193436,133783,0.0,0.0
2024-08-28,AU,575.2,577.7,574.0,575.16,177033,126012,0.0,0.0
2024-08-29,AU,574.0,577.1,572.84,575.06,178399,122234,0.0,0.0
2024-08-30,AU,573.3,576.98,572.88,574.06,208353,115051,0.0,0.0
2024-09-02,AU,574.4,574.4,569.22,570.82,208531,107238,0.0,0.0
2024-09-03,AU,572.38,572.88,570.1,572.12,109032,104324,0.0,0.0
2024-09-04,AU,571.5,572.3,567.12,568.22,194110,95910,0.0,0.0
2024-09-05,AU,569.0,572.36,567.42,572.04,168500,90347,0.0,0.0
2024-09-06,AU,574.0,574.3,571.4,573.68,142148,89056,0.0,0.0
2024-09-09,AU,574.4,574.5,567.04,569.22,252303,82371,0.0,0.0
2024-09-10,AU,572.02,573.62,570.2,573.24,121401,81090,0.0,0.0
2024-09-11,AU,575.16,576.56,571.88,576.12,145025,78224,0.0,0.0
2024-09-12,AU,573.62,575.78,572.0,575.22,136237,71303,0.0,0.0
2024-09-13,AU,577.24,585.2,576.12,583.58,185281,72186,0.0,0.0
2024-09-18,AU,584.88,585.88,582.62,582.98,50533,66725,0.0,0.0
2024-09-19,AU,583.42,587.38,579.62,582.2,127542,61048,0.0,0.0
2024-09-20,AU,584.82,591.0,584.54,590.62,157150,219641,0.0,0.0
2024-09-23,AU,592.58,596.32,589.68,595.14,219129,223747,0.0,0.0
2024-09-24,AU,595.36,597.36,593.0,594.24,215966,220256,0.0,0.0
2024-09-25,AU,594.2,601.88,593.78,598.74,221301,221276,0.0,0.0
2024-09-26,AU,599.72,601.96,598.84,599.9,167856,219750,0.0,0.0
2024-09-27,AU,601.84,602.3,597.02,599.42,210993,213152,0.0,0.0
2024-09-30,AU,600.02,600.2,593.82,596.72,218847,206127,0.0,0.0
2024-10-08,AU,598.0,599.8,595.8,596.22,104044,206129,0.0,0.0
2024-10-09,AU,597.94,598.2,588.02,588.56,244379,198181,0.0,0.0
2024-10-10,AU,590.54,591.18,587.32,590.7,157441,190664,0.0,0.0
2024-10-11,AU,592.28,599.46,591.48,597.38,192063,187991,0.0,0.0
2024-10-14,AU,597.38,604.4,597.18,603.3,170494,196568,0.0,0.0
2024-10-15,AU,601.0,603.96,599.3,603.64,165111,194569,0.0,0.0
2024-10-16,AU,603.46,612.0,603.18,611.98,230572,200322,0.0,0.0
2024-10-17,AU,612.8,615.16,610.24,614.26,216396,200204,0.0,0.0
2024-10-18,AU,613.88,622.88,613.18,619.06,322031,195366,0.0,0.0
2024-10-21,AU,619.14,626.08,617.72,625.82,250464,196470,0.0,0.0
2024-10-22,AU,627.34,628.38,621.0,626.5,254333,187431,0.0,0.0
2024-10-23,AU,627.42,630.44,625.54,629.96,227818,190448,0.0,0.0
2024-10-24,AU,628.72,628.72,617.84,624.54,351695,174608,0.0,0.0
2024-10-25,AU,625.14,626.66,620.84,624.72,238915,165430,0.0,0.0
2024-10-28,AU,624.3,627.8,621.88,626.58,238792,155368,0.0,0.0
2024-10-29,AU,625.14,631.88,624.7,631.8,196802,158500,0.0,0.0
2024-10-30,AU,630.8,639.48,630.04,638.62,238594,158290,0.0,0.0
2024-10-31,AU,637.6,639.3,633.72,635.66,263615,145777,0.0,0.0
2024-11-01,AU,633.86,634.0,624.18,629.72,323563,134619,0.0,0.0
2024-11-04,AU,630.38,632.76,623.22,625.38,258488,124428,0.0,0.0
2024-11-05,AU,625.5,626.78,621.4,625.02,175810,118123,0.0,0.0
2024-11-06,AU,624.8,630.94,622.1,624.06,291828,114178,0.0,0.0
2024-11-07,AU,621.66,622.0,610.7,611.32,362522,106746,0.0,0.0
2024-11-08,AU,613.2,619.6,613.0,615.48,254000,102812,0.0,0.0
2024-11-11,AU,617.72,621.9,614.3,615.78,236935,94539,0.0,0.0
2024-11-12,AU,613.0,613.98,604.62,605.66,249456,88984,0.0,0.0
2024-11-13,AU,604.1,607.16,602.54,604.46,188000,86127,0.0,0.0
2024-11-14,AU,604.9,606.1,592.22,593.1,252657,82207,0.0,0.0
2024-11-15,AU,592.48,597.18,592.12,593.3,190654,80118,0.0,0.0
2024-11-18,AU,594.6,602.42,593.1,600.6,214612,78833,0.0,0.0
2024-11-19,AU,602.14,610.12,601.7,609.84,156356,74960,0.0,0.0
2024-11-20,AU,612.54,613.56,608.22,610.6,172648,67112,0.0,0.0
2024-11-21,AU,611.7,618.06,611.36,617.7,152041,62917,0.0,0.0
2024-11-22,AU,620.24,627.96,619.52,627.88,243349,180353,0.0,0.0
2024-11-25,AU,630.0,631.14,616.84,619.16,405143,174508,0.0,0.0
2024-11-26,AU,622.0,623.34,607.6,610.84,395721,166451,0.0,0.0
2024-11-27,AU,612.6,616.86,609.3,616.46,318560,168097,0.0,0.0
2024-11-28,AU,617.02,618.48,608.6,613.2,358088,172214,0.0,0.0
2024-11-29,AU,615.0,619.24,611.42,618.8,279763,176302,0.0,0.0
2024-12-02,AU,618.14,619.46,610.34,613.28,312505,173499,0.0,0.0
2024-12-03,AU,617.04,620.52,615.22,619.32,253047,174879,0.0,0.0
2024-12-04,AU,617.7,621.18,616.88,618.22,256109,170304,0.0,0.0
2024-12-05,AU,616.0,620.4,614.74,618.4,247844,171665,0.0,0.0
2024-12-06,AU,619.2,619.74,610.72,615.94,312137,163055,0.0,0.0
2024-12-09,AU,615.78,620.88,612.82,619.12,294562,162413,0.0,0.0
2024-12-10,AU,620.7,624.88,619.94,621.44,261386,164398,0.0,0.0
2024-12-11,AU,624.2,629.4,622.7,627.06,299505,174105,0.0,0.0
2024-12-12,AU,627.4,632.06,626.28,631.38,260864,176609,0.0,0.0
2024-12-13,AU,628.6,630.0,622.7,625.6,297976,171425,0.0,0.0
2024-12-16,AU,622.38,623.0,617.68,619.72,215352,163861,0.0,0.0
2024-12-17,AU,621.1,622.7,618.36,619.14,175582,153307,0.0,0.0
2024-12-18,AU,617.5,620.12,615.26,618.5,170427,152071,0.0,0.0
2024-12-19,AU,618.1,619.58,608.88,613.52,232962,151900,0.0,0.0
2024-12-20,AU,613.0,614.4,609.4,613.94,238580,151390,0.0,0.0
2024-12-23,AU,613.3,620.38,612.68,620.14,238863,150291,0.0,0.0
2024-12-24,AU,617.16,618.44,615.6,617.58,166109,142939,0.0,0.0
2024-12-25,AU,616.56,619.78,615.84,619.0,121378,143306,0.0,0.0
2024-12-26,AU,619.32,621.2,617.2,619.74,86289,141497,0.0,0.0
2024-12-27,AU,619.74,621.92,618.6,620.22,152084,139590,0.0,0.0
2024-12-30,AU,618.9,619.42,615.66,617.66,193424,116790,0.0,0.0
2024-12-31,AU,620.24,620.92,616.64,619.44,63625,134111,0.0,0.0
2025-01-02,AU,623.44,625.8,622.98,624.14,40001,138525,0.0,0.0
2025-01-03,AU,627.04,630.16,625.0,629.22,85643,143601,0.0,0.0
2025-01-06,AU,630.0,630.38,625.74,626.2,89184,142162,0.0,0.0
2025-01-07,AU,628.0,628.24,620.4,626.2,121750,144412,0.0,0.0
2025-01-08,AU,628.58,629.84,626.12,629.2,96480,144703,0.0,0.0
2025-01-09,AU,629.4,632.92,627.88,632.9,112466,149758,0.0,0.0
2025-01-10,AU,635.0,637.0,632.72,636.88,110900,158698,0.0,0.0
2025-01-13,AU,636.7,640.94,632.8,638.72,179381,166909,0.0,0.0
2025-01-14,AU,634.6,635.34,632.14,633.6,152096,163406,0.0,0.0
2025-01-15,AU,633.24,637.46,631.16,636.84,187460,172863,0.0,0.0
2025-01-16,AU,637.86,640.66,635.18,639.12,230185,175681,0.0,0.0
2025-01-17,AU,640.36,643.92,639.6,640.68,239089,185478,0.0,0.0
2025-01-20,AU,641.3,641.6,634.22,639.8,242354,186005,0.0,0.0
2025-01-21,AU,638.6,640.26,633.56,639.78,262165,189041,0.0,0.0
2025-01-22,AU,639.92,648.86,639.3,645.46,288931,208119,0.0,0.0
2025-01-23,AU,646.8,647.62,645.1,646.2,214608,207871,0.0,0.0
2025-01-24,AU,644.66,649.96,642.44,648.9,258222,206235,0.0,0.0
2025-01-27,AU,649.52,651.9,645.06,647.54,224571,199780,0.0,0.0
2025-02-05,AU,668.0,671.12,666.24,670.64,118422,205872,0.0,0.0
2025-02-06,AU,672.42,674.2,668.28,668.46,227609,205577,0.0,0.0
2025-02-07,AU,670.48,671.72,664.46,669.9,232702,199458,0.0,0.0
2025-02-10,AU,670.5,679.5,668.2,679.08,371683,201628,0.0,0.0
2025-02-11,AU,682.22,691.76,679.84,685.74,411548,193611,0.0,0.0
2025-02-12,AU,680.0,685.12,677.0,681.22,354672,184046,0.0,0.0
2025-02-13,AU,679.72,686.48,675.12,684.56,359774,186366,0.0,0.0
2025-02-14,AU,685.72,688.66,683.86,688.4,254378,190905,0.0,0.0
2025-02-17,AU,686.02,686.56,674.34,677.1,444372,174667,0.0,0.0
2025-02-18,AU,678.0,683.88,677.2,682.82,200400,177308,0.0,0.0
2025-02-19,AU,684.36,690.24,683.6,687.8,261476,179507,0.0,0.0
2025-02-20,AU,688.5,690.46,684.18,690.0,289045,178647,0.0,0.0
2025-02-21,AU,688.0,689.0,681.82,684.44,384739,170792,0.0,0.0
2025-02-24,AU,684.8,686.9,682.2,685.98,310621,167268,0.0,0.0
2025-02-25,AU,688.04,689.66,683.88,685.58,294169,157636,0.0,0.0
2025-02-26,AU,683.78,686.54,674.6,679.42,436896,128465,0.0,0.0
2025-02-27,AU,682.5,683.78,676.72,678.52,89442,139767,0.0,0.0
2025-02-28,AU,676.5,679.54,673.08,673.48,91848,138459,0.0,0.0
2025-03-03,AU,672.0,674.46,666.96,673.98,111016,134870,0.0,0.0
2025-03-04,AU,676.18,680.26,674.52,678.38,76196,139064,0.0,0.0
2025-03-05,AU,684.5,684.5,679.64,683.9,111033,148889,0.0,0.0
2025-03-06,AU,683.0,683.54,677.46,682.4,100393,152376,0.0,0.0
2025-03-07,AU,678.66,682.48,678.48,681.24,106443,156546,0.0,0.0
2025-03-10,AU,682.24,683.8,678.7,683.04,124587,161820,0.0,0.0
2025-03-11,AU,681.38,681.98,675.94,679.08,112440,160917,0.0,0.0
2025-03-12,AU,680.6,682.02,678.58,681.12,86248,165520,0.0,0.0
2025-03-13,AU,682.7,687.26,680.14,686.18,107484,177720,0.0,0.0
2025-03-14,AU,687.52,699.36,687.16,696.7,160302,190429,0.0,0.0
2025-03-17,AU,698.0,698.74,694.76,697.64,111207,196546,0.0,0.0
2025-03-18,AU,697.0,702.94,696.5,702.38,144981,203341,0.0,0.0
2025-03-19,AU,705.66,710.26,704.16,709.18,162851,203691,0.0,0.0
2025-03-20,AU,708.0,712.1,705.0,710.5,176779,204027,0.0,0.0
2025-03-21,AU,709.8,711.24,705.9,706.96,237973,207301,0.0,0.0
2025-03-24,AU,708.0,708.7,701.32,707.14,283887,208072,0.0,0.0
2025-03-25,AU,706.48,707.82,703.72,706.76,234642,206973,0.0,0.0
2025-03-26,AU,707.0,710.02,706.84,709.02,238342,211694,0.0,0.0
2025-03-27,AU,709.52,711.22,706.5,710.3,243137,211040,0.0,0.0
2025-03-28,AU,714.66,722.88,711.82,722.8,413248,220712,0.0,0.0
2025-03-31,AU,721.48,732.1,719.28,729.8,462424,223123,0.0,0.0
2025-04-01,AU,731.74,739.8,726.14,736.3,510074,219054,0.0,0.0
2025-04-02,AU,737.1,738.5,731.1,733.6,434172,213334,0.0,0.0
2025-04-03,AU,735.88,747.98,731.9,739.04,537550,207566,0.0,0.0
2025-04-07,AU,701.8,728.0,701.0,718.18,559250,191316,0.0,0.0
2025-04-08,AU,718.6,720.38,710.04,719.22,559659,186813,0.0,0.0
2025-04-09,AU,718.26,728.5,716.56,728.14,527616,193194,0.0,0.0
2025-04-10,AU,729.0,744.88,728.6,744.48,703287,200632,0.0,0.0
2025-04-11,AU,743.14,763.62,740.68,757.3,769572,194428,0.0,0.0
2025-04-14,AU,763.0,766.5,757.18,763.64,610748,198618,0.0,0.0
2025-04-15,AU,759.4,765.16,757.32,764.44,447203,200991,0.0,0.0
2025-04-16,AU,763.94,782.38,762.3,781.6,449355,205193,0.0,0.0
2025-04-17,AU,783.5,796.7,781.6,789.22,703874,197636,0.0,0.0
2025-04-18,AU,788.1,791.9,778.14,791.02,595905,196308,0.0,0.0
2025-04-21,AU,790.12,805.56,788.22,805.06,385994,198113,0.0,0.0
2025-04-22,AU,810.3,836.3,808.4,831.42,872331,204670,0.0,0.0
2025-04-23,AU,820.58,828.74,783.06,784.28,1365148,185564,0.0,0.0
2025-04-24,AU,786.28,804.84,774.48,792.2,1125865,173026,0.0,0.0
2025-04-25,AU,795.06,801.36,782.4,787.2,662672,166311,0.0,0.0
2025-04-28,AU,784.5,790.68,777.16,780.04,543425,151558,0.0,0.0
2025-04-29,AU,782.9,794.66,780.52,785.14,433745,143821,0.0,0.0
2025-04-30,AU,786.0,790.3,782.0,782.38,185131,154445,0.0,0.0
2025-05-06,AU,784.88,801.88,784.26,797.2,198879,173827,0.0,0.0
2025-05-07,AU,802.0,809.36,795.6,803.5,413639,188308,0.0,0.0
2025-05-08,AU,803.1,809.88,788.78,790.78,565698,198555,0.0,0.0
2025-05-09,AU,795.86,797.5,777.1,788.42,663192,205859,0.0,0.0
2025-05-12,AU,790.16,792.64,767.5,772.28,608130,210771,0.0,0.0
2025-05-13,AU,760.8,768.66,756.02,767.68,625489,214581,0.0,0.0
2025-05-14,AU,764.0,768.28,760.78,761.72,497536,214778,0.0,0.0
2025-05-15,AU,750.0,752.74,732.64,739.82,744074,211188,0.0,0.0
2025-05-16,AU,747.8,759.2,746.44,751.8,481303,211481,0.0,0.0
2025-05-19,AU,743.7,761.04,743.04,755.86,354299,209904,0.0,0.0
2025-05-20,AU,757.0,759.56,753.12,754.38,268945,211353,0.0,0.0
2025-05-21,AU,760.6,779.2,758.68,778.78,396470,222494,0.0,0.0
2025-05-22,AU,775.16,785.36,773.66,780.1,307542,224049,0.0,0.0
2025-05-23,AU,775.22,780.58,770.0,780.1,330152,220512,0.0,0.0
2025-05-26,AU,785.0,786.82,777.1,777.3,296331,216132,0.0,0.0
2025-05-27,AU,777.9,780.98,770.38,771.6,228706,204795,0.0,0.0
2025-05-28,AU,769.1,773.8,767.2,772.28,210848,199056,0.0,0.0
2025-05-29,AU,772.7,773.74,759.3,764.32,250594,195076,0.0,0.0
2025-05-30,AU,773.58,776.16,768.6,771.8,236013,181246,0.0,0.0
2025-06-03,AU,789.4,790.0,781.6,783.1,131022,180833,0.0,0.0
2025-06-04,AU,783.1,785.78,777.5,782.42,191944,180310,0.0,0.0
2025-06-05,AU,782.4,787.96,780.72,783.72,198422,182808,0.0,0.0
2025-06-06,AU,785.92,786.9,776.68,783.24,272195,178314,0.0,0.0
2025-06-09,AU,781.12,783.08,767.08,774.72,255991,173184,0.0,0.0
2025-06-10,AU,774.0,777.16,769.42,775.06,179960,170163,0.0,0.0
2025-06-11,AU,777.7,779.76,774.02,777.54,165488,168745,0.0,0.0
2025-06-12,AU,777.0,786.5,774.98,785.16,218198,172351,0.0,0.0
2025-06-13,AU,786.98,801.14,785.16,794.36,294538,176244,0.0,0.0
2025-06-16,AU,798.4,800.3,791.1,792.3,228842,176077,0.0,0.0
2025-06-17,AU,792.68,792.68,782.1,785.08,192880,168917,0.0,0.0
2025-06-18,AU,785.36,787.48,781.54,785.42,164233,162420,0.0,0.0
2025-06-19,AU,786.5,789.1,779.26,781.24,190490,161030,0.0,0.0
2025-06-20,AU,783.1,784.98,777.22,778.58,149695,156300,0.0,0.0
2025-06-23,AU,777.26,784.48,776.46,781.3,158979,152358,0.0,0.0
2025-06-24,AU,782.0,787.96,769.66,771.86,248445,147343,0.0,0.0
2025-06-25,AU,769.86,774.42,764.98,773.94,159583,145731,0.0,0.0
2025-06-26,AU,771.9,775.68,770.22,775.28,128026,135266,0.0,0.0
2025-06-27,AU,774.18,776.86,767.1,768.64,174515,148475,0.0,0.0
2025-06-30,AU,764.1,768.58,760.58,767.58,211285,155821,0.0,0.0
2025-07-01,AU,766.18,776.64,765.4,776.1,171739,167465,0.0,0.0
2025-07-02,AU,780.8,781.0,775.02,776.04,202457,168596,0.0,0.0
2025-07-03,AU,779.02,782.24,776.22,781.28,189582,175461,0.0,0.0
2025-07-04,AU,774.02,777.88,773.5,777.06,213782,175040,0.0,0.0
2025-07-07,AU,775.38,777.2,769.34,771.3,190256,175760,0.0,0.0
2025-07-08,AU,771.66,777.28,770.74,776.22,187574,179131,0.0,0.0
2025-07-09,AU,774.98,775.3,765.22,766.82,310838,181258,0.0,0.0
2025-07-10,AU,767.5,774.08,767.08,773.3,205604,184003,0.0,0.0
2025-07-11,AU,773.3,775.88,770.46,773.56,217649,181932,0.0,0.0
2025-07-14,AU,777.62,781.46,776.24,781.4,249578,191083,0.0,0.0
2025-07-15,AU,777.0,781.52,775.84,780.4,216294,198270,0.0,0.0
2025-07-16,AU,778.0,779.4,773.84,776.66,259450,200708,0.0,0.0
2025-07-17,AU,776.22,782.84,773.64,776.28,375362,203084,0.0,0.0
2025-07-18,AU,772.0,777.66,771.9,777.02,221277,202287,0.0,0.0
2025-07-21,AU,780.1,782.58,778.08,781.7,216182,211236,0.0,0.0
2025-07-22,AU,784.7,787.8,784.2,784.84,215395,216722,0.0,0.0
2025-07-23,AU,788.5,794.0,787.6,792.9,286794,222386,0.0,0.0
2025-07-24,AU,790.98,791.22,777.66,778.74,331215,213456,0.0,0.0
2025-07-25,AU,774.88,779.24,774.32,777.32,190255,211851,0.0,0.0
2025-07-28,AU,772.82,775.84,770.58,774.78,256019,209675,0.0,0.0
2025-07-29,AU,772.66,773.3,767.68,771.44,219932,212407,0.0,0.0
2025-07-30,AU,772.7,775.08,770.84,773.78,206379,214105,0.0,0.0
2025-07-31,AU,771.3,772.44,766.86,770.28,260701,217080,0.0,0.0
2025-08-01,AU,772.5,773.16,768.5,770.72,189185,218768,0.0,0.0
2025-08-04,AU,778.5,781.78,778.42,781.42,271828,217696,0.0,0.0
2025-08-05,AU,782.4,786.18,782.3,782.5,193353,218652,0.0,0.0
2025-08-06,AU,782.8,785.82,782.58,783.68,191341,215212,0.0,0.0
2025-08-07,AU,782.28,785.5,781.08,785.02,187081,217630,0.0,0.0
2025-08-08,AU,784.18,788.36,783.34,787.8,251828,220321,0.0,0.0
2025-08-11,AU,787.02,788.92,778.74,779.48,278074,211644,0.0,0.0
2025-08-12,AU,777.52,778.78,775.52,776.04,194063,204736,0.0,0.0
2025-08-13,AU,777.28,777.82,773.8,777.72,206809,201477,0.0,0.0
2025-08-14,AU,778.12,780.58,777.02,778.7,149006,199577,0.0,0.0
2025-08-15,AU,776.9,777.32,773.22,775.8,160609,197655,0.0,0.0
2025-08-18,AU,775.92,777.84,774.52,777.66,129189,194004,0.0,0.0
2025-08-19,AU,776.98,776.98,773.84,775.06,121660,191436,0.0,0.0
2025-08-20,AU,774.72,775.54,770.38,772.68,153091,191473,0.0,0.0
2025-08-21,AU,776.5,777.5,774.32,775.12,128755,183214,0.0,0.0
2025-08-22,AU,776.0,777.22,772.74,773.4,139379,181759,0.0,0.0
2025-08-25,AU,772.6,781.88,772.12,779.18,226253,180149,0.0,0.0
2025-08-26,AU,778.44,782.4,778.26,781.12,118442,174587,0.0,0.0
2025-08-27,AU,780.68,783.28,780.0,781.16,135834,166595,0.0,0.0
2025-08-28,AU,782.0,784.58,781.4,783.22,148309,144467,0.0,0.0
2025-08-29,AU,785.82,787.68,784.42,787.42,44257,152526,0.0,0.0
2025-09-01,AU,788.5,804.08,788.02,802.2,132324,178201,0.0,0.0
2025-09-02,AU,801.28,811.96,800.86,806.18,82702,185302,0.0,0.0
2025-09-03,AU,806.0,818.56,804.38,816.66,111269,193359,0.0,0.0
2025-09-04,AU,820.0,824.98,808.92,814.92,122987,194635,0.0,0.0
2025-09-05,AU,816.88,819.68,809.3,817.52,80168,196626,0.0,0.0
2025-09-08,AU,823.54,826.56,820.02,825.18,130224,203544,0.0,0.0
2025-09-09,AU,830.0,839.34,829.68,837.1,153993,210551,0.0,0.0
2025-09-10,AU,837.1,843.34,830.02,836.06,173781,210656,0.0,0.0
2025-09-11,AU,835.84,839.34,830.84,832.84,107160,210404,0.0,0.0
2025-09-12,AU,832.56,837.76,829.0,836.7,110010,213724,0.0,0.0
2025-09-15,AU,836.12,837.82,830.78,834.1,93304,216585,0.0,0.0
2025-09-16,AU,836.42,844.88,835.64,844.58,128102,225325,0.0,0.0
2025-09-17,AU,844.18,845.88,836.68,837.64,160371,222304,0.0,0.0
2025-09-18,AU,838.1,842.14,826.56,826.82,221255,228640,0.0,0.0
2025-09-19,AU,832.12,833.16,826.86,830.56,210003,240177,0.0,0.0
2025-09-22,AU,831.02,847.26,829.86,846.5,230847,260256,0.0,0.0
2025-09-23,AU,847.5,856.3,845.04,855.44,258495,271553,0.0,0.0
2025-09-24,AU,861.34,862.1,853.74,860.0,285621,274765,0.0,0.0
2025-09-25,AU,860.0,861.22,852.08,854.72,270576,266629,0.0,0.0
2025-09-26,AU,854.0,859.04,850.74,856.06,270430,264305,0.0,0.0
2025-09-29,AU,857.7,867.0,855.56,866.52,333591,263213,0.0,0.0
2025-09-30,AU,866.88,880.0,865.08,874.4,226548,256875,0.0,0.0
2025-10-09,AU,909.96,918.88,903.4,914.32,196126,251108,0.0,0.0
2025-10-10,AU,918.06,921.4,898.06,901.56,434564,238519,0.0,0.0
2025-10-13,AU,904.88,928.88,901.8,927.56,446705,239995,0.0,0.0
2025-10-14,AU,929.5,958.1,929.14,938.98,555171,228457,0.0,0.0
2025-10-15,AU,937.5,960.42,934.5,960.34,420246,230682,0.0,0.0
2025-10-16,AU,958.0,971.58,956.38,966.42,459193,225155,0.0,0.0
2025-10-17,AU,968.56,1001.0,968.56,999.8,640614,222188,0.0,0.0
2025-10-20,AU,989.7,989.8,960.06,970.32,728228,207902,0.0,0.0
2025-10-21,AU,990.0,1001.96,982.28,994.06,496438,205075,0.0,0.0
2025-10-22,AU,962.82,966.64,933.08,952.56,728934,192803,0.0,0.0
2025-10-23,AU,927.66,948.0,923.62,942.28,555735,189131,0.0,0.0
2025-10-24,AU,945.02,951.86,935.56,938.1,370888,185813,0.0,0.0
2025-10-27,AU,936.16,948.46,931.2,934.14,386272,180815,0.0,0.0
2025-10-28,AU,926.92,928.56,900.62,901.38,474483,175916,0.0,0.0
2025-10-29,AU,895.12,911.98,893.64,910.88,363239,168691,0.0,0.0
2025-10-30,AU,919.7,920.24,896.0,912.16,412100,163611,0.0,0.0
2025-10-31,AU,910.0,926.3,908.8,921.92,395964,156890,0.0,0.0
2025-11-03,AU,924.6,927.28,911.18,922.58,341261,151373,0.0,0.0
2025-11-04,AU,921.9,925.86,912.08,915.58,332993,144602,0.0,0.0
2025-11-05,AU,915.42,918.7,903.86,912.26,338102,141427,0.0,0.0
2025-11-06,AU,913.5,917.8,911.68,917.8,238433,137883,0.0,0.0
2025-11-07,AU,920.3,922.84,912.0,921.26,274034,136659,0.0,0.0
2025-11-10,AU,918.74,937.08,916.28,935.98,320659,135933,0.0,0.0
2025-11-11,AU,940.18,952.9,936.2,948.88,282172,130346,0.0,0.0
2025-11-12,AU,949.84,952.08,940.78,945.76,260377,124340,0.0,0.0
2025-11-13,AU,951.28,966.18,948.76,963.82,166257,132169,0.0,0.0
2025-11-14,AU,970.0,970.58,954.9,956.12,172436,134671,0.0,0.0
2025-11-17,AU,943.6,943.6,924.2,932.32,248663,135298,0.0,0.0
2025-11-18,AU,935.36,938.44,920.5,921.34,171891,141830,0.0,0.0
2025-11-19,AU,925.98,941.48,925.3,940.06,204359,148209,0.0,0.0
2025-11-20,AU,945.0,948.86,932.44,935.46,261738,153257,0.0,0.0
2025-11-21,AU,938.54,942.94,926.12,926.94,352583,160306,0.0,0.0
2025-11-24,AU,933.98,940.08,927.52,930.32,314958,164620,0.0,0.0
2025-11-25,AU,935.6,949.78,933.38,946.5,299689,181169,0.0,0.0
2025-11-26,AU,942.56,950.8,939.04,946.72,341225,188763,0.0,0.0
2025-11-27,AU,947.0,949.94,943.2,947.16,273359,195755,0.0,0.0
2025-11-28,AU,947.02,955.5,945.74,953.92,189713,202129,0.0,0.0
2025-12-01,AU,951.92,968.16,948.14,963.28,342979,205323,0.0,0.0
2025-12-02,AU,964.82,968.26,955.22,958.42,313720,202022,0.0,0.0
2025-12-03,AU,958.0,962.18,948.18,956.7,300096,197799,0.0,0.0
2025-12-04,AU,958.0,964.12,949.78,953.42,310489,197638,0.0,0.0
2025-12-05,AU,954.5,962.3,952.62,961.04,237697,196947,0.0,0.0
2025-12-08,AU,962.34,967.88,954.5,958.7,298231,197193,0.0,0.0
2025-12-09,AU,958.04,958.5,949.0,951.54,229564,194493,0.0,0.0
2025-12-10,AU,955.7,959.02,952.22,956.4,222609,192659,0.0,0.0
2025-12-11,AU,954.48,966.6,953.2,957.9,242710,192178,0.0,0.0
2025-12-12,AU,958.9,970.88,955.5,970.66,291736,203873,0.0,0.0
2025-12-15,AU,980.62,985.78,963.5,983.16,439719,203038,0.0,0.0
2025-12-16,AU,983.34,983.8,967.08,971.42,293902,196197,0.0,0.0
2025-12-17,AU,972.5,982.78,971.72,979.72,275889,197105,0.0,0.0
2025-12-18,AU,977.0,982.92,976.54,980.5,241109,196733,0.0,0.0
2025-12-19,AU,977.6,988.8,975.14,979.9,328878,189655,0.0,0.0
2025-12-22,AU,979.9,1000.86,978.32,1000.86,278783,202142,0.0,0.0
2025-12-23,AU,999.36,1018.68,998.0,1014.24,276379,199734,0.0,0.0
2025-12-24,AU,1015.0,1022.88,1000.5,1014.68,351281,186795,0.0,0.0
2025-12-25,AU,1013.94,1014.28,1003.12,1008.76,220136,182179,0.0,0.0
2025-12-26,AU,1007.0,1023.96,1007.0,1016.3,224588,180712,0.0,0.0
2025-12-29,AU,1015.38,1024.0,1006.0,1007.18,345222,166022,0.0,0.0
2025-12-30,AU,1004.72,1007.12,970.02,984.84,391540,144462,0.0,0.0
2025-12-31,AU,993.76,993.76,964.0,977.56,284543,136303,0.0,0.0
2026-01-05,AU,991.0,997.22,988.52,995.0,115147,132422,0.0,0.0
2026-01-06,AU,994.02,1007.42,991.6,1004.98,192487,130217,0.0,0.0
2026-01-07,AU,1006.0,1011.0,997.64,998.9,200099,126146,0.0,0.0
2026-01-08,AU,999.4,1004.94,993.58,997.94,193112,119994,0.0,0.0
2026-01-09,AU,996.7,1007.0,993.0,1006.48,161188,119285,0.0,0.0
2026-01-12,AU,1004.48,1031.3,1003.38,1026.28,238101,116448,0.0,0.0
2026-01-13,AU,1031.32,1038.3,1028.04,1030.44,130801,144219,0.0,0.0
2026-01-14,AU,1031.88,1044.06,1031.44,1043.58,154090,155969,0.0,0.0
2026-01-15,AU,1045.0,1046.0,1031.8,1037.96,150963,158875,0.0,0.0
2026-01-16,AU,1037.36,1040.0,1030.14,1035.5,122555,163285,0.0,0.0
2026-01-19,AU,1036.1,1054.0,1021.64,1051.8,202264,167714,0.0,0.0
2026-01-20,AU,1050.16,1061.16,1047.8,1060.16,168464,185962,0.0,0.0
2026-01-21,AU,1063.0,1101.92,1060.1,1092.3,350273,207261,0.0,0.0
2026-01-22,AU,1097.0,1099.62,1074.0,1087.58,369271,201382,0.0,0.0
2026-01-23,AU,1087.0,1119.12,1084.8,1115.64,288050,206579,0.0,0.0
2026-01-26,AU,1113.0,1151.7,1108.5,1143.32,395962,215820,0.0,0.0
2026-01-27,AU,1145.94,1154.46,1112.78,1148.38,401545,217462,0.0,0.0
2026-01-28,AU,1146.8,1186.76,1134.7,1186.2,430617,222472,0.0,0.0
2026-01-29,AU,1189.6,1258.72,1180.0,1249.12,521258,211816,0.0,0.0
2026-01-30,AU,1246.0,1251.28,1140.0,1161.42,894021,187290,0.0,0.0
2026-02-02,AU,1140.0,1154.78,1005.4,1008.6,893317,178400,0.0,0.0
2026-02-03,AU,1068.46,1098.3,1033.5,1093.78,726056,179293,0.0,0.0
2026-02-04,AU,1100.02,1143.36,1098.68,1141.7,462718,178544,0.0,0.0
2026-02-05,AU,1131.84,1139.8,1077.02,1105.76,631418,172503,0.0,0.0
2026-02-06,AU,1089.0,1105.6,1050.02,1090.12,494742,163840,0.0,0.0
2026-02-09,AU,1104.0,1133.16,1098.38,1125.94,331307,158759,0.0,0.0
2026-02-10,AU,1122.92,1134.46,1116.4,1121.22,218097,156910,0.0,0.0
2026-02-11,AU,1122.68,1132.6,1117.0,1130.4,217933,160510,0.0,0.0
2026-02-12,AU,1133.8,1135.94,1118.2,1126.12,246621,154552,0.0,0.0
2026-02-13,AU,1123.94,1130.38,1087.32,1110.1,303568,153140,0.0,0.0
2026-02-24,AU,1160.0,1162.32,1142.0,1150.5,126903,157411,0.0,0.0
2026-02-25,AU,1144.8,1154.98,1134.0,1151.06,198537,155075,0.0,0.0
2026-02-26,AU,1148.68,1154.46,1144.08,1146.48,169400,151617,0.0,0.0
2026-02-27,AU,1144.5,1150.2,1136.02,1147.9,194706,150146,0.0,0.0
2026-03-02,AU,1150.16,1197.36,1148.62,1197.22,319930,154545,0.0,0.0
2026-03-03,AU,1199.52,1205.78,1175.06,1182.0,392779,139770,0.0,0.0
2026-03-04,AU,1163.2,1165.0,1124.14,1153.06,418498,126419,0.0,0.0
2026-03-05,AU,1153.56,1159.92,1141.54,1152.0,233909,125040,0.0,0.0
2026-03-06,AU,1151.4,1151.8,1131.22,1140.8,272430,113842,0.0,0.0
2026-03-09,AU,1136.0,1152.88,1120.0,1140.0,312400,110866,0.0,0.0
2026-03-10,AU,1145.38,1156.72,1137.28,1153.16,89822,123330,0.0,0.0
2026-03-11,AU,1157.0,1164.28,1150.0,1155.52,76828,132291,0.0,0.0
2026-03-12,AU,1151.0,1156.86,1146.18,1151.52,65754,137300,0.0,0.0
2026-03-13,AU,1152.02,1155.1,1135.0,1135.9,86582,140959,0.0,0.0
2026-03-16,AU,1141.92,1144.0,1113.64,1121.5,102459,144912,0.0,0.0
2026-03-17,AU,1124.5,1125.06,1112.0,1119.16,71848,148093,0.0,0.0
2026-03-18,AU,1120.46,1122.5,1111.14,1116.76,68754,153650,0.0,0.0
2026-03-19,AU,1087.0,1095.2,1060.0,1065.26,152220,155634,0.0,0.0
2026-03-20,AU,1024.98,1059.5,1004.72,1042.02,263642,157330,0.0,0.0
2026-03-23,AU,1044.0,1045.0,929.1,942.8,370312,156398,0.0,0.0
2026-03-24,AU,1001.26,1001.82,959.0,979.8,363001,159914,0.0,0.0
2026-03-25,AU,977.0,1027.88,970.26,1013.96,317182,169532,0.0,0.0
2026-03-26,AU,1014.5,1022.64,986.02,995.98,291301,170696,0.0,0.0
2026-03-27,AU,991.18,1002.76,978.1,998.66,316403,169083,0.0,0.0
2026-03-30,AU,993.46,1019.5,988.1,1014.88,393515,180952,0.0,0.0
2026-03-31,AU,1023.8,1034.2,1011.0,1020.1,335355,180433,0.0,0.0
2026-04-01,AU,1022.92,1053.5,1021.1,1053.18,315640,187601,0.0,0.0
2026-04-02,AU,1052.78,1065.3,1013.72,1023.78,463035,176413,0.0,0.0
2026-04-03,AU,1024.64,1047.44,1019.12,1033.0,306760,174544,0.0,0.0
2026-04-07,AU,1035.0,1037.7,1027.76,1034.28,124206,174903,0.0,0.0
2026-04-08,AU,1032.98,1070.0,1023.0,1062.0,311307,187085,0.0,0.0
2026-04-09,AU,1059.7,1060.0,1038.78,1041.32,265623,182700,0.0,0.0
2026-04-10,AU,1048.5,1059.0,1046.18,1048.36,221263,182265,0.0,0.0
2026-04-13,AU,1053.42,1056.86,1036.8,1043.4,227711,182563,0.0,0.0
2026-04-14,AU,1043.02,1053.0,1038.34,1052.82,216470,184072,0.0,0.0
2026-04-15,AU,1050.0,1070.92,1050.0,1058.24,250768,188609,0.0,0.0
2026-04-16,AU,1058.96,1064.3,1052.0,1061.5,173059,186941,0.0,0.0
2026-04-17,AU,1060.0,1061.62,1050.06,1054.02,204155,181297,0.0,0.0
2026-04-20,AU,1065.0,1074.44,1047.22,1054.96,308208,183293,0.0,0.0
2026-04-21,AU,1056.0,1060.66,1051.1,1051.7,186441,180046,0.0,0.0
2026-04-22,AU,1051.86,1055.46,1037.32,1051.4,258135,178514,0.0,0.0
2026-04-23,AU,1048.0,1050.0,1036.0,1040.06,209677,181005,0.0,0.0
2026-04-24,AU,1045.0,1045.54,1030.7,1032.12,232408,179208,0.0,0.0
2026-04-27,AU,1036.8,1045.42,1035.1,1039.42,182039,173807,0.0,0.0
2026-04-28,AU,1036.24,1036.86,1020.08,1022.1,210036,166173,0.0,0.0
2026-04-29,AU,1015.18,1016.76,1007.24,1011.88,223967,159022,0.0,0.0
2026-04-30,AU,1005.0,1016.38,996.12,1016.12,230115,153650,0.0,0.0
2026-05-06,AU,1018.64,1028.68,1015.88,1028.48,90326,154376,0.0,0.0
2026-05-07,AU,1031.1,1043.74,1028.72,1040.98,191181,157027,0.0,0.0
2026-05-08,AU,1043.28,1046.36,1031.4,1038.22,210748,156036,0.0,0.0
2026-05-11,AU,1038.0,1042.58,1020.16,1026.8,228085,152539,0.0,0.0
2026-05-12,AU,1031.58,1042.9,1029.46,1030.12,199937,146394,0.0,0.0
2026-05-13,AU,1032.56,1034.42,1018.0,1030.56,181640,141285,0.0,0.0
2026-05-14,AU,1027.0,1032.44,1024.08,1029.6,165276,138738,0.0,0.0
2026-05-15,AU,1030.0,1031.34,1000.76,1004.38,239450,127211,0.0,0.0
2026-05-18,AU,999.62,1004.5,987.7,999.8,243185,117961,0.0,0.0
2026-05-19,AU,1006.38,1009.3,998.24,1002.18,92645,130553,0.0,0.0
2026-05-20,AU,1000.22,1000.92,982.2,986.64,130850,141434,0.0,0.0
2026-05-21,AU,990.32,1005.3,984.32,995.38,129057,148862,0.0,0.0
2026-05-22,AU,992.0,1002.16,988.48,995.76,111084,153403,0.0,0.0
2026-05-25,AU,993.98,1005.6,988.14,1001.4,131034,161898,0.0,0.0
2026-05-26,AU,1003.86,1005.22,993.02,995.0,132467,176674,0.0,0.0
2026-05-27,AU,991.86,995.08,982.6,983.56,178132,188341,0.0,0.0
2026-05-28,AU,973.82,976.98,959.08,961.18,280818,192817,0.0,0.0
2026-05-29,AU,969.86,989.96,967.82,989.4,273149,191801,0.0,0.0
2026-06-01,AU,987.92,1003.22,983.5,983.58,240345,193569,0.0,0.0
2026-06-02,AU,982.6,990.96,972.58,990.6,206219,190813,0.0,0.0
2026-06-03,AU,986.48,988.2,974.58,977.08,153332,192532,0.0,0.0
2026-06-04,AU,976.7,980.2,969.0,977.94,165956,191537,0.0,0.0
2026-06-05,AU,985.18,987.96,968.88,974.02,196978,191132,0.0,0.0
2012-05-10,AG,6190.0,6196.0,6082.0,6142.0,259996,33726,0.0,0.0
2012-05-11,AG,6110.0,6115.0,6000.0,6002.0,206804,55020,0.0,0.0
2012-05-14,AG,6040.0,6045.0,5960.0,5977.0,207668,57028,0.0,0.0
2012-05-15,AG,5895.0,5910.0,5711.0,5843.0,445150,82238,0.0,0.0
2012-05-16,AG,5750.0,5786.0,5643.0,5647.0,599186,108376,0.0,0.0
2012-05-17,AG,5705.0,5787.0,5691.0,5763.0,558246,89768,0.0,0.0
2012-05-18,AG,5808.0,5881.0,5768.0,5863.0,695576,92162,0.0,0.0
2012-05-21,AG,5957.0,5964.0,5903.0,5941.0,405766,97686,0.0,0.0
2012-05-22,AG,5920.0,5930.0,5882.0,5890.0,371088,90716,0.0,0.0
2012-05-23,AG,5800.0,5818.0,5759.0,5791.0,300170,90202,0.0,0.0
2012-05-24,AG,5785.0,5838.0,5766.0,5832.0,301270,85938,0.0,0.0
2012-05-25,AG,5858.0,5912.0,5804.0,5904.0,420278,92544,0.0,0.0
2012-05-28,AG,5940.0,5992.0,5916.0,5989.0,381418,94920,0.0,0.0
2012-05-29,AG,5933.0,5982.0,5922.0,5962.0,349920,93104,0.0,0.0
2012-05-30,AG,5817.0,5855.0,5798.0,5801.0,349610,94548,0.0,0.0
2012-05-31,AG,5836.0,5878.0,5826.0,5851.0,365958,85856,0.0,0.0
2012-06-01,AG,5800.0,5840.0,5771.0,5832.0,296984,86528,0.0,0.0
2012-06-04,AG,5923.0,5998.0,5901.0,5947.0,393532,87272,0.0,0.0
2012-06-05,AG,5954.0,5985.0,5921.0,5931.0,323394,87988,0.0,0.0
2012-06-06,AG,6001.0,6092.0,5991.0,6088.0,343846,89946,0.0,0.0
2012-06-07,AG,6145.0,6154.0,6110.0,6133.0,272726,91644,0.0,0.0
2012-06-08,AG,6005.0,6023.0,5905.0,5935.0,316480,79718,0.0,0.0
2012-06-11,AG,6054.0,6099.0,6031.0,6063.0,207094,77300,0.0,0.0
2012-06-12,AG,5992.0,6038.0,5978.0,5988.0,243702,87952,0.0,0.0
2012-06-13,AG,6050.0,6083.0,6040.0,6081.0,184636,80188,0.0,0.0
2012-06-14,AG,6068.0,6128.0,6061.0,6080.0,189246,82052,0.0,0.0
2012-06-15,AG,6050.0,6085.0,6032.0,6070.0,208546,80836,0.0,0.0
2012-06-18,AG,6087.0,6095.0,6003.0,6010.0,309918,99022,0.0,0.0
2012-06-19,AG,6058.0,6080.0,6045.0,6063.0,168258,76972,0.0,0.0
2012-06-20,AG,5996.0,6029.0,5990.0,6010.0,175782,83302,0.0,0.0
2012-06-21,AG,5900.0,5925.0,5893.0,5911.0,141540,75606,0.0,0.0
2012-06-25,AG,5700.0,5742.0,5691.0,5716.0,162514,89926,0.0,0.0
2012-06-26,AG,5830.0,5830.0,5783.0,5791.0,139496,83698,0.0,0.0
2012-06-27,AG,5767.0,5771.0,5725.0,5745.0,134318,90242,0.0,0.0
2012-06-28,AG,5778.0,5782.0,5733.0,5737.0,120318,88586,0.0,0.0
2012-06-29,AG,5651.0,5764.0,5632.0,5751.0,234654,83390,0.0,0.0
2012-07-02,AG,5831.0,5835.0,5785.0,5796.0,156980,73088,0.0,0.0
2012-07-03,AG,5820.0,5915.0,5810.0,5909.0,186102,68056,0.0,0.0
2012-07-04,AG,5952.0,5979.0,5932.0,5948.0,133860,61944,0.0,0.0
2012-07-05,AG,5960.0,5995.0,5944.0,5993.0,118224,64576,0.0,0.0
2012-07-06,AG,5929.0,5932.0,5864.0,5872.0,148200,64902,0.0,0.0
2012-07-09,AG,5790.0,5832.0,5782.0,5806.0,141584,71858,0.0,0.0
2012-07-10,AG,5813.0,5834.0,5795.0,5798.0,100886,69612,0.0,0.0
2012-07-11,AG,5755.0,5780.0,5750.0,5774.0,95358,69642,0.0,0.0
2012-07-12,AG,5774.0,5779.0,5728.0,5743.0,113558,77556,0.0,0.0
2012-07-13,AG,5770.0,5830.0,5764.0,5828.0,96844,69356,0.0,0.0
2012-07-16,AG,5810.0,5834.0,5787.0,5828.0,90630,63190,0.0,0.0
2012-07-17,AG,5845.0,5877.0,5812.0,5830.0,104858,59076,0.0,0.0
2012-07-18,AG,5835.0,5838.0,5780.0,5811.0,76038,57184,0.0,0.0
2012-07-19,AG,5815.0,5828.0,5797.0,5822.0,64602,55478,0.0,0.0
2012-07-20,AG,5809.0,5811.0,5787.0,5799.0,61744,54728,0.0,0.0
2012-07-23,AG,5845.0,5845.0,5777.0,5790.0,76106,54036,0.0,0.0
2012-07-24,AG,5796.0,5822.0,5792.0,5794.0,63916,53654,0.0,0.0
2012-07-25,AG,5784.0,5817.0,5740.0,5745.0,81420,64072,0.0,0.0
2012-07-26,AG,5840.0,5886.0,5820.0,5872.0,100676,55172,0.0,0.0
2012-07-27,AG,5862.0,5932.0,5862.0,5926.0,83740,57758,0.0,0.0
2012-07-30,AG,5923.0,5925.0,5887.0,5893.0,66076,53020,0.0,0.0
2012-07-31,AG,5978.0,6044.0,5972.0,6022.0,124084,61994,0.0,0.0
2012-08-01,AG,5965.0,5992.0,5949.0,5990.0,76542,60402,0.0,0.0
2012-08-02,AG,5880.0,5910.0,5880.0,5896.0,67152,60746,0.0,0.0
2012-08-03,AG,5866.0,5868.0,5842.0,5862.0,54240,62202,0.0,0.0
2012-08-06,AG,5970.0,5972.0,5941.0,5950.0,48632,58854,0.0,0.0
2012-08-07,AG,5966.0,5974.0,5956.0,5966.0,38914,58194,0.0,0.0
2012-08-08,AG,5999.0,5999.0,5953.0,5955.0,56720,60102,0.0,0.0
2012-08-09,AG,5988.0,6022.0,5980.0,6020.0,70034,69126,0.0,0.0
2012-08-10,AG,6005.0,6006.0,5961.0,5975.0,56594,65498,0.0,0.0
2012-08-13,AG,6004.0,6024.0,5986.0,5994.0,78452,68494,0.0,0.0
2012-08-14,AG,5974.0,5980.0,5944.0,5975.0,62094,63982,0.0,0.0
2012-08-15,AG,5961.0,5969.0,5950.0,5953.0,42428,62360,0.0,0.0
2012-08-16,AG,5969.0,5978.0,5945.0,5951.0,40694,64478,0.0,0.0
2012-08-17,AG,6016.0,6037.0,6003.0,6030.0,58038,70790,0.0,0.0
2012-08-20,AG,6000.0,6034.0,5996.0,6019.0,53440,71480,0.0,0.0
2012-08-21,AG,6100.0,6158.0,6094.0,6149.0,119104,91262,0.0,0.0
2012-08-22,AG,6208.0,6266.0,6202.0,6260.0,112388,102880,0.0,0.0
2012-08-23,AG,6337.0,6565.0,6333.0,6524.0,418584,151188,0.0,0.0
2012-08-24,AG,6518.0,6548.0,6459.0,6487.0,313806,155738,0.0,0.0
2012-08-27,AG,6588.0,6708.0,6585.0,6632.0,469970,161640,0.0,0.0
2012-08-28,AG,6551.0,6575.0,6516.0,6566.0,226954,168502,0.0,0.0
2012-08-29,AG,6569.0,6624.0,6560.0,6620.0,305838,176832,0.0,0.0
2012-08-30,AG,6580.0,6587.0,6525.0,6572.0,251916,171226,0.0,0.0
2012-08-31,AG,6500.0,6504.0,6463.0,6494.0,208992,156164,0.0,0.0
2012-09-03,AG,6731.0,6849.0,6730.0,6821.0,309066,196858,0.0,0.0
2012-09-04,AG,6900.0,6932.0,6837.0,6876.0,270772,190506,0.0,0.0
2012-09-05,AG,6869.0,6904.0,6855.0,6877.0,198896,201866,0.0,0.0
2012-09-06,AG,6900.0,7072.0,6889.0,7043.0,504852,261088,0.0,0.0
2012-09-07,AG,6986.0,7006.0,6802.0,6874.0,566630,196494,0.0,0.0
2012-09-10,AG,7182.0,7272.0,7175.0,7213.0,382854,208422,0.0,0.0
2012-09-11,AG,7170.0,7195.0,7115.0,7188.0,361810,205490,0.0,0.0
2012-09-12,AG,7200.0,7220.0,7166.0,7182.0,283692,212072,0.0,0.0
2012-09-13,AG,7109.0,7123.0,7051.0,7056.0,261508,207500,0.0,0.0
2012-09-14,AG,7450.0,7506.0,7356.0,7384.0,421404,201770,0.0,0.0
2012-09-17,AG,7399.0,7405.0,7342.0,7352.0,225840,204484,0.0,0.0
2012-09-18,AG,7275.0,7295.0,7220.0,7289.0,251114,197726,0.0,0.0
2012-09-19,AG,7374.0,7438.0,7300.0,7434.0,387928,216986,0.0,0.0
2012-09-20,AG,7367.0,7405.0,7283.0,7306.0,382430,211416,0.0,0.0
2012-09-21,AG,7396.0,7419.0,7364.0,7409.0,305904,222722,0.0,0.0
2012-09-24,AG,7254.0,7258.0,7098.0,7165.0,333096,190172,0.0,0.0
2012-09-25,AG,7215.0,7220.0,7123.0,7159.0,223366,190490,0.0,0.0
2012-09-26,AG,7120.0,7193.0,7118.0,7150.0,214708,175276,0.0,0.0
2012-09-27,AG,7175.0,7237.0,7168.0,7234.0,264536,190514,0.0,0.0
2012-09-28,AG,7370.0,7405.0,7310.0,7378.0,228456,194762,0.0,0.0
2012-10-08,AG,7256.0,7264.0,7035.0,7105.0,325632,164834,0.0,0.0
2012-10-09,AG,7135.0,7163.0,7099.0,7105.0,203646,174782,0.0,0.0
2012-10-10,AG,7050.0,7091.0,7022.0,7080.0,206778,179800,0.0,0.0
2012-10-11,AG,7058.0,7140.0,7047.0,7120.0,251396,178322,0.0,0.0
2012-10-12,AG,7094.0,7143.0,7065.0,7080.0,226352,172310,0.0,0.0
2012-10-15,AG,6880.0,6924.0,6865.0,6884.0,203468,164562,0.0,0.0
2012-10-16,AG,6822.0,6873.0,6807.0,6865.0,204062,158638,0.0,0.0
2012-10-17,AG,6900.0,6906.0,6860.0,6863.0,147290,153288,0.0,0.0
2012-10-18,AG,6871.0,6915.0,6839.0,6883.0,182880,157806,0.0,0.0
2012-10-19,AG,6832.0,6848.0,6758.0,6759.0,199004,159818,0.0,0.0
2012-10-22,AG,6667.0,6749.0,6663.0,6748.0,161366,147328,0.0,0.0
2012-10-23,AG,6747.0,6770.0,6704.0,6717.0,190176,146964,0.0,0.0
2012-10-24,AG,6682.0,6739.0,6668.0,6738.0,211926,162046,0.0,0.0
2012-10-25,AG,6730.0,6833.0,6713.0,6806.0,368806,194776,0.0,0.0
2012-10-26,AG,6801.0,6829.0,6639.0,6679.0,344532,161058,0.0,0.0
2012-10-29,AG,6768.0,6780.0,6717.0,6723.0,237754,153130,0.0,0.0
2012-10-30,AG,6710.0,6724.0,6670.0,6708.0,195374,146494,0.0,0.0
2012-10-31,AG,6705.0,6730.0,6682.0,6719.0,152548,129826,0.0,0.0
2012-11-01,AG,6804.0,6914.0,6804.0,6907.0,179018,135802,0.0,0.0
2012-11-02,AG,6852.0,6860.0,6703.0,6751.0,253004,120466,0.0,0.0
2012-11-05,AG,6579.0,6606.0,6495.0,6520.0,268620,139982,0.0,0.0
2012-11-06,AG,6552.0,6580.0,6536.0,6569.0,167174,141346,0.0,0.0
2012-11-07,AG,6671.0,6785.0,6648.0,6752.0,358528,151048,0.0,0.0
2012-11-08,AG,6656.0,6712.0,6656.0,6681.0,206396,146770,0.0,0.0
2012-11-09,AG,6750.0,6809.0,6746.0,6775.0,260120,148442,0.0,0.0
2012-11-12,AG,6835.0,6848.0,6765.0,6819.0,250436,159026,0.0,0.0
2012-11-13,AG,6725.0,6741.0,6688.0,6732.0,187190,147978,0.0,0.0
2012-11-14,AG,6800.0,6818.0,6767.0,6817.0,181166,167546,0.0,0.0
2012-11-15,AG,6775.0,6809.0,6766.0,6783.0,173356,167044,0.0,0.0
2012-11-16,AG,6785.0,6796.0,6702.0,6728.0,215134,171684,0.0,0.0
2012-11-19,AG,6745.0,6805.0,6741.0,6788.0,189336,167182,0.0,0.0
2012-11-20,AG,6867.0,6907.0,6853.0,6885.0,217976,167564,0.0,0.0
2012-11-21,AG,6879.0,6879.0,6817.0,6844.0,159218,169334,0.0,0.0
2012-11-22,AG,6913.0,6938.0,6884.0,6884.0,149390,174764,0.0,0.0
2012-11-23,AG,6888.0,6933.0,6855.0,6926.0,157372,178384,0.0,0.0
2012-11-26,AG,7014.0,7045.0,6985.0,7036.0,225798,209532,0.0,0.0
2012-11-27,AG,7058.0,7073.0,7020.0,7029.0,203696,202132,0.0,0.0
2012-11-28,AG,7005.0,7012.0,6932.0,6967.0,208008,191720,0.0,0.0
2012-11-29,AG,6940.0,6944.0,6881.0,6883.0,200980,190978,0.0,0.0
2012-11-30,AG,6960.0,6990.0,6944.0,6982.0,210346,179792,0.0,0.0
2012-12-03,AG,6880.0,6880.0,6804.0,6815.0,237572,183022,0.0,0.0
2012-12-04,AG,6801.0,6801.0,6695.0,6716.0,251742,175582,0.0,0.0
2012-12-05,AG,6671.0,6743.0,6661.0,6737.0,222312,166084,0.0,0.0
2012-12-06,AG,6709.0,6718.0,6625.0,6640.0,242694,167480,0.0,0.0
2012-12-07,AG,6704.0,6722.0,6671.0,6691.0,166690,161820,0.0,0.0
2012-12-10,AG,6716.0,6756.0,6714.0,6742.0,135466,150606,0.0,0.0
2012-12-11,AG,6712.0,6714.0,6671.0,6711.0,124306,145250,0.0,0.0
2012-12-12,AG,6684.0,6724.0,6677.0,6709.0,127032,140054,0.0,0.0
2012-12-13,AG,6720.0,6720.0,6584.0,6600.0,182696,139250,0.0,0.0
2012-12-14,AG,6785.0,6870.0,6776.0,6830.0,211004,124322,0.0,0.0
2012-12-17,AG,6780.0,6841.0,6733.0,6782.0,268520,135448,0.0,0.0
2012-12-18,AG,6805.0,6881.0,6804.0,6875.0,295256,159316,0.0,0.0
2012-12-19,AG,6744.0,6750.0,6692.0,6709.0,246968,147928,0.0,0.0
2012-12-20,AG,6609.0,6629.0,6563.0,6604.0,233014,153478,0.0,0.0
2012-12-21,AG,6388.0,6393.0,6308.0,6334.0,345726,184338,0.0,0.0
2012-12-24,AG,6350.0,6418.0,6335.0,6402.0,262284,188300,0.0,0.0
2012-12-25,AG,6350.0,6380.0,6302.0,6319.0,244038,194794,0.0,0.0
2012-12-26,AG,6335.0,6355.0,6313.0,6327.0,210776,199610,0.0,0.0
2012-12-27,AG,6331.0,6396.0,6318.0,6359.0,277800,206312,0.0,0.0
2012-12-28,AG,6393.0,6443.0,6392.0,6417.0,229654,200774,0.0,0.0
2012-12-31,AG,6438.0,6458.0,6381.0,6427.0,208232,201872,0.0,0.0
2013-01-04,AG,6306.0,6307.0,6193.0,6226.0,258306,214758,0.0,0.0
2013-01-07,AG,6330.0,6433.0,6321.0,6392.0,288146,206106,0.0,0.0
2013-01-08,AG,6418.0,6420.0,6358.0,6370.0,195804,207996,0.0,0.0
2013-01-09,AG,6416.0,6438.0,6402.0,6429.0,174856,204540,0.0,0.0
2013-01-10,AG,6398.0,6427.0,6378.0,6425.0,142460,206586,0.0,0.0
2013-01-11,AG,6490.0,6515.0,6458.0,6469.0,208206,207520,0.0,0.0
2013-01-14,AG,6419.0,6492.0,6409.0,6479.0,172922,219878,0.0,0.0
2013-01-15,AG,6555.0,6592.0,6506.0,6545.0,264694,222448,0.0,0.0
2013-01-16,AG,6630.0,6632.0,6585.0,6599.0,178166,214850,0.0,0.0
2013-01-17,AG,6612.0,6612.0,6555.0,6580.0,150812,205140,0.0,0.0
2013-01-18,AG,6632.0,6665.0,6619.0,6662.0,183110,208862,0.0,0.0
2013-01-21,AG,6681.0,6698.0,6649.0,6651.0,151046,204874,0.0,0.0
2013-01-22,AG,6675.0,6707.0,6665.0,6694.0,145342,203428,0.0,0.0
2013-01-23,AG,6710.0,6715.0,6675.0,6679.0,93064,199808,0.0,0.0
2013-01-24,AG,6623.0,6655.0,6588.0,6602.0,159896,193892,0.0,0.0
2013-01-25,AG,6538.0,6582.0,6534.0,6573.0,122526,189640,0.0,0.0
2013-01-28,AG,6503.0,6515.0,6483.0,6502.0,106196,189730,0.0,0.0
2013-01-29,AG,6480.0,6518.0,6466.0,6515.0,134510,192032,0.0,0.0
2013-01-30,AG,6530.0,6550.0,6530.0,6537.0,105226,194092,0.0,0.0
2013-01-31,AG,6632.0,6669.0,6625.0,6665.0,119246,190830,0.0,0.0
2013-02-01,AG,6560.0,6562.0,6530.0,6555.0,136754,201918,0.0,0.0
2013-02-04,AG,6598.0,6633.0,6581.0,6607.0,142090,204390,0.0,0.0
2013-02-05,AG,6594.0,6626.0,6583.0,6618.0,119484,200330,0.0,0.0
2013-02-06,AG,6619.0,6622.0,6585.0,6597.0,88676,201450,0.0,0.0
2013-02-07,AG,6611.0,6633.0,6596.0,6604.0,106936,195168,0.0,0.0
2013-02-08,AG,6530.0,6570.0,6500.0,6552.0,98404,195676,0.0,0.0
2013-02-18,AG,6289.0,6294.0,6242.0,6270.0,136064,210238,0.0,0.0
2013-02-19,AG,6267.0,6288.0,6260.0,6274.0,93184,220778,0.0,0.0
2013-02-20,AG,6203.0,6222.0,6180.0,6207.0,167672,255638,0.0,0.0
2013-02-21,AG,6088.0,6088.0,5952.0,5990.0,260802,265654,0.0,0.0
2013-02-22,AG,6026.0,6056.0,6018.0,6046.0,148990,257060,0.0,0.0
2013-02-25,AG,6019.0,6072.0,6000.0,6044.0,160606,254796,0.0,0.0
2013-02-26,AG,6075.0,6108.0,6036.0,6045.0,160482,254654,0.0,0.0
2013-02-27,AG,6140.0,6142.0,6096.0,6112.0,140766,246488,0.0,0.0
2013-02-28,AG,6086.0,6096.0,6075.0,6080.0,104102,247858,0.0,0.0
2013-03-01,AG,5999.0,6016.0,5964.0,5992.0,134078,256610,0.0,0.0
2013-03-04,AG,6045.0,6050.0,6003.0,6028.0,120306,253010,0.0,0.0
2013-03-05,AG,6024.0,6094.0,6015.0,6089.0,147038,266720,0.0,0.0
2013-03-06,AG,6045.0,6093.0,6045.0,6062.0,158216,269176,0.0,0.0
2013-03-07,AG,6098.0,6100.0,6058.0,6074.0,134436,256576,0.0,0.0
2013-03-08,AG,6063.0,6070.0,6025.0,6044.0,131012,264348,0.0,0.0
2013-03-11,AG,6070.0,6096.0,6058.0,6090.0,132830,252768,0.0,0.0
2013-03-12,AG,6081.0,6086.0,6045.0,6045.0,96506,250538,0.0,0.0
2013-03-13,AG,6100.0,6100.0,6071.0,6085.0,131258,254510,0.0,0.0
2013-03-14,AG,6049.0,6049.0,5940.0,6014.0,198510,238228,0.0,0.0
2013-03-15,AG,6014.0,6041.0,5991.0,6030.0,136176,245058,0.0,0.0
2013-03-18,AG,6039.0,6040.0,5933.0,5979.0,218586,245904,0.0,0.0
2013-03-19,AG,6010.0,6021.0,5990.0,6020.0,104700,233230,0.0,0.0
2013-03-20,AG,6013.0,6028.0,5985.0,6019.0,102868,235130,0.0,0.0
2013-03-21,AG,5980.0,6018.0,5971.0,6012.0,73110,241908,0.0,0.0
2013-03-22,AG,6057.0,6060.0,6016.0,6044.0,115434,232204,0.0,0.0
2013-03-25,AG,5970.0,6012.0,5964.0,5984.0,113320,245632,0.0,0.0
2013-03-26,AG,5985.0,5997.0,5962.0,5971.0,105996,237556,0.0,0.0
2013-03-27,AG,5983.0,5987.0,5836.0,5842.0,319702,299622,0.0,0.0
2013-03-28,AG,5917.0,5962.0,5908.0,5932.0,250694,230978,0.0,0.0
2013-03-29,AG,5850.0,5870.0,5791.0,5832.0,176690,240292,0.0,0.0
2013-04-01,AG,5831.0,5838.0,5730.0,5737.0,201872,245178,0.0,0.0
2013-04-02,AG,5781.0,5795.0,5741.0,5764.0,172648,236768,0.0,0.0
2013-04-03,AG,5610.0,5611.0,5538.0,5547.0,261454,246532,0.0,0.0
2013-04-08,AG,5619.0,5640.0,5547.0,5627.0,176572,227208,0.0,0.0
2013-04-09,AG,5610.0,5665.0,5609.0,5661.0,162138,228744,0.0,0.0
2013-04-10,AG,5752.0,5765.0,5730.0,5765.0,151478,226972,0.0,0.0
2013-04-11,AG,5664.0,5690.0,5644.0,5659.0,158282,219680,0.0,0.0
2013-04-12,AG,5690.0,5690.0,5662.0,5672.0,100244,215596,0.0,0.0
2013-04-15,AG,5334.0,5334.0,5334.0,5334.0,14618,210542,0.0,0.0
2013-04-16,AG,4853.0,5334.0,4853.0,4853.0,56066,193570,0.0,0.0
2013-04-17,AG,4840.0,4883.0,4725.0,4764.0,612936,183914,0.0,0.0
2013-04-18,AG,4672.0,4746.0,4526.0,4710.0,659300,172780,0.0,0.0
2013-04-19,AG,4702.0,4842.0,4686.0,4788.0,477892,158322,0.0,0.0
2013-04-22,AG,4770.0,4798.0,4724.0,4735.0,304622,165912,0.0,0.0
2013-04-23,AG,4735.0,4759.0,4551.0,4587.0,528696,189518,0.0,0.0
2013-04-24,AG,4618.0,4722.0,4579.0,4690.0,496746,162964,0.0,0.0
2013-04-25,AG,4693.0,4743.0,4664.0,4693.0,363126,143814,0.0,0.0
2013-04-26,AG,4943.0,5030.0,4873.0,4885.0,406698,124786,0.0,0.0
2013-05-02,AG,4735.0,4763.0,4682.0,4742.0,213340,117446,0.0,0.0
2013-05-03,AG,4760.0,4856.0,4749.0,4854.0,232054,119630,0.0,0.0
2013-05-06,AG,5028.0,5054.0,4950.0,4968.0,205634,120924,0.0,0.0
2013-05-07,AG,4932.0,4945.0,4789.0,4802.0,543370,202412,0.0,0.0
2013-05-08,AG,4860.0,4904.0,4832.0,4882.0,456092,192834,0.0,0.0
2013-05-09,AG,4860.0,4965.0,4858.0,4928.0,503712,165516,0.0,0.0
2013-05-10,AG,4850.0,4920.0,4830.0,4919.0,387560,174654,0.0,0.0
2013-05-13,AG,4890.0,4925.0,4840.0,4846.0,448140,191524,0.0,0.0
2013-05-14,AG,4880.0,4898.0,4846.0,4851.0,359648,197280,0.0,0.0
2013-05-15,AG,4801.0,4818.0,4693.0,4701.0,552498,258702,0.0,0.0
2013-05-16,AG,4659.0,4690.0,4624.0,4656.0,570488,275932,0.0,0.0
2013-05-17,AG,4671.0,4696.0,4625.0,4632.0,558146,285722,0.0,0.0
2013-05-20,AG,4450.0,4535.0,4383.0,4422.0,842816,286228,0.0,0.0
2013-05-21,AG,4650.0,4698.0,4581.0,4664.0,802662,237546,0.0,0.0
2013-05-22,AG,4640.0,4662.0,4602.0,4650.0,479390,228884,0.0,0.0
2013-05-23,AG,4558.0,4585.0,4515.0,4579.0,561584,235464,0.0,0.0
2013-05-24,AG,4600.0,4636.0,4568.0,4603.0,464634,230814,0.0,0.0
2013-05-27,AG,4572.0,4654.0,4560.0,4644.0,352650,229820,0.0,0.0
2013-05-28,AG,4618.0,4644.0,4605.0,4611.0,327356,225094,0.0,0.0
2013-05-29,AG,4603.0,4615.0,4542.0,4544.0,523550,248654,0.0,0.0
2013-05-30,AG,4580.0,4646.0,4570.0,4633.0,479300,226530,0.0,0.0
2013-05-31,AG,4649.0,4687.0,4641.0,4668.0,327216,205674,0.0,0.0
2013-06-03,AG,4610.0,4624.0,4580.0,4601.0,296834,207604,0.0,0.0
2013-06-04,AG,4656.0,4665.0,4617.0,4625.0,235944,210678,0.0,0.0
2013-06-05,AG,4616.0,4644.0,4592.0,4627.0,277668,210758,0.0,0.0
2013-06-06,AG,4610.0,4616.0,4570.0,4582.0,226454,212580,0.0,0.0
2013-06-07,AG,4638.0,4664.0,4625.0,4633.0,260218,0,0.0,0.0
2013-06-13,AG,4463.0,4510.0,4460.0,4493.0,215416,190272,0.0,0.0
2013-06-14,AG,4490.0,4494.0,4452.0,4465.0,210800,203200,0.0,0.0
2013-06-17,AG,4501.0,4515.0,4491.0,4492.0,149758,200076,0.0,0.0
2013-06-18,AG,4490.0,4499.0,4462.0,4473.0,187186,220982,0.0,0.0
2013-06-19,AG,4460.0,4469.0,4421.0,4464.0,236998,227010,0.0,0.0
2013-06-20,AG,4368.0,4376.0,4228.0,4293.0,298892,250684,0.0,0.0
2013-06-21,AG,4080.0,4120.0,4080.0,4082.0,304670,241040,0.0,0.0
2013-06-24,AG,4122.0,4130.0,3984.0,3998.0,500922,249028,0.0,0.0
2013-06-25,AG,4020.0,4045.0,3981.0,4022.0,442052,239350,0.0,0.0
2013-06-26,AG,4006.0,4011.0,3797.0,3856.0,1142838,290462,0.0,0.0
2013-06-27,AG,3832.0,3874.0,3795.0,3838.0,849368,281474,0.0,0.0
2013-06-28,AG,3769.0,3865.0,3710.0,3839.0,1111408,272408,0.0,0.0
2013-07-01,AG,3955.0,4034.0,3926.0,4034.0,896516,247566,0.0,0.0
2013-07-02,AG,4030.0,4044.0,3990.0,4038.0,647658,247418,0.0,0.0
2013-07-03,AG,3998.0,4019.0,3971.0,4006.0,586626,241134,0.0,0.0
2013-07-04,AG,4036.0,4040.0,4005.0,4008.0,342352,233452,0.0,0.0
2013-07-05,AG,3869.0,3873.0,3830.0,3843.0,1212036,306822,0.0,0.0
2013-07-08,AG,3900.0,3985.0,3872.0,3940.0,1773534,293266,0.0,0.0
2013-07-09,AG,3917.0,3931.0,3905.0,3912.0,1062728,306278,0.0,0.0
2013-07-10,AG,3924.0,3948.0,3890.0,3935.0,934678,317930,0.0,0.0
2013-07-11,AG,4089.0,4099.0,4056.0,4076.0,1212674,318750,0.0,0.0
2013-07-12,AG,4033.0,4052.0,4030.0,4047.0,1011522,324480,0.0,0.0
2013-07-15,AG,4034.0,4060.0,4029.0,4058.0,760844,333902,0.0,0.0
2013-07-16,AG,4060.0,4077.0,4057.0,4063.0,678804,326620,0.0,0.0
2013-07-17,AG,4072.0,4093.0,3921.0,3940.0,2199422,337366,0.0,0.0
2013-07-18,AG,3963.0,3976.0,3912.0,3960.0,2243100,357970,0.0,0.0
2013-07-19,AG,3953.0,3963.0,3945.0,3959.0,1007868,357076,0.0,0.0
2013-07-22,AG,4122.0,4134.0,4104.0,4127.0,1242882,346928,0.0,0.0
2013-07-23,AG,4068.0,4110.0,4065.0,4108.0,774028,334724,0.0,0.0
2013-07-24,AG,4070.0,4086.0,4055.0,4063.0,1140322,326422,0.0,0.0
2013-07-25,AG,4068.0,4072.0,4061.0,4068.0,572140,328476,0.0,0.0
2013-07-26,AG,4010.0,4030.0,3966.0,3992.0,1176880,326696,0.0,0.0
2013-07-29,AG,3995.0,3995.0,3969.0,3976.0,715062,368566,0.0,0.0
2013-07-30,AG,3964.0,3964.0,3935.0,3950.0,779152,378308,0.0,0.0
2013-07-31,AG,3961.0,3977.0,3911.0,3957.0,1769552,343216,0.0,0.0
2013-08-01,AG,3968.0,3969.0,3943.0,3948.0,1111696,371882,0.0,0.0
2013-08-02,AG,4018.0,4030.0,3972.0,3983.0,1320462,376212,0.0,0.0
2013-08-05,AG,3950.0,3963.0,3949.0,3960.0,638826,356272,0.0,0.0
2013-08-06,AG,3946.0,3947.0,3931.0,3936.0,509478,388464,0.0,0.0
2013-08-07,AG,3900.0,3930.0,3897.0,3930.0,566956,384138,0.0,0.0
2013-08-08,AG,4003.0,4075.0,3991.0,4067.0,1464252,388502,0.0,0.0
2013-08-09,AG,4055.0,4117.0,4047.0,4094.0,1719580,418186,0.0,0.0
2013-08-12,AG,4249.0,4330.0,4249.0,4328.0,1457694,450648,0.0,0.0
2013-08-13,AG,4357.0,4378.0,4300.0,4349.0,2666460,497324,0.0,0.0
2013-08-14,AG,4358.0,4379.0,4326.0,4379.0,2167428,494094,0.0,0.0
2013-08-15,AG,4385.0,4648.0,4376.0,4627.0,3025210,481822,0.0,0.0
2013-08-16,AG,4620.0,4711.0,4610.0,4678.0,3210088,445352,0.0,0.0
2013-08-19,AG,4650.0,4671.0,4624.0,4644.0,2542666,503110,0.0,0.0
2013-08-20,AG,4610.0,4654.0,4583.0,4613.0,2971640,507580,0.0,0.0
2013-08-21,AG,4611.0,4625.0,4563.0,4598.0,3047280,496814,0.0,0.0
2013-08-22,AG,4628.0,4668.0,4621.0,4630.0,2019808,522846,0.0,0.0
2013-08-23,AG,4638.0,4909.0,4635.0,4882.0,3634916,492930,0.0,0.0
2013-08-26,AG,4896.0,4985.0,4851.0,4881.0,3534956,524360,0.0,0.0
2013-08-27,AG,4990.0,5028.0,4971.0,4993.0,3026166,554794,0.0,0.0
2013-08-28,AG,5066.0,5085.0,4875.0,4919.0,4087854,499834,0.0,0.0
2013-08-29,AG,4866.0,4866.0,4766.0,4819.0,3685010,483224,0.0,0.0
2013-08-30,AG,4730.0,4755.0,4685.0,4718.0,3066830,481196,0.0,0.0
2013-09-02,AG,4901.0,4919.0,4858.0,4907.0,2182242,525690,0.0,0.0
2013-09-03,AG,4945.0,4966.0,4930.0,4941.0,1942962,546160,0.0,0.0
2013-09-04,AG,4760.0,4760.0,4720.0,4720.0,1790000,569378,0.0,0.0
2013-09-05,AG,4734.0,4734.0,4662.0,4712.0,2695774,584108,0.0,0.0
2013-09-06,AG,4800.0,4840.0,4800.0,4822.0,1984446,532810,0.0,0.0
2013-09-09,AG,4776.0,4821.0,4776.0,4798.0,1436476,568532,0.0,0.0
2013-09-10,AG,4682.0,4684.0,4620.0,4671.0,1907130,543090,0.0,0.0
2013-09-11,AG,4668.0,4692.0,4663.0,4677.0,1344870,566558,0.0,0.0
2013-09-12,AG,4450.0,4489.0,4425.0,4450.0,1780702,508966,0.0,0.0
2013-09-13,AG,4443.0,4445.0,4379.0,4431.0,1801590,512672,0.0,0.0
2013-09-16,AG,4405.0,4478.0,4401.0,4443.0,2244402,559688,0.0,0.0
2013-09-17,AG,4422.0,4443.0,4413.0,4420.0,1389834,546406,0.0,0.0
2013-09-18,AG,4419.0,4419.0,4419.0,4419.0,3723200,472906,0.0,0.0
2013-09-19,AG,4394.0,4394.0,4394.0,4394.0,0,472906,0.0,0.0
2013-09-23,AG,4391.0,4438.0,4388.0,4420.0,1689514,502120,0.0,0.0
2013-09-24,AG,4325.0,4418.0,4316.0,4410.0,1729324,491938,0.0,0.0
2013-09-25,AG,4383.0,4443.0,4383.0,4424.0,1675110,500928,0.0,0.0
2013-09-26,AG,4432.0,4433.0,4391.0,4398.0,1375510,444470,0.0,0.0
2013-09-27,AG,4410.0,4418.0,4395.0,4406.0,859380,372606,0.0,0.0
2013-09-30,AG,4410.0,4418.0,4374.0,4400.0,1342150,314850,0.0,0.0
2013-10-02,AG,4400.0,4400.0,4400.0,4400.0,1342100,314850,0.0,0.0
2013-10-08,AG,4532.0,4553.0,4525.0,4537.0,1128302,446504,0.0,0.0
2013-10-09,AG,4438.0,4466.0,4423.0,4440.0,1134362,423478,0.0,0.0
2013-10-10,AG,4443.0,4454.0,4434.0,4438.0,800958,441080,0.0,0.0
2013-10-11,AG,4305.0,4325.0,4305.0,4319.0,1107298,491476,0.0,0.0
2013-10-14,AG,4355.0,4361.0,4331.0,4333.0,980120,479182,0.0,0.0
2013-10-15,AG,4247.0,4320.0,4246.0,4314.0,1715818,503244,0.0,0.0
2013-10-16,AG,4324.0,4349.0,4294.0,4330.0,1932908,500314,0.0,0.0
2013-10-17,AG,4410.0,4419.0,4387.0,4408.0,1476052,467968,0.0,0.0
2013-10-18,AG,4430.0,4444.0,4413.0,4416.0,733990,435402,0.0,0.0
2013-10-21,AG,4497.0,4517.0,4490.0,4501.0,909704,492326,0.0,0.0
2013-10-22,AG,4518.0,4601.0,4513.0,4592.0,1973996,534562,0.0,0.0
2013-10-23,AG,4585.0,4590.0,4550.0,4559.0,1219002,473306,0.0,0.0
2013-10-24,AG,4581.0,4595.0,4574.0,4588.0,940748,461036,0.0,0.0
2013-10-25,AG,4508.0,4555.0,4482.0,4526.0,1480964,405314,0.0,0.0
2013-10-28,AG,4517.0,4534.0,4506.0,4517.0,1091876,396360,0.0,0.0
2013-10-29,AG,4520.0,4534.0,4516.0,4520.0,926256,393144,0.0,0.0
2013-10-30,AG,4600.0,4636.0,4507.0,4516.0,1669186,411952,0.0,0.0
2013-10-31,AG,4395.0,4434.0,4392.0,4412.0,1056534,329286,0.0,0.0
2013-11-01,AG,4401.0,4413.0,4386.0,4391.0,896924,324404,0.0,0.0
2013-11-04,AG,4400.0,4413.0,4368.0,4368.0,637804,342426,0.0,0.0
2013-11-05,AG,4380.0,4388.0,4361.0,4369.0,623284,331616,0.0,0.0
2013-11-06,AG,4420.0,4425.0,4386.0,4395.0,656376,315542,0.0,0.0
2013-11-07,AG,4434.0,4438.0,4310.0,4376.0,1544056,307800,0.0,0.0
2013-11-08,AG,4387.0,4419.0,4313.0,4323.0,1701060,335620,0.0,0.0
2013-11-11,AG,4321.0,4332.0,4316.0,4319.0,525838,335540,0.0,0.0
2013-11-12,AG,4300.0,4309.0,4240.0,4241.0,954444,375272,0.0,0.0
2013-11-13,AG,4245.0,4245.0,4205.0,4210.0,1066400,384426,0.0,0.0
2013-11-14,AG,4243.0,4273.0,4229.0,4259.0,1196494,354456,0.0,0.0
2013-11-15,AG,4245.0,4253.0,4235.0,4249.0,608874,337104,0.0,0.0
2013-11-18,AG,4220.0,4232.0,4202.0,4204.0,705554,322316,0.0,0.0
2013-11-19,AG,4200.0,4213.0,4184.0,4197.0,852698,324430,0.0,0.0
2013-11-20,AG,4202.0,4220.0,4188.0,4199.0,967892,296898,0.0,0.0
2013-11-21,AG,4155.0,4159.0,4133.0,4152.0,691138,263938,0.0,0.0
2013-11-22,AG,4150.0,4165.0,4145.0,4147.0,476252,243110,0.0,0.0
2013-11-25,AG,4117.0,4123.0,4096.0,4122.0,530968,235250,0.0,0.0
2013-11-26,AG,4172.0,4183.0,4155.0,4161.0,231800,222724,0.0,0.0
2013-11-27,AG,4173.0,4185.0,4135.0,4139.0,453462,271904,0.0,0.0
2013-11-28,AG,4152.0,4158.0,4151.0,4154.0,206292,316154,0.0,0.0
2013-11-29,AG,4200.0,4200.0,4181.0,4184.0,461112,361558,0.0,0.0
2013-12-02,AG,4146.0,4151.0,4100.0,4103.0,703800,430026,0.0,0.0
2013-12-03,AG,4074.0,4079.0,4049.0,4063.0,908646,509840,0.0,0.0
2013-12-04,AG,4082.0,4150.0,4063.0,4148.0,1432900,502278,0.0,0.0
2013-12-05,AG,4095.0,4143.0,4075.0,4126.0,1529494,500430,0.0,0.0
2013-12-06,AG,4116.0,4181.0,4083.0,4139.0,2457770,559808,0.0,0.0
2013-12-09,AG,4153.0,4180.0,4152.0,4175.0,946664,590572,0.0,0.0
2013-12-10,AG,4251.0,4294.0,4248.0,4271.0,1599486,629030,0.0,0.0
2013-12-11,AG,4267.0,4310.0,4265.0,4290.0,1408176,639276,0.0,0.0
2013-12-12,AG,4193.0,4203.0,4132.0,4133.0,2093722,609498,0.0,0.0
2013-12-13,AG,4118.0,4144.0,4105.0,4131.0,1657150,603052,0.0,0.0
2013-12-16,AG,4128.0,4251.0,4126.0,4211.0,2335916,580682,0.0,0.0
2013-12-17,AG,4196.0,4247.0,4152.0,4196.0,2876654,612086,0.0,0.0
2013-12-18,AG,4201.0,4234.0,4201.0,4226.0,1660682,647576,0.0,0.0
2013-12-19,AG,4080.0,4092.0,4055.0,4068.0,1890866,673760,0.0,0.0
2013-12-20,AG,4065.0,4130.0,4055.0,4110.0,1734520,702128,0.0,0.0
2013-12-23,AG,4114.0,4125.0,4088.0,4088.0,1206502,724750,0.0,0.0
2013-12-24,AG,4084.0,4113.0,4078.0,4094.0,1001508,696294,0.0,0.0
2013-12-25,AG,4106.0,4111.0,4090.0,4098.0,532204,671304,0.0,0.0
2013-12-26,AG,4104.0,4187.0,4101.0,4147.0,1933628,658764,0.0,0.0
2013-12-27,AG,4184.0,4233.0,4173.0,4218.0,1875200,714642,0.0,0.0
2013-12-30,AG,4140.0,4174.0,4130.0,4146.0,1563264,672788,0.0,0.0
2013-12-31,AG,4140.0,4174.0,4079.0,4099.0,2712884,625272,0.0,0.0
2014-01-01,AG,4099.0,4099.0,4099.0,4099.0,2712800,625272,0.0,0.0
2014-01-02,AG,4196.0,4213.0,4175.0,4197.0,1479206,642178,0.0,0.0
2014-01-03,AG,4215.0,4215.0,4181.0,4203.0,1205758,634244,0.0,0.0
2014-01-06,AG,4181.0,4225.0,4171.0,4191.0,1882328,620000,0.0,0.0
2014-01-07,AG,4170.0,4187.0,4101.0,4133.0,2315210,661516,0.0,0.0
2014-01-08,AG,4100.0,4117.0,4010.0,4037.0,2453224,706958,0.0,0.0
2014-01-09,AG,4062.0,4074.0,4026.0,4069.0,2183462,650262,0.0,0.0
2014-01-10,AG,4098.0,4166.0,4054.0,4162.0,3010396,602030,0.0,0.0
2014-01-13,AG,4135.0,4188.0,4096.0,4183.0,2496144,614392,0.0,0.0
2014-01-14,AG,4167.0,4212.0,4138.0,4157.0,3066214,609548,0.0,0.0
2014-01-15,AG,4118.0,4160.0,4107.0,4143.0,2293810,613166,0.0,0.0
2014-01-16,AG,4125.0,4163.0,4120.0,4136.0,1645532,608176,0.0,0.0
2014-01-17,AG,4151.0,4178.0,4146.0,4165.0,1471700,608138,0.0,0.0
2014-01-20,AG,4185.0,4193.0,4169.0,4173.0,726310,617994,0.0,0.0
2014-01-21,AG,4102.0,4115.0,4071.0,4100.0,1717860,586282,0.0,0.0
2014-01-22,AG,4099.0,4106.0,4087.0,4096.0,861744,590896,0.0,0.0
2014-01-23,AG,4123.0,4155.0,4112.0,4122.0,2026700,559072,0.0,0.0
2014-01-24,AG,4159.0,4164.0,4079.0,4091.0,1579372,563118,0.0,0.0
2014-01-27,AG,4100.0,4115.0,4077.0,4107.0,1404302,534314,0.0,0.0
2014-01-28,AG,4101.0,4103.0,4064.0,4080.0,1027014,533020,0.0,0.0
2014-01-29,AG,4098.0,4112.0,4080.0,4089.0,785548,494388,0.0,0.0
2014-01-30,AG,4098.0,4112.0,4040.0,4061.0,1210638,455972,0.0,0.0
2014-02-07,AG,4100.0,4130.0,4080.0,4098.0,1176170,477934,0.0,0.0
2014-02-10,AG,4168.0,4176.0,4125.0,4132.0,1164140,563974,0.0,0.0
2014-02-11,AG,4150.0,4154.0,4103.0,4135.0,1827906,554196,0.0,0.0
2014-02-12,AG,4150.0,4157.0,4134.0,4149.0,1254502,569422,0.0,0.0
2014-02-13,AG,4144.0,4150.0,4135.0,4145.0,976200,570406,0.0,0.0
2014-02-14,AG,4305.0,4366.0,4285.0,4355.0,1824830,711320,0.0,0.0
2014-02-17,AG,4441.0,4483.0,4421.0,4464.0,1809974,710328,0.0,0.0
2014-02-18,AG,4399.0,4469.0,4385.0,4467.0,2625008,742878,0.0,0.0
2014-02-19,AG,4439.0,4462.0,4426.0,4446.0,1974854,752646,0.0,0.0
2014-02-20,AG,4383.0,4418.0,4371.0,4399.0,1863628,711580,0.0,0.0
2014-02-21,AG,4407.0,4425.0,4393.0,4418.0,1710344,671350,0.0,0.0
2014-02-24,AG,4450.0,4461.0,4423.0,4454.0,2223054,677072,0.0,0.0
2014-02-25,AG,4400.0,4433.0,4383.0,4424.0,2054704,657954,0.0,0.0
2014-02-26,AG,4387.0,4387.0,4296.0,4312.0,2949600,605742,0.0,0.0
2014-02-27,AG,4305.0,4325.0,4272.0,4295.0,2289372,555442,0.0,0.0
2014-02-28,AG,4296.0,4309.0,4275.0,4280.0,1511386,530832,0.0,0.0
2014-03-03,AG,4325.0,4357.0,4324.0,4334.0,1627494,516666,0.0,0.0
2014-03-04,AG,4270.0,4292.0,4262.0,4291.0,1771474,548882,0.0,0.0
2014-03-05,AG,4287.0,4304.0,4278.0,4287.0,1255988,529168,0.0,0.0
2014-03-06,AG,4278.0,4354.0,4275.0,4335.0,1849022,542110,0.0,0.0
2014-03-07,AG,4305.0,4322.0,4184.0,4209.0,2806366,506098,0.0,0.0
2014-03-10,AG,4193.0,4195.0,4172.0,4177.0,1188208,507264,0.0,0.0
2014-03-11,AG,4234.0,4242.0,4150.0,4185.0,2076888,498582,0.0,0.0
2014-03-12,AG,4241.0,4302.0,4229.0,4279.0,1963096,494556,0.0,0.0
2014-03-13,AG,4246.0,4286.0,4240.0,4260.0,1592702,458702,0.0,0.0
2014-03-14,AG,4365.0,4388.0,4286.0,4306.0,2095112,430816,0.0,0.0
2014-03-17,AG,4299.0,4308.0,4272.0,4277.0,1351640,462168,0.0,0.0
2014-03-18,AG,4160.0,4218.0,4156.0,4213.0,1556938,488696,0.0,0.0
2014-03-19,AG,4186.0,4247.0,4164.0,4206.0,2480174,461202,0.0,0.0
2014-03-20,AG,4135.0,4183.0,4131.0,4172.0,1428988,435100,0.0,0.0
2014-03-21,AG,4185.0,4196.0,4168.0,4182.0,843868,436776,0.0,0.0
2014-03-24,AG,4147.0,4153.0,4115.0,4124.0,1244396,470588,0.0,0.0
2014-03-25,AG,4138.0,4161.0,4134.0,4140.0,1015968,460728,0.0,0.0
2014-03-26,AG,4150.0,4155.0,4121.0,4126.0,1242832,494448,0.0,0.0
2014-03-27,AG,4122.0,4134.0,4112.0,4125.0,953776,487854,0.0,0.0
2014-03-28,AG,4134.0,4158.0,4131.0,4140.0,909724,467692,0.0,0.0
2014-03-31,AG,4131.0,4146.0,4128.0,4132.0,725452,453162,0.0,0.0
2014-04-01,AG,4122.0,4129.0,4110.0,4113.0,600520,464100,0.0,0.0
2014-04-02,AG,4145.0,4148.0,4134.0,4135.0,641756,437884,0.0,0.0
2014-04-03,AG,4116.0,4126.0,4112.0,4117.0,522678,439824,0.0,0.0
2014-04-04,AG,4116.0,4126.0,4112.0,4121.0,742022,417046,0.0,0.0
2014-04-08,AG,4170.0,4177.0,4165.0,4168.0,517120,498332,0.0,0.0
2014-04-09,AG,4100.0,4152.0,4099.0,4151.0,734682,475052,0.0,0.0
2014-04-10,AG,4174.0,4176.0,4152.0,4163.0,693182,462958,0.0,0.0
2014-04-11,AG,4148.0,4159.0,4145.0,4146.0,462448,460212,0.0,0.0
2014-04-14,AG,4151.0,4167.0,4151.0,4155.0,456208,483062,0.0,0.0
2014-04-15,AG,4050.0,4078.0,4050.0,4071.0,937326,558880,0.0,0.0
2014-04-16,AG,4082.0,4084.0,4068.0,4073.0,560808,552424,0.0,0.0
2014-04-17,AG,4064.0,4068.0,4055.0,4060.0,380720,527240,0.0,0.0
2014-04-18,AG,4051.0,4056.0,4048.0,4055.0,86726,479866,0.0,0.0
2014-04-21,AG,4001.0,4007.0,3989.0,3994.0,516450,522570,0.0,0.0
2014-04-22,AG,4009.0,4014.0,3996.0,4007.0,541650,492500,0.0,0.0
2014-04-23,AG,4016.0,4023.0,4012.0,4015.0,319420,458292,0.0,0.0
2014-04-24,AG,3996.0,4177.0,3993.0,4102.0,1720538,433372,0.0,0.0
2014-04-25,AG,4085.0,4120.0,4079.0,4097.0,1050860,405980,0.0,0.0
2014-04-28,AG,4117.0,4118.0,4077.0,4094.0,837444,400082,0.0,0.0
2014-04-29,AG,4080.0,4091.0,4076.0,4083.0,430732,379540,0.0,0.0
2014-04-30,AG,4080.0,4091.0,4055.0,4065.0,758010,312166,0.0,0.0
2014-05-05,AG,4108.0,4113.0,4089.0,4092.0,347702,304990,0.0,0.0
2014-05-06,AG,4101.0,4105.0,4093.0,4095.0,310128,289590,0.0,0.0
2014-05-07,AG,4089.0,4092.0,4056.0,4059.0,549980,284180,0.0,0.0
2014-05-08,AG,4045.0,4054.0,4042.0,4045.0,316226,286014,0.0,0.0
2014-05-09,AG,4056.0,4070.0,4038.0,4049.0,172008,320360,0.0,0.0
2014-05-12,AG,4119.0,4135.0,4102.0,4111.0,328632,366912,0.0,0.0
2014-05-13,AG,4109.0,4114.0,4103.0,4108.0,198766,385024,0.0,0.0
2014-05-14,AG,4165.0,4169.0,4128.0,4138.0,445312,389298,0.0,0.0
2014-05-15,AG,4115.0,4123.0,4102.0,4108.0,442432,419370,0.0,0.0
2014-05-16,AG,4080.0,4097.0,4078.0,4083.0,320364,406770,0.0,0.0
2014-05-19,AG,4126.0,4128.0,4087.0,4094.0,472264,431472,0.0,0.0
2014-05-20,AG,4082.0,4121.0,4077.0,4106.0,677702,407838,0.0,0.0
2014-05-21,AG,4098.0,4116.0,4094.0,4114.0,513652,413254,0.0,0.0
2014-05-22,AG,4144.0,4145.0,4117.0,4122.0,534730,425802,0.0,0.0
2014-05-23,AG,4122.0,4129.0,4115.0,4117.0,282300,418250,0.0,0.0
2014-05-26,AG,4123.0,4126.0,4116.0,4118.0,141442,415568,0.0,0.0
2014-05-27,AG,4066.0,4076.0,4058.0,4065.0,597792,467118,0.0,0.0
2014-05-28,AG,4071.0,4073.0,4053.0,4066.0,435606,475306,0.0,0.0
2014-05-29,AG,4024.0,4049.0,4023.0,4037.0,511598,485372,0.0,0.0
2014-05-30,AG,4024.0,4057.0,4023.0,4055.0,837394,454228,0.0,0.0
2014-06-03,AG,4029.0,4031.0,4019.0,4027.0,364720,477106,0.0,0.0
2014-06-04,AG,4039.0,4049.0,4035.0,4039.0,348072,481812,0.0,0.0
2014-06-05,AG,4072.0,4074.0,4055.0,4067.0,466826,491942,0.0,0.0
2014-06-06,AG,4066.0,4073.0,4031.0,4053.0,578384,466126,0.0,0.0
2014-06-09,AG,4063.0,4064.0,4050.0,4051.0,204534,456524,0.0,0.0
2014-06-10,AG,4063.0,4064.0,4046.0,4053.0,384502,438010,0.0,0.0
2014-06-11,AG,4058.0,4080.0,4056.0,4074.0,459270,431786,0.0,0.0
2014-06-12,AG,4077.0,4077.0,4049.0,4058.0,423912,423590,0.0,0.0
2014-06-13,AG,4062.0,4130.0,4058.0,4121.0,1013246,428314,0.0,0.0
2014-06-16,AG,4114.0,4182.0,4104.0,4156.0,929098,454052,0.0,0.0
2014-06-17,AG,4150.0,4151.0,4106.0,4118.0,859212,425020,0.0,0.0
2014-06-18,AG,4114.0,4144.0,4110.0,4125.0,701454,429202,0.0,0.0
2014-06-19,AG,4125.0,4175.0,4123.0,4164.0,908184,452550,0.0,0.0
2014-06-20,AG,4192.0,4368.0,4188.0,4335.0,3435902,550344,0.0,0.0
2014-06-23,AG,4338.0,4392.0,4328.0,4357.0,2187908,559734,0.0,0.0
2014-06-24,AG,4373.0,4373.0,4335.0,4360.0,1345170,565638,0.0,0.0
2014-06-25,AG,4379.0,4390.0,4306.0,4339.0,1907538,532808,0.0,0.0
2014-06-26,AG,4348.0,4378.0,4328.0,4335.0,1363994,495556,0.0,0.0
2014-06-27,AG,4343.0,4384.0,4333.0,4346.0,1384210,509330,0.0,0.0
2014-06-30,AG,4350.0,4366.0,4302.0,4319.0,1051206,482794,0.0,0.0
2014-07-01,AG,4315.0,4368.0,4307.0,4332.0,1168864,462684,0.0,0.0
2014-07-02,AG,4338.0,4360.0,4321.0,4342.0,1038612,452686,0.0,0.0
2014-07-03,AG,4342.0,4369.0,4315.0,4328.0,1266292,448024,0.0,0.0
2014-07-04,AG,4335.0,4358.0,4327.0,4353.0,1045254,471534,0.0,0.0
2014-07-07,AG,4347.0,4356.0,4260.0,4286.0,860316,429458,0.0,0.0
2014-07-08,AG,4296.0,4315.0,4277.0,4310.0,755290,421442,0.0,0.0
2014-07-09,AG,4318.0,4334.0,4292.0,4323.0,1055534,426574,0.0,0.0
2014-07-10,AG,4331.0,4360.0,4298.0,4334.0,1112624,447660,0.0,0.0
2014-07-11,AG,4374.0,4425.0,4370.0,4421.0,1360226,492204,0.0,0.0
2014-07-14,AG,4413.0,4420.0,4347.0,4353.0,965344,450420,0.0,0.0
2014-07-15,AG,4340.0,4340.0,4307.0,4327.0,864812,424392,0.0,0.0
2014-07-16,AG,4327.0,4345.0,4282.0,4298.0,1208670,438250,0.0,0.0
2014-07-17,AG,4305.0,4322.0,4291.0,4312.0,642114,436108,0.0,0.0
2014-07-18,AG,4311.0,4371.0,4303.0,4337.0,1039886,408420,0.0,0.0
2014-07-21,AG,4315.0,4336.0,4293.0,4335.0,761380,409916,0.0,0.0
2014-07-22,AG,4341.0,4342.0,4315.0,4328.0,674040,424142,0.0,0.0
2014-07-23,AG,4338.0,4360.0,4323.0,4341.0,837118,447776,0.0,0.0
2014-07-24,AG,4345.0,4350.0,4300.0,4321.0,711982,453200,0.0,0.0
2014-07-25,AG,4325.0,4327.0,4251.0,4270.0,1405948,471708,0.0,0.0
2014-07-28,AG,4277.0,4330.0,4258.0,4296.0,905170,445724,0.0,0.0
2014-07-29,AG,4299.0,4301.0,4281.0,4292.0,585510,452170,0.0,0.0
2014-07-30,AG,4311.0,4313.0,4270.0,4289.0,736204,451678,0.0,0.0
2014-07-31,AG,4289.0,4309.0,4274.0,4307.0,649986,459330,0.0,0.0
2014-08-01,AG,4295.0,4296.0,4265.0,4275.0,773312,448362,0.0,0.0
2014-08-04,AG,4290.0,4313.0,4276.0,4289.0,745478,452688,0.0,0.0
2014-08-05,AG,4288.0,4295.0,4243.0,4274.0,714512,487568,0.0,0.0
2014-08-06,AG,4258.0,4258.0,4205.0,4212.0,1182886,528878,0.0,0.0
2014-08-07,AG,4230.0,4255.0,4227.0,4237.0,781926,518338,0.0,0.0
2014-08-08,AG,4230.0,4261.0,4218.0,4253.0,793116,542052,0.0,0.0
2014-08-11,AG,4233.0,4243.0,4221.0,4229.0,586666,525458,0.0,0.0
2014-08-12,AG,4240.0,4245.0,4231.0,4238.0,412464,516208,0.0,0.0
2014-08-13,AG,4248.0,4250.0,4215.0,4237.0,506238,517884,0.0,0.0
2014-08-14,AG,4238.0,4241.0,4194.0,4215.0,685780,520478,0.0,0.0
2014-08-15,AG,4213.0,4227.0,4206.0,4216.0,453006,520626,0.0,0.0
2014-08-18,AG,4154.0,4187.0,4113.0,4133.0,1198662,456528,0.0,0.0
2014-08-19,AG,4139.0,4142.0,4122.0,4122.0,373316,455378,0.0,0.0
2014-08-20,AG,4119.0,4120.0,4075.0,4108.0,795890,443216,0.0,0.0
2014-08-21,AG,4108.0,4135.0,4084.0,4098.0,758432,455874,0.0,0.0
2014-08-22,AG,4094.0,4134.0,4091.0,4122.0,508332,457348,0.0,0.0
2014-08-25,AG,4110.0,4129.0,4103.0,4114.0,556536,467402,0.0,0.0
2014-08-26,AG,4114.0,4149.0,4102.0,4146.0,474272,470556,0.0,0.0
2014-08-27,AG,4155.0,4158.0,4116.0,4132.0,537758,469522,0.0,0.0
2014-08-28,AG,4135.0,4175.0,4111.0,4169.0,666712,520354,0.0,0.0
2014-08-29,AG,4179.0,4179.0,4148.0,4162.0,608892,515016,0.0,0.0
2014-09-01,AG,4159.0,4174.0,4140.0,4152.0,446122,506372,0.0,0.0
2014-09-02,AG,4140.0,4155.0,4119.0,4123.0,366706,504412,0.0,0.0
2014-09-03,AG,4102.0,4116.0,4094.0,4111.0,602166,512322,0.0,0.0
2014-09-04,AG,4103.0,4119.0,4102.0,4108.0,291490,518630,0.0,0.0
2014-09-05,AG,4111.0,4142.0,4089.0,4105.0,619874,513006,0.0,0.0
2014-09-09,AG,4100.0,4108.0,4082.0,4092.0,189744,516016,0.0,0.0
2014-09-10,AG,4090.0,4124.0,4069.0,4114.0,621716,530836,0.0,0.0
2014-09-11,AG,4103.0,4115.0,4088.0,4098.0,491756,530324,0.0,0.0
2014-09-12,AG,4078.0,4087.0,4018.0,4057.0,1003966,574972,0.0,0.0
2014-09-15,AG,4046.0,4062.0,4025.0,4058.0,581616,557522,0.0,0.0
2014-09-16,AG,4051.0,4096.0,4044.0,4066.0,550474,534146,0.0,0.0
2014-09-17,AG,4065.0,4089.0,4062.0,4081.0,540762,528930,0.0,0.0
2014-09-18,AG,4075.0,4102.0,4039.0,4045.0,514266,530176,0.0,0.0
2014-09-19,AG,4028.0,4088.0,4022.0,4053.0,826186,529512,0.0,0.0
2014-09-22,AG,4057.0,4063.0,3810.0,3810.0,2427488,657136,0.0,0.0
2014-09-23,AG,3817.0,3835.0,3762.0,3777.0,1902036,636940,0.0,0.0
2014-09-24,AG,3799.0,3832.0,3782.0,3808.0,957134,617838,0.0,0.0
2014-09-25,AG,3785.0,3807.0,3725.0,3751.0,1781956,642024,0.0,0.0
2014-09-26,AG,3750.0,3856.0,3724.0,3822.0,1582578,588982,0.0,0.0
2014-09-29,AG,3792.0,3847.0,3780.0,3816.0,903886,550866,0.0,0.0
2014-09-30,AG,3820.0,3853.0,3814.0,3829.0,537308,530598,0.0,0.0
2014-10-08,AG,3800.0,3989.0,3800.0,3855.0,100,360,0.0,0.0
2014-10-09,AG,3803.0,3850.0,3780.0,3836.0,1040930,547246,0.0,0.0
2014-10-10,AG,3832.0,3893.0,3813.0,3822.0,1334068,585140,0.0,0.0
2014-10-13,AG,3827.0,3876.0,3805.0,3858.0,1121592,535076,0.0,0.0
2014-10-14,AG,3838.0,3860.0,3828.0,3845.0,667994,535870,0.0,0.0
2014-10-15,AG,3852.0,3860.0,3793.0,3795.0,947016,585078,0.0,0.0
2014-10-16,AG,3828.0,3888.0,3821.0,3832.0,1609622,545682,0.0,0.0
2014-10-17,AG,3820.0,3842.0,3792.0,3824.0,1147472,523572,0.0,0.0
2014-10-20,AG,3817.0,3834.0,3805.0,3832.0,794282,527100,0.0,0.0
2014-10-21,AG,3836.0,3847.0,3825.0,3840.0,716048,519968,0.0,0.0
2014-10-22,AG,3860.0,3866.0,3832.0,3843.0,760392,495230,0.0,0.0
2014-10-23,AG,3805.0,3818.0,3787.0,3799.0,930950,532458,0.0,0.0
2014-10-24,AG,3801.0,3810.0,3783.0,3809.0,743580,530808,0.0,0.0
2014-10-27,AG,3807.0,3815.0,3786.0,3789.0,683730,529962,0.0,0.0
2014-10-28,AG,3793.0,3809.0,3776.0,3791.0,686952,495880,0.0,0.0
2014-10-29,AG,3813.0,3822.0,3791.0,3807.0,588402,483832,0.0,0.0
2014-10-30,AG,3791.0,3815.0,3708.0,3720.0,1240642,521242,0.0,0.0
2014-10-31,AG,3670.0,3690.0,3584.0,3584.0,2100408,502700,0.0,0.0
2014-11-03,AG,3510.0,3515.0,3433.0,3463.0,1936994,420604,0.0,0.0
2014-11-04,AG,3480.0,3494.0,3449.0,3465.0,887822,396322,0.0,0.0
2014-11-05,AG,3458.0,3470.0,3325.0,3335.0,1229546,392638,0.0,0.0
2014-11-06,AG,3218.0,3279.0,3203.0,3241.0,1051414,493670,0.0,0.0
2014-11-07,AG,3225.0,3258.0,3155.0,3240.0,1395618,520886,0.0,0.0
2014-11-10,AG,3244.0,3362.0,3236.0,3324.0,2389448,480704,0.0,0.0
2014-11-11,AG,3301.0,3332.0,3290.0,3305.0,1633212,481990,0.0,0.0
2014-11-12,AG,3305.0,3357.0,3305.0,3344.0,1184294,483880,0.0,0.0
2014-11-13,AG,3325.0,3350.0,3305.0,3325.0,1258154,498082,0.0,0.0
2014-11-14,AG,3335.0,3354.0,3222.0,3243.0,1998724,583190,0.0,0.0
2014-11-17,AG,3248.0,3456.0,3225.0,3440.0,4392426,503792,0.0,0.0
2014-11-18,AG,3423.0,3455.0,3397.0,3427.0,2361452,463806,0.0,0.0
2014-11-19,AG,3435.0,3446.0,3406.0,3429.0,1719892,464156,0.0,0.0
2014-11-20,AG,3426.0,3487.0,3353.0,3405.0,3399466,472478,0.0,0.0
2014-11-21,AG,3417.0,3432.0,3395.0,3429.0,1808744,467720,0.0,0.0
2014-11-24,AG,3453.0,3503.0,3437.0,3452.0,2460648,473366,0.0,0.0
2014-11-25,AG,3443.0,3473.0,3437.0,3472.0,1145936,475330,0.0,0.0
2014-11-26,AG,3477.0,3483.0,3436.0,3462.0,1897038,488388,0.0,0.0
2014-11-27,AG,3454.0,3462.0,3392.0,3436.0,1647784,508550,0.0,0.0
2014-11-28,AG,3429.0,3430.0,3364.0,3375.0,1301338,539264,0.0,0.0
2014-12-01,AG,3370.0,3384.0,3229.0,3229.0,2265360,552768,0.0,0.0
2014-12-02,AG,3285.0,3548.0,3283.0,3455.0,5362976,454988,0.0,0.0
2014-12-03,AG,3415.0,3496.0,3408.0,3462.0,4649196,453642,0.0,0.0
2014-12-04,AG,3465.0,3497.0,3449.0,3481.0,2372274,446454,0.0,0.0
2014-12-05,AG,3477.0,3538.0,3450.0,3501.0,3211152,452482,0.0,0.0
2014-12-08,AG,3500.0,3529.0,3435.0,3464.0,3172562,454902,0.0,0.0
2014-12-09,AG,3466.0,3505.0,3442.0,3502.0,1853536,452172,0.0,0.0
2014-12-10,AG,3536.0,3638.0,3534.0,3638.0,3439846,486156,0.0,0.0
2014-12-11,AG,3645.0,3720.0,3621.0,3636.0,4166320,479582,0.0,0.0
2014-12-12,AG,3645.0,3683.0,3628.0,3655.0,2379500,495860,0.0,0.0
2014-12-15,AG,3678.0,3689.0,3593.0,3648.0,2068550,484868,0.0,0.0
2014-12-16,AG,3620.0,3632.0,3472.0,3492.0,2285282,457852,0.0,0.0
2014-12-17,AG,3568.0,3577.0,3389.0,3442.0,4471222,432610,0.0,0.0
2014-12-18,AG,3440.0,3502.0,3371.0,3474.0,3447224,397960,0.0,0.0
2014-12-19,AG,3475.0,3514.0,3455.0,3472.0,1990538,422278,0.0,0.0
2014-12-22,AG,3466.0,3496.0,3458.0,3493.0,1675818,439470,0.0,0.0
2014-12-23,AG,3492.0,3492.0,3393.0,3414.0,2183162,455900,0.0,0.0
2014-12-24,AG,3397.0,3474.0,3366.0,3429.0,1978900,440064,0.0,0.0
2014-12-25,AG,3423.0,3428.0,3401.0,3414.0,935536,436764,0.0,0.0
2014-12-26,AG,3416.0,3464.0,3413.0,3450.0,680196,423450,0.0,0.0
2014-12-29,AG,3491.0,3497.0,3449.0,3475.0,1280768,405588,0.0,0.0
2014-12-30,AG,3462.0,3492.0,3428.0,3456.0,1554396,411038,0.0,0.0
2014-12-31,AG,3451.0,3580.0,3447.0,3522.0,2393764,392680,0.0,0.0
2015-01-05,AG,3498.0,3516.0,3478.0,3507.0,513798,410420,0.0,0.0
2015-01-06,AG,3490.0,3566.0,3462.0,3554.0,2199972,450158,0.0,0.0
2015-01-07,AG,3544.0,3596.0,3530.0,3554.0,1865876,401974,0.0,0.0
2015-01-08,AG,3540.0,3578.0,3537.0,3548.0,1434122,412464,0.0,0.0
2015-01-09,AG,3568.0,3586.0,3544.0,3555.0,1415890,400170,0.0,0.0
2015-01-12,AG,3545.0,3609.0,3520.0,3601.0,2522336,407230,0.0,0.0
2015-01-13,AG,3577.0,3645.0,3571.0,3616.0,1816952,396296,0.0,0.0
2015-01-14,AG,3635.0,3664.0,3570.0,3608.0,2630104,381950,0.0,0.0
2015-01-15,AG,3592.0,3642.0,3556.0,3573.0,2546564,405240,0.0,0.0
2015-01-16,AG,3635.0,3660.0,3613.0,3642.0,2161856,387826,0.0,0.0
2015-01-19,AG,3638.0,3783.0,3633.0,3767.0,3544420,472114,0.0,0.0
2015-01-20,AG,3770.0,3800.0,3745.0,3770.0,1461346,479754,0.0,0.0
2015-01-21,AG,3822.0,3919.0,3787.0,3890.0,2675070,506162,0.0,0.0
2015-01-22,AG,3887.0,3934.0,3798.0,3819.0,3079184,517020,0.0,0.0
2015-01-23,AG,3843.0,3886.0,3822.0,3859.0,2627510,502324,0.0,0.0
2015-01-26,AG,3865.0,3887.0,3814.0,3849.0,1834432,515488,0.0,0.0
2015-01-27,AG,3836.0,3841.0,3763.0,3815.0,1982320,522960,0.0,0.0
2015-01-28,AG,3815.0,3837.0,3793.0,3806.0,1463626,513360,0.0,0.0
2015-01-29,AG,3817.0,3820.0,3750.0,3766.0,1446720,511160,0.0,0.0
2015-01-30,AG,3713.0,3721.0,3564.0,3573.0,2849430,491344,0.0,0.0
2015-02-02,AG,3593.0,3671.0,3551.0,3632.0,2755340,459730,0.0,0.0
2015-02-03,AG,3620.0,3681.0,3603.0,3669.0,1905866,441120,0.0,0.0
2015-02-04,AG,3668.0,3675.0,3612.0,3645.0,2230030,456476,0.0,0.0
2015-02-05,AG,3654.0,3710.0,3649.0,3675.0,2235044,430468,0.0,0.0
2015-02-06,AG,3655.0,3677.0,3628.0,3673.0,1745320,415498,0.0,0.0
2015-02-09,AG,3675.0,3687.0,3566.0,3595.0,2979798,438030,0.0,0.0
2015-02-10,AG,3606.0,3630.0,3593.0,3618.0,1248764,419950,0.0,0.0
2015-02-11,AG,3607.0,3638.0,3590.0,3618.0,1462208,388998,0.0,0.0
2015-02-12,AG,3615.0,3621.0,3557.0,3585.0,1601470,388184,0.0,0.0
2015-02-13,AG,3599.0,3649.0,3582.0,3631.0,1544114,361214,0.0,0.0
2015-02-16,AG,3623.0,3700.0,3620.0,3686.0,1663548,326706,0.0,0.0
2015-02-17,AG,3676.0,3695.0,3655.0,3672.0,590260,311484,0.0,0.0
2015-02-25,AG,3553.0,3630.0,3535.0,3535.0,170,766,0.0,0.0
2015-02-26,AG,3588.0,3612.0,3578.0,3601.0,795474,339218,0.0,0.0
2015-02-27,AG,3617.0,3628.0,3590.0,3606.0,956158,373818,0.0,0.0
2015-03-02,AG,3592.0,3647.0,3580.0,3631.0,1381658,383840,0.0,0.0
2015-03-03,AG,3624.0,3633.0,3488.0,3586.0,2033996,386932,0.0,0.0
2015-03-04,AG,3591.0,3608.0,3548.0,3558.0,1798608,416432,0.0,0.0
2015-03-05,AG,3560.0,3569.0,3516.0,3539.0,1485834,418416,0.0,0.0
2015-03-06,AG,3535.0,3560.0,3513.0,3532.0,1089368,413392,0.0,0.0
2015-03-09,AG,3524.0,3531.0,3434.0,3470.0,2174538,473530,0.0,0.0
2015-03-10,AG,3462.0,3468.0,3422.0,3424.0,1283922,493624,0.0,0.0
2015-03-11,AG,3443.0,3461.0,3433.0,3450.0,1099402,498282,0.0,0.0
2015-03-12,AG,3433.0,3460.0,3375.0,3453.0,2324538,563910,0.0,0.0
2015-03-13,AG,3439.0,3470.0,3425.0,3442.0,1316696,563064,0.0,0.0
2015-03-16,AG,3448.0,3479.0,3417.0,3469.0,1360990,580236,0.0,0.0
2015-03-17,AG,3455.0,3472.0,3428.0,3443.0,1220700,586844,0.0,0.0
2015-03-18,AG,3428.0,3458.0,3398.0,3420.0,1741986,593452,0.0,0.0
2015-03-19,AG,3502.0,3537.0,3502.0,3502.0,1783026,573254,0.0,0.0
2015-03-20,AG,3492.0,3535.0,3491.0,3516.0,1391082,556166,0.0,0.0
2015-03-23,AG,3525.0,3655.0,3523.0,3624.0,2510520,577466,0.0,0.0
2015-03-24,AG,3649.0,3699.0,3646.0,3670.0,1815344,542542,0.0,0.0
2015-03-25,AG,3681.0,3692.0,3634.0,3652.0,1427656,521234,0.0,0.0
2015-03-26,AG,3690.0,3710.0,3651.0,3692.0,1511626,526078,0.0,0.0
2015-03-27,AG,3680.0,3686.0,3646.0,3667.0,1225598,480856,0.0,0.0
2015-03-30,AG,3669.0,3676.0,3612.0,3615.0,1551364,494348,0.0,0.0
2015-03-31,AG,3605.0,3615.0,3548.0,3556.0,1392912,487696,0.0,0.0
2015-04-01,AG,3580.0,3596.0,3543.0,3565.0,1166888,483224,0.0,0.0
2015-04-02,AG,3580.0,3630.0,3575.0,3619.0,1493140,448852,0.0,0.0
2015-04-03,AG,3592.0,3607.0,3563.0,3595.0,1151628,412946,0.0,0.0
2015-04-07,AG,3596.0,3630.0,3591.0,3613.0,336968,416596,0.0,0.0
2015-04-08,AG,3611.0,3624.0,3598.0,3616.0,677522,419448,0.0,0.0
2015-04-09,AG,3606.0,3616.0,3489.0,3504.0,1520726,463038,0.0,0.0
2015-04-10,AG,3496.0,3515.0,3470.0,3498.0,1064078,462546,0.0,0.0
2015-04-13,AG,3526.0,3565.0,3516.0,3536.0,1179612,466320,0.0,0.0
2015-04-14,AG,3533.0,3542.0,3479.0,3501.0,1048738,476672,0.0,0.0
2015-04-15,AG,3485.0,3536.0,3483.0,3510.0,1106310,465072,0.0,0.0
2015-04-16,AG,3508.0,3562.0,3503.0,3551.0,998014,448234,0.0,0.0
2015-04-17,AG,3560.0,3570.0,3510.0,3523.0,1217854,476076,0.0,0.0
2015-04-20,AG,3520.0,3555.0,3517.0,3553.0,814654,460514,0.0,0.0
2015-04-21,AG,3506.0,3513.0,3460.0,3486.0,1204686,488146,0.0,0.0
2015-04-22,AG,3493.0,3518.0,3481.0,3506.0,876500,482784,0.0,0.0
2015-04-23,AG,3497.0,3498.0,3443.0,3452.0,1418428,489886,0.0,0.0
2015-04-24,AG,3458.0,3488.0,3451.0,3475.0,1024546,450406,0.0,0.0
2015-04-27,AG,3465.0,3484.0,3427.0,3472.0,1321720,428316,0.0,0.0
2015-04-28,AG,3482.0,3609.0,3480.0,3598.0,2171488,444146,0.0,0.0
2015-04-29,AG,3626.0,3654.0,3583.0,3599.0,1607256,381880,0.0,0.0
2015-04-30,AG,3617.0,3648.0,3591.0,3599.0,1471756,346510,0.0,0.0
2015-05-04,AG,3540.0,3577.0,3515.0,3564.0,455382,324062,0.0,0.0
2015-05-05,AG,3580.0,3655.0,3566.0,3580.0,928228,321812,0.0,0.0
2015-05-06,AG,3617.0,3626.0,3590.0,3597.0,872114,286582,0.0,0.0
2015-05-07,AG,3670.0,3674.0,3609.0,3615.0,360026,352860,0.0,0.0
2015-05-08,AG,3593.0,3639.0,3583.0,3627.0,314788,370332,0.0,0.0
2015-05-11,AG,3633.0,3660.0,3609.0,3630.0,429510,375486,0.0,0.0
2015-05-12,AG,3635.0,3657.0,3573.0,3604.0,564326,377052,0.0,0.0
2015-05-13,AG,3635.0,3683.0,3612.0,3680.0,808636,456018,0.0,0.0
2015-05-14,AG,3788.0,3790.0,3722.0,3768.0,1579674,530332,0.0,0.0
2015-05-15,AG,3780.0,3808.0,3755.0,3784.0,1363988,477284,0.0,0.0
2015-05-18,AG,3781.0,3867.0,3770.0,3852.0,1328736,546596,0.0,0.0
2015-05-19,AG,3852.0,3859.0,3782.0,3802.0,1219326,481676,0.0,0.0
2015-05-20,AG,3770.0,3775.0,3644.0,3687.0,1786804,363076,0.0,0.0
2015-05-21,AG,3695.0,3734.0,3690.0,3716.0,1035726,356510,0.0,0.0
2015-05-22,AG,3691.0,3737.0,3683.0,3721.0,906614,377088,0.0,0.0
2015-05-25,AG,3705.0,3717.0,3670.0,3704.0,857864,374590,0.0,0.0
2015-05-26,AG,3700.0,3745.0,3654.0,3657.0,960868,411440,0.0,0.0
2015-05-27,AG,3634.0,3684.0,3625.0,3665.0,905320,409152,0.0,0.0
2015-05-28,AG,3643.0,3674.0,3633.0,3657.0,816096,420546,0.0,0.0
2015-05-29,AG,3661.0,3665.0,3621.0,3655.0,906320,418478,0.0,0.0
2015-06-01,AG,3660.0,3675.0,3641.0,3647.0,746350,429702,0.0,0.0
2015-06-02,AG,3654.0,3732.0,3648.0,3664.0,1595452,434062,0.0,0.0
2015-06-03,AG,3654.0,3695.0,3654.0,3668.0,898340,440310,0.0,0.0
2015-06-04,AG,3648.0,3664.0,3608.0,3619.0,1052946,463276,0.0,0.0
2015-06-05,AG,3605.0,3615.0,3560.0,3564.0,1178526,513888,0.0,0.0
2015-06-08,AG,3550.0,3582.0,3537.0,3572.0,1141656,551358,0.0,0.0
2015-06-09,AG,3564.0,3577.0,3550.0,3566.0,713624,585978,0.0,0.0
2015-06-10,AG,3572.0,3585.0,3553.0,3574.0,733544,616680,0.0,0.0
2015-06-11,AG,3595.0,3596.0,3556.0,3558.0,682574,634448,0.0,0.0
2015-06-12,AG,3569.0,3575.0,3520.0,3562.0,954912,624804,0.0,0.0
2015-06-15,AG,3540.0,3561.0,3532.0,3554.0,732592,629868,0.0,0.0
2015-06-16,AG,3548.0,3591.0,3545.0,3577.0,938338,618256,0.0,0.0
2015-06-17,AG,3567.0,3571.0,3526.0,3543.0,796382,625158,0.0,0.0
2015-06-18,AG,3550.0,3602.0,3537.0,3586.0,1195098,604526,0.0,0.0
2015-06-19,AG,3620.0,3630.0,3565.0,3573.0,1170000,569242,0.0,0.0
2015-06-23,AG,3529.0,3529.0,3473.0,3485.0,320,1778,0.0,0.0
2015-06-24,AG,3530.0,3540.0,3470.0,3505.0,1156272,640602,0.0,0.0
2015-06-25,AG,3501.0,3513.0,3485.0,3494.0,764046,627222,0.0,0.0
2015-06-26,AG,3490.0,3502.0,3451.0,3456.0,716220,645746,0.0,0.0
2015-06-29,AG,3465.0,3511.0,3438.0,3480.0,858156,602846,0.0,0.0
2015-06-30,AG,3489.0,3495.0,3393.0,3446.0,1020996,611362,0.0,0.0
2015-07-01,AG,3436.0,3491.0,3408.0,3437.0,1202886,622706,0.0,0.0
2015-07-02,AG,3438.0,3466.0,3417.0,3429.0,766544,628262,0.0,0.0
2015-07-03,AG,3456.0,3479.0,3439.0,3464.0,799520,607458,0.0,0.0
2015-07-06,AG,3473.0,3474.0,3423.0,3439.0,594826,607654,0.0,0.0
2015-07-07,AG,3439.0,3482.0,3415.0,3439.0,756348,589178,0.0,0.0
2015-07-08,AG,3416.0,3418.0,3236.0,3236.0,1890404,587930,0.0,0.0
2015-07-09,AG,3222.0,3428.0,3200.0,3381.0,1837522,429516,0.0,0.0
2015-07-10,AG,3390.0,3418.0,3363.0,3385.0,1114704,435878,0.0,0.0
2015-07-13,AG,3387.0,3425.0,3364.0,3384.0,951406,439522,0.0,0.0
2015-07-14,AG,3375.0,3383.0,3264.0,3348.0,1126164,474902,0.0,0.0
2015-07-15,AG,3355.0,3378.0,3339.0,3350.0,609924,469360,0.0,0.0
2015-07-16,AG,3330.0,3330.0,3274.0,3299.0,1076814,517138,0.0,0.0
2015-07-17,AG,3260.0,3330.0,3248.0,3282.0,834966,514584,0.0,0.0
2015-07-20,AG,3250.0,3274.0,3182.0,3259.0,1450470,551644,0.0,0.0
2015-07-21,AG,3238.0,3308.0,3225.0,3255.0,1513836,551180,0.0,0.0
2015-07-22,AG,3260.0,3290.0,3216.0,3241.0,1096848,564870,0.0,0.0
2015-07-23,AG,3235.0,3269.0,3227.0,3256.0,1013276,580014,0.0,0.0
2015-07-24,AG,3255.0,3267.0,3188.0,3219.0,1186810,598618,0.0,0.0
2015-07-27,AG,3200.0,3243.0,3150.0,3239.0,1497536,606118,0.0,0.0
2015-07-28,AG,3221.0,3241.0,3203.0,3221.0,1012566,593490,0.0,0.0
2015-07-29,AG,3221.0,3250.0,3218.0,3235.0,709150,585096,0.0,0.0
2015-07-30,AG,3233.0,3279.0,3215.0,3223.0,1242198,582506,0.0,0.0
2015-07-31,AG,3231.0,3255.0,3217.0,3219.0,864652,583400,0.0,0.0
2015-08-03,AG,3239.0,3285.0,3229.0,3246.0,1047254,569222,0.0,0.0
2015-08-04,AG,3234.0,3242.0,3168.0,3208.0,1031718,641942,0.0,0.0
2015-08-05,AG,3218.0,3222.0,3191.0,3199.0,629832,647668,0.0,0.0
2015-08-06,AG,3215.0,3226.0,3191.0,3208.0,656680,630576,0.0,0.0
2015-08-07,AG,3200.0,3247.0,3198.0,3242.0,751408,602422,0.0,0.0
2015-08-10,AG,3218.0,3274.0,3212.0,3263.0,1336552,592580,0.0,0.0
2015-08-11,AG,3258.0,3389.0,3257.0,3361.0,2547806,629066,0.0,0.0
2015-08-12,AG,3378.0,3534.0,3359.0,3526.0,2777698,635964,0.0,0.0
2015-08-13,AG,3556.0,3563.0,3485.0,3513.0,2347042,535850,0.0,0.0
2015-08-14,AG,3493.0,3513.0,3481.0,3501.0,1231488,537492,0.0,0.0
2015-08-17,AG,3505.0,3535.0,3430.0,3460.0,2054958,504198,0.0,0.0
2015-08-18,AG,3465.0,3476.0,3443.0,3448.0,923578,488284,0.0,0.0
2015-08-19,AG,3420.0,3424.0,3365.0,3419.0,1519740,506528,0.0,0.0
2015-08-20,AG,3414.0,3505.0,3411.0,3485.0,1710848,513308,0.0,0.0
2015-08-21,AG,3502.0,3544.0,3489.0,3499.0,1887490,513666,0.0,0.0
2015-08-24,AG,3490.0,3506.0,3414.0,3427.0,2584172,483962,0.0,0.0
2015-08-25,AG,3355.0,3444.0,3345.0,3367.0,2473734,465660,0.0,0.0
2015-08-26,AG,3399.0,3412.0,3316.0,3318.0,1849336,474912,0.0,0.0
2015-08-27,AG,3275.0,3293.0,3236.0,3280.0,1569900,453642,0.0,0.0
2015-08-28,AG,3260.0,3366.0,3255.0,3339.0,1953862,420528,0.0,0.0
2015-08-31,AG,3326.0,3369.0,3307.0,3332.0,1509230,410518,0.0,0.0
2015-09-01,AG,3321.0,3360.0,3301.0,3333.0,1042540,409418,0.0,0.0
2015-09-02,AG,3332.0,3363.0,3316.0,3324.0,1053868,395636,0.0,0.0
2015-09-03,AG,3332.0,3363.0,3316.0,3334.0,1053800,395636,0.0,0.0
2015-09-07,AG,3290.0,3290.0,3280.0,3280.0,480,1784,0.0,0.0
2015-09-08,AG,3315.0,3326.0,3295.0,3323.0,790686,413168,0.0,0.0
2015-09-09,AG,3345.0,3395.0,3327.0,3332.0,1826396,373444,0.0,0.0
2015-09-10,AG,3333.0,3339.0,3305.0,3333.0,1121444,373722,0.0,0.0
2015-09-11,AG,3338.0,3358.0,3321.0,3328.0,1069886,389784,0.0,0.0
2015-09-14,AG,3315.0,3329.0,3271.0,3302.0,1431436,408486,0.0,0.0
2015-09-15,AG,3291.0,3305.0,3284.0,3287.0,741524,429864,0.0,0.0
2015-09-16,AG,3294.0,3315.0,3274.0,3307.0,812624,411664,0.0,0.0
2015-09-17,AG,3348.0,3381.0,3337.0,3366.0,1438078,392582,0.0,0.0
2015-09-18,AG,3364.0,3448.0,3355.0,3394.0,1679856,399066,0.0,0.0
2015-09-21,AG,3450.0,3453.0,3390.0,3419.0,1103882,398304,0.0,0.0
2015-09-22,AG,3408.0,3426.0,3402.0,3407.0,436048,403180,0.0,0.0
2015-09-23,AG,3350.0,3373.0,3340.0,3357.0,633094,376520,0.0,0.0
2015-09-24,AG,3362.0,3381.0,3350.0,3368.0,401002,386150,0.0,0.0
2015-09-25,AG,3360.0,3417.0,3357.0,3391.0,787468,400568,0.0,0.0
2015-09-28,AG,3390.0,3400.0,3352.0,3354.0,217100,391014,0.0,0.0
2015-09-29,AG,3324.0,3327.0,3273.0,3286.0,641526,384110,0.0,0.0
2015-09-30,AG,3305.0,3316.0,3290.0,3292.0,365528,351852,0.0,0.0
2015-10-08,AG,3525.0,3525.0,3433.0,3433.0,244,1660,0.0,0.0
2015-10-09,AG,3430.0,3485.0,3429.0,3469.0,733804,379184,0.0,0.0
2015-10-12,AG,3493.0,3496.0,3451.0,3489.0,705888,400162,0.0,0.0
2015-10-13,AG,3486.0,3501.0,3432.0,3448.0,621122,396600,0.0,0.0
2015-10-14,AG,3457.0,3494.0,3450.0,3478.0,667046,428026,0.0,0.0
2015-10-15,AG,3479.0,3508.0,3474.0,3477.0,720162,437984,0.0,0.0
2015-10-16,AG,3468.0,3483.0,3449.0,3449.0,622714,439894,0.0,0.0
2015-10-19,AG,3460.0,3475.0,3428.0,3435.0,546388,430384,0.0,0.0
2015-10-20,AG,3440.0,3460.0,3414.0,3440.0,512586,427788,0.0,0.0
2015-10-21,AG,3439.0,3454.0,3414.0,3418.0,595040,433688,0.0,0.0
2015-10-22,AG,3424.0,3435.0,3402.0,3433.0,577678,419752,0.0,0.0
2015-10-23,AG,3424.0,3469.0,3416.0,3468.0,713716,443824,0.0,0.0
2015-10-26,AG,3468.0,3468.0,3420.0,3435.0,573794,415254,0.0,0.0
2015-10-27,AG,3438.0,3447.0,3424.0,3438.0,397592,417466,0.0,0.0
2015-10-28,AG,3428.0,3462.0,3423.0,3453.0,522540,419594,0.0,0.0
2015-10-29,AG,3467.0,3515.0,3432.0,3437.0,1311832,389144,0.0,0.0
2015-10-30,AG,3425.0,3435.0,3396.0,3406.0,767574,358634,0.0,0.0
2015-11-02,AG,3388.0,3404.0,3383.0,3390.0,388510,340924,0.0,0.0
2015-11-03,AG,3387.0,3392.0,3368.0,3385.0,328622,330308,0.0,0.0
2015-11-04,AG,3377.0,3382.0,3353.0,3364.0,384406,318538,0.0,0.0
2015-11-05,AG,3367.0,3377.0,3313.0,3318.0,491200,326166,0.0,0.0
2015-11-06,AG,3315.0,3329.0,3300.0,3323.0,409690,308918,0.0,0.0
2015-11-09,AG,3325.0,3332.0,3262.0,3288.0,654342,294692,0.0,0.0
2015-11-10,AG,3289.0,3289.0,3241.0,3258.0,436342,282128,0.0,0.0
2015-11-11,AG,3252.0,3271.0,3231.0,3262.0,416942,273100,0.0,0.0
2015-11-12,AG,3259.0,3259.0,3234.0,3255.0,269162,271644,0.0,0.0
2015-11-13,AG,3244.0,3275.0,3226.0,3250.0,565376,260014,0.0,0.0
2015-11-16,AG,3248.0,3284.0,3243.0,3278.0,447840,245634,0.0,0.0
2015-11-17,AG,3338.0,3340.0,3262.0,3280.0,229662,293226,0.0,0.0
2015-11-18,AG,3281.0,3305.0,3263.0,3286.0,195064,305198,0.0,0.0
2015-11-19,AG,3278.0,3294.0,3251.0,3288.0,257330,323960,0.0,0.0
2015-11-20,AG,3273.0,3311.0,3260.0,3296.0,328086,343262,0.0,0.0
2015-11-23,AG,3300.0,3309.0,3170.0,3220.0,760626,436044,0.0,0.0
2015-11-24,AG,3209.0,3237.0,3184.0,3223.0,679588,428796,0.0,0.0
2015-11-25,AG,3231.0,3273.0,3218.0,3248.0,722136,426808,0.0,0.0
2015-11-26,AG,3234.0,3288.0,3216.0,3258.0,737932,434288,0.0,0.0
2015-11-27,AG,3267.0,3280.0,3218.0,3229.0,618388,476180,0.0,0.0
2015-11-30,AG,3234.0,3239.0,3185.0,3202.0,741960,484564,0.0,0.0
2015-12-01,AG,3218.0,3248.0,3209.0,3241.0,545874,464372,0.0,0.0
2015-12-02,AG,3240.0,3253.0,3226.0,3236.0,434892,463584,0.0,0.0
2015-12-03,AG,3231.0,3233.0,3178.0,3206.0,652470,494568,0.0,0.0
2015-12-04,AG,3220.0,3401.0,3213.0,3235.0,692076,471846,0.0,0.0
2015-12-07,AG,3240.0,3332.0,3224.0,3320.0,1466624,463290,0.0,0.0
2015-12-08,AG,3317.0,3324.0,3262.0,3281.0,645200,454498,0.0,0.0
2015-12-09,AG,3261.0,3287.0,3252.0,3278.0,513700,454328,0.0,0.0
2015-12-10,AG,3289.0,3309.0,3265.0,3274.0,617060,456638,0.0,0.0
2015-12-11,AG,3273.0,3281.0,3246.0,3279.0,435214,454768,0.0,0.0
2015-12-14,AG,3246.0,3279.0,3242.0,3260.0,732324,478922,0.0,0.0
2015-12-15,AG,3236.0,3273.0,3235.0,3241.0,616174,506756,0.0,0.0
2015-12-16,AG,3245.0,3259.0,3237.0,3252.0,349370,492150,0.0,0.0
2015-12-17,AG,3257.0,3307.0,3254.0,3269.0,805940,471474,0.0,0.0
2015-12-18,AG,3273.0,3282.0,3222.0,3254.0,728054,524484,0.0,0.0
2015-12-21,AG,3258.0,3309.0,3248.0,3308.0,791942,495976,0.0,0.0
2015-12-22,AG,3295.0,3328.0,3290.0,3314.0,650614,494540,0.0,0.0
2015-12-23,AG,3316.0,3337.0,3301.0,3305.0,497198,488088,0.0,0.0
2015-12-24,AG,3307.0,3324.0,3301.0,3319.0,367008,494820,0.0,0.0
2015-12-25,AG,3315.0,3330.0,3314.0,3329.0,216172,489824,0.0,0.0
2015-12-28,AG,3329.0,3343.0,3300.0,3304.0,315352,470814,0.0,0.0
2015-12-29,AG,3294.0,3315.0,3283.0,3313.0,375754,484840,0.0,0.0
2015-12-30,AG,3309.0,3322.0,3301.0,3309.0,425540,499074,0.0,0.0
2015-12-31,AG,3296.0,3305.0,3287.0,3290.0,385684,502858,0.0,0.0
2016-01-04,AG,3302.0,3312.0,3250.0,3305.0,310492,498550,0.0,0.0
2016-01-05,AG,3303.0,3330.0,3294.0,3313.0,574222,480342,0.0,0.0
2016-01-06,AG,3315.0,3321.0,3296.0,3314.0,409052,499704,0.0,0.0
2016-01-07,AG,3320.0,3385.0,3308.0,3357.0,976372,528526,0.0,0.0
2016-01-08,AG,3360.0,3390.0,3345.0,3356.0,759474,491744,0.0,0.0
2016-01-11,AG,3343.0,3362.0,3322.0,3349.0,566072,491476,0.0,0.0
2016-01-12,AG,3343.0,3350.0,3280.0,3288.0,492728,491574,0.0,0.0
2016-01-13,AG,3283.0,3288.0,3262.0,3274.0,330408,489438,0.0,0.0
2016-01-14,AG,3275.0,3325.0,3270.0,3312.0,643000,477542,0.0,0.0
2016-01-15,AG,3296.0,3309.0,3284.0,3294.0,416502,474618,0.0,0.0
2016-01-18,AG,3296.0,3323.0,3296.0,3301.0,534562,474614,0.0,0.0
2016-01-19,AG,3305.0,3321.0,3299.0,3317.0,295732,488636,0.0,0.0
2016-01-20,AG,3317.0,3334.0,3311.0,3315.0,434388,474574,0.0,0.0
2016-01-21,AG,3338.0,3340.0,3322.0,3331.0,399366,471280,0.0,0.0
2016-01-22,AG,3319.0,3330.0,3301.0,3323.0,458828,481522,0.0,0.0
2016-01-25,AG,3327.0,3354.0,3314.0,3323.0,585878,471768,0.0,0.0
2016-01-26,AG,3331.0,3361.0,3326.0,3360.0,518926,506304,0.0,0.0
2016-01-27,AG,3356.0,3378.0,3346.0,3365.0,544132,498196,0.0,0.0
2016-01-28,AG,3361.0,3374.0,3347.0,3352.0,358048,485058,0.0,0.0
2016-01-29,AG,3347.0,3357.0,3329.0,3333.0,392284,481378,0.0,0.0
2016-02-01,AG,3329.0,3348.0,3322.0,3343.0,333956,482956,0.0,0.0
2016-02-02,AG,3345.0,3356.0,3329.0,3338.0,304078,481826,0.0,0.0
2016-02-03,AG,3337.0,3353.0,3329.0,3341.0,315100,482866,0.0,0.0
2016-02-04,AG,3350.0,3394.0,3335.0,3388.0,737350,497720,0.0,0.0
2016-02-05,AG,3399.0,3422.0,3386.0,3389.0,474598,477858,0.0,0.0
2016-02-15,AG,3480.0,3500.0,3456.0,3470.0,389252,481734,0.0,0.0
2016-02-16,AG,3464.0,3474.0,3442.0,3463.0,356966,497130,0.0,0.0
2016-02-17,AG,3470.0,3473.0,3449.0,3466.0,300972,505446,0.0,0.0
2016-02-18,AG,3465.0,3472.0,3455.0,3455.0,250364,511542,0.0,0.0
2016-02-19,AG,3455.0,3478.0,3452.0,3472.0,288542,527076,0.0,0.0
2016-02-22,AG,3476.0,3484.0,3443.0,3446.0,406224,524986,0.0,0.0
2016-02-23,AG,3425.0,3452.0,3424.0,3444.0,313294,515584,0.0,0.0
2016-02-24,AG,3444.0,3455.0,3438.0,3441.0,273304,533854,0.0,0.0
2016-02-25,AG,3451.0,3478.0,3428.0,3433.0,675372,575844,0.0,0.0
2016-02-26,AG,3430.0,3432.0,3392.0,3408.0,523638,569722,0.0,0.0
2016-02-29,AG,3409.0,3409.0,3304.0,3312.0,776704,559186,0.0,0.0
2016-03-01,AG,3321.0,3355.0,3307.0,3346.0,468556,543062,0.0,0.0
2016-03-02,AG,3353.0,3359.0,3313.0,3330.0,488806,553160,0.0,0.0
2016-03-03,AG,3334.0,3364.0,3328.0,3347.0,486506,564056,0.0,0.0
2016-03-04,AG,3350.0,3434.0,3339.0,3426.0,779882,626064,0.0,0.0
2016-03-07,AG,3425.0,3516.0,3384.0,3481.0,1664662,643948,0.0,0.0
2016-03-08,AG,3497.0,3550.0,3426.0,3450.0,1323092,644694,0.0,0.0
2016-03-09,AG,3459.0,3466.0,3366.0,3396.0,793226,594136,0.0,0.0
2016-03-10,AG,3400.0,3420.0,3380.0,3391.0,579998,602394,0.0,0.0
2016-03-11,AG,3389.0,3475.0,3372.0,3434.0,997188,617576,0.0,0.0
2016-03-14,AG,3429.0,3448.0,3413.0,3433.0,559172,633430,0.0,0.0
2016-03-15,AG,3446.0,3484.0,3383.0,3395.0,874896,617952,0.0,0.0
2016-03-16,AG,3392.0,3406.0,3378.0,3404.0,353844,616076,0.0,0.0
2016-03-17,AG,3396.0,3458.0,3387.0,3438.0,472724,635010,0.0,0.0
2016-03-18,AG,3449.0,3543.0,3443.0,3521.0,1425298,752824,0.0,0.0
2016-03-21,AG,3505.0,3508.0,3457.0,3470.0,741118,689568,0.0,0.0
2016-03-22,AG,3470.0,3520.0,3469.0,3516.0,568930,742450,0.0,0.0
2016-03-23,AG,3510.0,3515.0,3463.0,3469.0,627798,692722,0.0,0.0
2016-03-24,AG,3431.0,3434.0,3405.0,3409.0,685476,607844,0.0,0.0
2016-03-25,AG,3420.0,3425.0,3401.0,3410.0,293002,616024,0.0,0.0
2016-03-28,AG,3404.0,3420.0,3400.0,3406.0,256618,609094,0.0,0.0
2016-03-29,AG,3416.0,3428.0,3390.0,3393.0,349684,607560,0.0,0.0
2016-03-30,AG,3392.0,3433.0,3392.0,3424.0,522622,583444,0.0,0.0
2016-03-31,AG,3415.0,3428.0,3395.0,3406.0,345438,581458,0.0,0.0
2016-04-01,AG,3431.0,3436.0,3410.0,3421.0,392956,577138,0.0,0.0
2016-04-05,AG,3335.0,3378.0,3332.0,3336.0,296,15072,0.0,0.0
2016-04-06,AG,3384.0,3387.0,3367.0,3371.0,217914,566404,0.0,0.0
2016-04-07,AG,3357.0,3387.0,3355.0,3377.0,267182,566728,0.0,0.0
2016-04-08,AG,3394.0,3405.0,3378.0,3380.0,283456,567292,0.0,0.0
2016-04-11,AG,3386.0,3429.0,3381.0,3418.0,408412,587716,0.0,0.0
2016-04-12,AG,3448.0,3471.0,3441.0,3467.0,587910,650158,0.0,0.0
2016-04-13,AG,3489.0,3507.0,3472.0,3483.0,713772,666908,0.0,0.0
2016-04-14,AG,3491.0,3528.0,3465.0,3485.0,703608,678608,0.0,0.0
2016-04-15,AG,3492.0,3506.0,3476.0,3492.0,399568,690528,0.0,0.0
2016-04-18,AG,3488.0,3535.0,3472.0,3484.0,733228,690902,0.0,0.0
2016-04-19,AG,3505.0,3656.0,3490.0,3646.0,949978,790292,0.0,0.0
2016-04-20,AG,3689.0,3755.0,3650.0,3679.0,1648032,712300,0.0,0.0
2016-04-21,AG,3701.0,3849.0,3689.0,3811.0,1587208,705886,0.0,0.0
2016-04-22,AG,3862.0,3877.0,3668.0,3708.0,1490126,577566,0.0,0.0
2016-04-25,AG,3737.0,3768.0,3633.0,3693.0,1237514,559032,0.0,0.0
2016-04-26,AG,3686.0,3710.0,3666.0,3671.0,648582,529962,0.0,0.0
2016-04-27,AG,3677.0,3781.0,3675.0,3774.0,841362,559280,0.0,0.0
2016-04-28,AG,3778.0,3785.0,3710.0,3757.0,916786,515250,0.0,0.0
2016-04-29,AG,3757.0,3873.0,3745.0,3831.0,937576,489332,0.0,0.0
2016-05-03,AG,3810.0,3839.0,3782.0,3827.0,281040,462218,0.0,0.0
2016-05-04,AG,3801.0,3827.0,3739.0,3745.0,521412,419968,0.0,0.0
2016-05-05,AG,3774.0,3778.0,3737.0,3761.0,359362,408474,0.0,0.0
2016-05-06,AG,3793.0,3803.0,3706.0,3730.0,610562,387152,0.0,0.0
2016-05-09,AG,3859.0,3888.0,3821.0,3828.0,459094,433584,0.0,0.0
2016-05-10,AG,3793.0,3795.0,3721.0,3768.0,481554,439960,0.0,0.0
2016-05-11,AG,3756.0,3825.0,3746.0,3806.0,469730,479698,0.0,0.0
2016-05-12,AG,3838.0,3858.0,3810.0,3822.0,525870,488434,0.0,0.0
2016-05-13,AG,3812.0,3850.0,3747.0,3788.0,737412,482282,0.0,0.0
2016-05-16,AG,3756.0,3838.0,3750.0,3834.0,554168,511264,0.0,0.0
2016-05-17,AG,3845.0,3848.0,3796.0,3817.0,432048,503482,0.0,0.0
2016-05-18,AG,3800.0,3842.0,3788.0,3788.0,528952,510900,0.0,0.0
2016-05-19,AG,3786.0,3819.0,3698.0,3700.0,764358,527964,0.0,0.0
2016-05-20,AG,3672.0,3697.0,3651.0,3678.0,559092,547112,0.0,0.0
2016-05-23,AG,3699.0,3712.0,3630.0,3650.0,583802,554350,0.0,0.0
2016-05-24,AG,3648.0,3664.0,3617.0,3622.0,427062,566640,0.0,0.0
2016-05-25,AG,3630.0,3660.0,3612.0,3623.0,469250,564482,0.0,0.0
2016-05-26,AG,3623.0,3674.0,3623.0,3665.0,417958,558236,0.0,0.0
2016-05-27,AG,3672.0,3682.0,3600.0,3630.0,525244,571292,0.0,0.0
2016-05-30,AG,3622.0,3640.0,3546.0,3565.0,556390,580080,0.0,0.0
2016-05-31,AG,3571.0,3605.0,3560.0,3586.0,378000,592934,0.0,0.0
2016-06-01,AG,3579.0,3597.0,3574.0,3590.0,417804,569358,0.0,0.0
2016-06-02,AG,3588.0,3600.0,3561.0,3593.0,484758,538820,0.0,0.0
2016-06-03,AG,3591.0,3605.0,3580.0,3601.0,277354,552946,0.0,0.0
2016-06-06,AG,3660.0,3679.0,3651.0,3667.0,500138,528954,0.0,0.0
2016-06-07,AG,3684.0,3693.0,3658.0,3677.0,319352,525504,0.0,0.0
2016-06-08,AG,3665.0,3718.0,3661.0,3712.0,348458,531502,0.0,0.0
2016-06-13,AG,3834.0,3864.0,3804.0,3847.0,392728,559942,0.0,0.0
2016-06-14,AG,3867.0,3872.0,3831.0,3848.0,417450,580736,0.0,0.0
2016-06-15,AG,3859.0,3878.0,3845.0,3869.0,404858,582470,0.0,0.0
2016-06-16,AG,3871.0,3945.0,3835.0,3935.0,684578,623520,0.0,0.0
2016-06-17,AG,3937.0,3941.0,3810.0,3836.0,804894,611744,0.0,0.0
2016-06-20,AG,3846.0,3866.0,3816.0,3841.0,457478,624986,0.0,0.0
2016-06-21,AG,3843.0,3882.0,3835.0,3850.0,424710,645754,0.0,0.0
2016-06-22,AG,3813.0,3828.0,3780.0,3809.0,458680,620244,0.0,0.0
2016-06-23,AG,3803.0,3827.0,3800.0,3811.0,381220,625016,0.0,0.0
2016-06-24,AG,3810.0,3938.0,3808.0,3901.0,1024378,650062,0.0,0.0
2016-06-27,AG,3935.0,3960.0,3894.0,3925.0,684838,650600,0.0,0.0
2016-06-28,AG,3930.0,3934.0,3882.0,3909.0,393308,657096,0.0,0.0
2016-06-29,AG,3915.0,4065.0,3912.0,4056.0,1067420,789134,0.0,0.0
2016-06-30,AG,4078.0,4085.0,4021.0,4064.0,823344,767918,0.0,0.0
2016-07-01,AG,4070.0,4285.0,4056.0,4230.0,1518798,738136,0.0,0.0
2016-07-04,AG,4233.0,4419.0,4226.0,4419.0,849340,728592,0.0,0.0
2016-07-05,AG,4588.0,4599.0,4315.0,4427.0,1916788,672990,0.0,0.0
2016-07-06,AG,4382.0,4575.0,4338.0,4511.0,2088988,687792,0.0,0.0
2016-07-07,AG,4481.0,4508.0,4416.0,4455.0,1162692,679452,0.0,0.0
2016-07-08,AG,4419.0,4422.0,4320.0,4340.0,1276016,667546,0.0,0.0
2016-07-11,AG,4318.0,4580.0,4301.0,4506.0,1900034,744214,0.0,0.0
2016-07-12,AG,4481.0,4538.0,4459.0,4517.0,1181030,760710,0.0,0.0
2016-07-13,AG,4512.0,4537.0,4397.0,4523.0,1840992,807440,0.0,0.0
2016-07-14,AG,4518.0,4549.0,4459.0,4491.0,1328388,771988,0.0,0.0
2016-07-15,AG,4446.0,4493.0,4430.0,4466.0,884980,758848,0.0,0.0
2016-07-18,AG,4470.0,4472.0,4386.0,4395.0,982928,734200,0.0,0.0
2016-07-19,AG,4389.0,4421.0,4369.0,4392.0,769506,731752,0.0,0.0
2016-07-20,AG,4395.0,4416.0,4356.0,4358.0,693650,753062,0.0,0.0
2016-07-21,AG,4308.0,4319.0,4243.0,4273.0,958284,697594,0.0,0.0
2016-07-22,AG,4278.0,4402.0,4256.0,4333.0,1049482,696560,0.0,0.0
2016-07-25,AG,4336.0,4352.0,4266.0,4297.0,723750,691712,0.0,0.0
2016-07-26,AG,4293.0,4355.0,4266.0,4332.0,796298,694132,0.0,0.0
2016-07-27,AG,4327.0,4351.0,4312.0,4326.0,509950,691762,0.0,0.0
2016-07-28,AG,4340.0,4514.0,4338.0,4499.0,1266174,730820,0.0,0.0
2016-07-29,AG,4492.0,4492.0,4432.0,4442.0,791030,723278,0.0,0.0
2016-08-01,AG,4475.0,4558.0,4446.0,4530.0,1140446,756980,0.0,0.0
2016-08-02,AG,4527.0,4545.0,4492.0,4531.0,682914,766558,0.0,0.0
2016-08-03,AG,4578.0,4588.0,4545.0,4569.0,741214,782944,0.0,0.0
2016-08-04,AG,4549.0,4554.0,4441.0,4451.0,947548,744762,0.0,0.0
2016-08-05,AG,4494.0,4508.0,4469.0,4496.0,636060,736830,0.0,0.0
2016-08-08,AG,4421.0,4421.0,4335.0,4341.0,906608,707786,0.0,0.0
2016-08-09,AG,4368.0,4384.0,4336.0,4342.0,490220,694686,0.0,0.0
2016-08-10,AG,4338.0,4477.0,4327.0,4462.0,805430,717436,0.0,0.0
2016-08-11,AG,4487.0,4498.0,4400.0,4428.0,728440,693398,0.0,0.0
2016-08-12,AG,4439.0,4465.0,4404.0,4418.0,613898,699542,0.0,0.0
2016-08-15,AG,4450.0,4458.0,4352.0,4377.0,804808,676820,0.0,0.0
2016-08-16,AG,4365.0,4433.0,4361.0,4410.0,595176,695148,0.0,0.0
2016-08-17,AG,4390.0,4409.0,4348.0,4357.0,736386,702402,0.0,0.0
2016-08-18,AG,4357.0,4420.0,4304.0,4382.0,817088,693840,0.0,0.0
2016-08-19,AG,4375.0,4393.0,4349.0,4367.0,466792,694094,0.0,0.0
2016-08-22,AG,4306.0,4335.0,4196.0,4204.0,921556,710638,0.0,0.0
2016-08-23,AG,4214.0,4238.0,4204.0,4232.0,434706,700504,0.0,0.0
2016-08-24,AG,4240.0,4245.0,4201.0,4209.0,396934,712760,0.0,0.0
2016-08-25,AG,4200.0,4201.0,4040.0,4144.0,719096,715020,0.0,0.0
2016-08-26,AG,4133.0,4163.0,4126.0,4148.0,391840,711772,0.0,0.0
2016-08-29,AG,4172.0,4239.0,4101.0,4129.0,1264740,683646,0.0,0.0
2016-08-30,AG,4146.0,4196.0,4138.0,4160.0,569632,675058,0.0,0.0
2016-08-31,AG,4166.0,4194.0,4141.0,4164.0,604332,656602,0.0,0.0
2016-09-01,AG,4151.0,4188.0,4151.0,4172.0,427672,655104,0.0,0.0
2016-09-02,AG,4159.0,4240.0,4158.0,4209.0,723306,666286,0.0,0.0
2016-09-05,AG,4286.0,4323.0,4269.0,4317.0,806166,642888,0.0,0.0
2016-09-06,AG,4330.0,4348.0,4317.0,4345.0,379184,655474,0.0,0.0
2016-09-07,AG,4364.0,4458.0,4357.0,4416.0,867724,646836,0.0,0.0
2016-09-08,AG,4432.0,4432.0,4378.0,4412.0,511720,630388,0.0,0.0
2016-09-09,AG,4404.0,4405.0,4341.0,4351.0,603648,619888,0.0,0.0
2016-09-12,AG,4338.0,4348.0,4220.0,4248.0,790160,603798,0.0,0.0
2016-09-13,AG,4240.0,4312.0,4222.0,4280.0,660334,586594,0.0,0.0
2016-09-14,AG,4265.0,4273.0,4210.0,4265.0,627282,592368,0.0,0.0
2016-09-19,AG,4227.0,4308.0,4218.0,4284.0,373100,602938,0.0,0.0
2016-09-20,AG,4300.0,4316.0,4280.0,4302.0,408950,599840,0.0,0.0
2016-09-21,AG,4297.0,4352.0,4271.0,4345.0,664526,643102,0.0,0.0
2016-09-22,AG,4400.0,4430.0,4352.0,4385.0,959772,609332,0.0,0.0
2016-09-23,AG,4421.0,4444.0,4379.0,4394.0,668518,624024,0.0,0.0
2016-09-26,AG,4402.0,4402.0,4319.0,4342.0,591404,599586,0.0,0.0
2016-09-27,AG,4333.0,4365.0,4313.0,4335.0,508916,588286,0.0,0.0
2016-09-28,AG,4315.0,4317.0,4250.0,4258.0,747270,572476,0.0,0.0
2016-09-29,AG,4268.0,4310.0,4232.0,4269.0,534762,546284,0.0,0.0
2016-09-30,AG,4251.0,4293.0,4249.0,4266.0,466044,524172,0.0,0.0
2016-10-10,AG,3952.0,4001.0,3952.0,3981.0,483216,508154,0.0,0.0
2016-10-11,AG,3974.0,4024.0,3967.0,4015.0,568006,540440,0.0,0.0
2016-10-12,AG,3979.0,3999.0,3971.0,3987.0,501496,549134,0.0,0.0
2016-10-13,AG,3975.0,4007.0,3967.0,3992.0,510614,547748,0.0,0.0
2016-10-14,AG,3982.0,3996.0,3972.0,3981.0,380420,547756,0.0,0.0
2016-10-17,AG,3976.0,4005.0,3966.0,3986.0,521934,567816,0.0,0.0
2016-10-18,AG,3987.0,4042.0,3981.0,4033.0,559570,602206,0.0,0.0
2016-10-19,AG,4031.0,4045.0,4013.0,4024.0,424582,563310,0.0,0.0
2016-10-20,AG,4051.0,4063.0,4029.0,4044.0,480334,565408,0.0,0.0
2016-10-21,AG,4043.0,4053.0,3983.0,4000.0,527866,553626,0.0,0.0
2016-10-24,AG,4001.0,4035.0,3996.0,4030.0,384910,565480,0.0,0.0
2016-10-25,AG,4052.0,4081.0,4024.0,4058.0,695734,601990,0.0,0.0
2016-10-26,AG,4063.0,4100.0,4046.0,4080.0,612998,593440,0.0,0.0
2016-10-27,AG,4063.0,4076.0,4046.0,4059.0,410780,572906,0.0,0.0
2016-10-28,AG,4071.0,4076.0,4049.0,4057.0,352260,549220,0.0,0.0
2016-10-31,AG,4056.0,4093.0,4051.0,4080.0,613624,512058,0.0,0.0
2016-11-01,AG,4078.0,4113.0,4072.0,4102.0,402530,509494,0.0,0.0
2016-11-02,AG,4155.0,4196.0,4141.0,4193.0,642228,509430,0.0,0.0
2016-11-03,AG,4208.0,4228.0,4168.0,4171.0,542588,449696,0.0,0.0
2016-11-04,AG,4132.0,4169.0,4106.0,4111.0,554180,403004,0.0,0.0
2016-11-07,AG,4137.0,4157.0,4098.0,4116.0,398204,387068,0.0,0.0
2016-11-08,AG,4110.0,4145.0,4060.0,4144.0,425578,388050,0.0,0.0
2016-11-09,AG,4121.0,4305.0,4117.0,4264.0,1413512,369290,0.0,0.0
2016-11-10,AG,4251.0,4274.0,4190.0,4273.0,748222,344092,0.0,0.0
2016-11-11,AG,4391.0,4465.0,4352.0,4452.0,540772,531670,0.0,0.0
2016-11-14,AG,4425.0,4479.0,4138.0,4138.0,853470,435976,0.0,0.0
2016-11-15,AG,4141.0,4164.0,4093.0,4140.0,500754,421952,0.0,0.0
2016-11-16,AG,4130.0,4180.0,4120.0,4158.0,395132,438130,0.0,0.0
2016-11-17,AG,4148.0,4161.0,4135.0,4139.0,331908,454692,0.0,0.0
2016-11-18,AG,4148.0,4158.0,4080.0,4101.0,516058,492548,0.0,0.0
2016-11-21,AG,4102.0,4133.0,4073.0,4131.0,535686,512028,0.0,0.0
2016-11-22,AG,4125.0,4186.0,4110.0,4166.0,620846,589436,0.0,0.0
2016-11-23,AG,4166.0,4177.0,4143.0,4159.0,480092,605060,0.0,0.0
2016-11-24,AG,4148.0,4153.0,4081.0,4129.0,908362,643450,0.0,0.0
2016-11-25,AG,4125.0,4158.0,4093.0,4119.0,665974,668112,0.0,0.0
2016-11-28,AG,4133.0,4237.0,4125.0,4211.0,944576,718130,0.0,0.0
2016-11-29,AG,4195.0,4220.0,4167.0,4179.0,708916,694584,0.0,0.0
2016-11-30,AG,4159.0,4188.0,4133.0,4155.0,712904,695622,0.0,0.0
2016-12-01,AG,4155.0,4176.0,4090.0,4147.0,906362,724380,0.0,0.0
2016-12-02,AG,4121.0,4165.0,4116.0,4144.0,588310,732220,0.0,0.0
2016-12-05,AG,4128.0,4214.0,4116.0,4165.0,980844,750078,0.0,0.0
2016-12-06,AG,4167.0,4202.0,4156.0,4172.0,690058,768054,0.0,0.0
2016-12-07,AG,4181.0,4192.0,4163.0,4169.0,517866,768516,0.0,0.0
2016-12-08,AG,4182.0,4290.0,4180.0,4250.0,1332558,834208,0.0,0.0
2016-12-09,AG,4245.0,4266.0,4208.0,4238.0,776850,805230,0.0,0.0
2016-12-12,AG,4228.0,4265.0,4221.0,4244.0,737376,864670,0.0,0.0
2016-12-13,AG,4246.0,4298.0,4231.0,4275.0,869156,875882,0.0,0.0
2016-12-14,AG,4276.0,4300.0,4222.0,4273.0,908220,876070,0.0,0.0
2016-12-15,AG,4275.0,4298.0,4200.0,4231.0,972096,828720,0.0,0.0
2016-12-16,AG,4136.0,4148.0,4096.0,4112.0,908346,770624,0.0,0.0
2016-12-19,AG,4112.0,4135.0,4104.0,4116.0,507136,758880,0.0,0.0
2016-12-20,AG,4110.0,4115.0,3997.0,4003.0,780436,760922,0.0,0.0
2016-12-21,AG,3960.0,4059.0,3943.0,4041.0,827464,728162,0.0,0.0
2016-12-22,AG,4035.0,4047.0,3972.0,3990.0,514436,736258,0.0,0.0
2016-12-23,AG,3980.0,4038.0,3972.0,3995.0,635390,727314,0.0,0.0
2016-12-26,AG,3999.0,4017.0,3950.0,3979.0,486620,716582,0.0,0.0
2016-12-27,AG,3978.0,4045.0,3975.0,4039.0,374334,740776,0.0,0.0
2016-12-28,AG,4042.0,4065.0,4019.0,4042.0,573016,737970,0.0,0.0
2016-12-29,AG,4035.0,4102.0,4030.0,4087.0,572730,729452,0.0,0.0
2016-12-30,AG,4076.0,4136.0,4069.0,4113.0,595792,708376,0.0,0.0
2017-01-02,AG,4076.0,4136.0,4069.0,4076.0,0,708376,0.0,0.0
2017-01-03,AG,4076.0,4107.0,4070.0,4078.0,224568,702900,0.0,0.0
2017-01-04,AG,4071.0,4145.0,4063.0,4130.0,735862,713016,0.0,0.0
2017-01-05,AG,4129.0,4149.0,4102.0,4137.0,589950,709016,0.0,0.0
2017-01-06,AG,4129.0,4147.0,4069.0,4075.0,703100,706882,0.0,0.0
2017-01-09,AG,4090.0,4120.0,4083.0,4109.0,478496,701796,0.0,0.0
2017-01-10,AG,4107.0,4140.0,4107.0,4126.0,490692,702764,0.0,0.0
2017-01-11,AG,4123.0,4173.0,4115.0,4161.0,599530,705988,0.0,0.0
2017-01-12,AG,4148.0,4154.0,4105.0,4150.0,681992,688200,0.0,0.0
2017-01-13,AG,4150.0,4158.0,4100.0,4114.0,510994,696168,0.0,0.0
2017-01-16,AG,4122.0,4156.0,4088.0,4145.0,658596,725342,0.0,0.0
2017-01-17,AG,4135.0,4163.0,4120.0,4134.0,505562,705192,0.0,0.0
2017-01-18,AG,4139.0,4183.0,4129.0,4139.0,751404,695382,0.0,0.0
2017-01-19,AG,4138.0,4162.0,4093.0,4103.0,572116,698376,0.0,0.0
2017-01-20,AG,4115.0,4117.0,4087.0,4102.0,468122,676654,0.0,0.0
2017-01-23,AG,4100.0,4138.0,4095.0,4128.0,549726,674800,0.0,0.0
2017-01-24,AG,4128.0,4136.0,4112.0,4117.0,303432,662280,0.0,0.0
2017-01-25,AG,4116.0,4130.0,4046.0,4075.0,446408,650518,0.0,0.0
2017-01-26,AG,4073.0,4080.0,4020.0,4025.0,396474,641770,0.0,0.0
2017-02-03,AG,4120.0,4125.0,4092.0,4095.0,221832,601966,0.0,0.0
2017-02-06,AG,4091.0,4152.0,4082.0,4150.0,514068,625786,0.0,0.0
2017-02-07,AG,4159.0,4173.0,4142.0,4162.0,369010,639496,0.0,0.0
2017-02-08,AG,4163.0,4187.0,4148.0,4163.0,428594,650776,0.0,0.0
2017-02-09,AG,4182.0,4207.0,4165.0,4170.0,423838,654004,0.0,0.0
2017-02-10,AG,4177.0,4193.0,4143.0,4150.0,424812,644578,0.0,0.0
2017-02-13,AG,4152.0,4247.0,4150.0,4229.0,870748,759940,0.0,0.0
2017-02-14,AG,4228.0,4238.0,4203.0,4233.0,482742,782628,0.0,0.0
2017-02-15,AG,4250.0,4260.0,4200.0,4220.0,686428,735076,0.0,0.0
2017-02-16,AG,4220.0,4250.0,4187.0,4226.0,563782,720300,0.0,0.0
2017-02-17,AG,4237.0,4247.0,4214.0,4227.0,449998,696164,0.0,0.0
2017-02-20,AG,4223.0,4235.0,4197.0,4209.0,357236,686032,0.0,0.0
2017-02-21,AG,4212.0,4246.0,4210.0,4228.0,516520,737116,0.0,0.0
2017-02-22,AG,4220.0,4238.0,4206.0,4224.0,461768,720434,0.0,0.0
2017-02-23,AG,4229.0,4258.0,4213.0,4221.0,559492,697432,0.0,0.0
2017-02-24,AG,4235.0,4286.0,4231.0,4274.0,885082,784684,0.0,0.0
2017-02-27,AG,4320.0,4329.0,4286.0,4327.0,580022,769484,0.0,0.0
2017-02-28,AG,4319.0,4335.0,4297.0,4308.0,351914,757246,0.0,0.0
2017-03-01,AG,4308.0,4322.0,4275.0,4279.0,460762,723332,0.0,0.0
2017-03-02,AG,4280.0,4305.0,4277.0,4295.0,352324,729612,0.0,0.0
2017-03-03,AG,4286.0,4288.0,4140.0,4159.0,804376,630586,0.0,0.0
2017-03-06,AG,4155.0,4200.0,4153.0,4168.0,396936,607798,0.0,0.0
2017-03-07,AG,4171.0,4183.0,4156.0,4165.0,242448,597770,0.0,0.0
2017-03-08,AG,4157.0,4158.0,4122.0,4126.0,437032,574606,0.0,0.0
2017-03-09,AG,4111.0,4118.0,4054.0,4070.0,507642,573654,0.0,0.0
2017-03-10,AG,4081.0,4097.0,4022.0,4030.0,509184,599674,0.0,0.0
2017-03-13,AG,4035.0,4075.0,4018.0,4067.0,643614,595154,0.0,0.0
2017-03-14,AG,4053.0,4067.0,4039.0,4044.0,305228,605900,0.0,0.0
2017-03-15,AG,4052.0,4060.0,4035.0,4050.0,301014,608368,0.0,0.0
2017-03-16,AG,4046.0,4165.0,4035.0,4150.0,557384,577220,0.0,0.0
2017-03-17,AG,4156.0,4156.0,4123.0,4142.0,336574,580796,0.0,0.0
2017-03-20,AG,4142.0,4163.0,4141.0,4155.0,229576,580570,0.0,0.0
2017-03-21,AG,4155.0,4158.0,4131.0,4142.0,239832,563864,0.0,0.0
2017-03-22,AG,4148.0,4186.0,4147.0,4175.0,445152,562422,0.0,0.0
2017-03-23,AG,4168.0,4172.0,4156.0,4167.0,231072,556558,0.0,0.0
2017-03-24,AG,4185.0,4188.0,4145.0,4150.0,347564,536322,0.0,0.0
2017-03-27,AG,4162.0,4204.0,4158.0,4200.0,408914,563642,0.0,0.0
2017-03-28,AG,4214.0,4223.0,4196.0,4202.0,352282,559226,0.0,0.0
2017-03-29,AG,4217.0,4225.0,4191.0,4201.0,395714,559678,0.0,0.0
2017-03-30,AG,4206.0,4211.0,4190.0,4205.0,299836,570306,0.0,0.0
2017-03-31,AG,4203.0,4214.0,4180.0,4192.0,422030,544300,0.0,0.0
2017-04-05,AG,4220.0,4222.0,4201.0,4209.0,165778,565790,0.0,0.0
2017-04-06,AG,4208.0,4213.0,4190.0,4208.0,279152,577462,0.0,0.0
2017-04-07,AG,4205.0,4281.0,4195.0,4259.0,656318,619888,0.0,0.0
2017-04-10,AG,4276.0,4282.0,4035.0,4154.0,634978,529670,0.0,0.0
2017-04-11,AG,4150.0,4165.0,4127.0,4157.0,331990,506596,0.0,0.0
2017-04-12,AG,4164.0,4251.0,4163.0,4223.0,579366,514258,0.0,0.0
2017-04-13,AG,4228.0,4265.0,4209.0,4257.0,415164,536180,0.0,0.0
2017-04-14,AG,4264.0,4273.0,4236.0,4263.0,297474,542366,0.0,0.0
2017-04-17,AG,4269.0,4337.0,4246.0,4272.0,432558,549852,0.0,0.0
2017-04-18,AG,4260.0,4271.0,4230.0,4239.0,331134,543876,0.0,0.0
2017-04-19,AG,4235.0,4244.0,4180.0,4198.0,544872,533188,0.0,0.0
2017-04-20,AG,4208.0,4214.0,4182.0,4200.0,309030,515136,0.0,0.0
2017-04-21,AG,4196.0,4197.0,4154.0,4161.0,506174,518440,0.0,0.0
2017-04-24,AG,4155.0,4171.0,4131.0,4139.0,473280,477740,0.0,0.0
2017-04-25,AG,4135.0,4163.0,4126.0,4150.0,310932,451372,0.0,0.0
2017-04-26,AG,4132.0,4146.0,4113.0,4120.0,339500,426408,0.0,0.0
2017-04-27,AG,4116.0,4125.0,4097.0,4115.0,335172,412556,0.0,0.0
2017-04-28,AG,4115.0,4122.0,4103.0,4110.0,280996,391904,0.0,0.0
2017-05-02,AG,4050.0,4052.0,4017.0,4037.0,222902,399038,0.0,0.0
2017-05-03,AG,4024.0,4043.0,4022.0,4035.0,209404,382704,0.0,0.0
2017-05-04,AG,4027.0,4032.0,3875.0,3933.0,548280,378810,0.0,0.0
2017-05-05,AG,3890.0,3951.0,3880.0,3923.0,359334,355994,0.0,0.0
2017-05-08,AG,3925.0,3944.0,3908.0,3934.0,247094,349322,0.0,0.0
2017-05-09,AG,3932.0,3932.0,3895.0,3916.0,176252,334770,0.0,0.0
2017-05-10,AG,4008.0,4012.0,3982.0,4002.0,198064,376096,0.0,0.0
2017-05-11,AG,4014.0,4039.0,4007.0,4030.0,269422,404264,0.0,0.0
2017-05-12,AG,4027.0,4066.0,4018.0,4053.0,295202,424938,0.0,0.0
2017-05-15,AG,4055.0,4096.0,4045.0,4085.0,301552,440122,0.0,0.0
2017-05-16,AG,4118.0,4129.0,4089.0,4110.0,313340,448432,0.0,0.0
2017-05-17,AG,4112.0,4127.0,4091.0,4116.0,303816,457918,0.0,0.0
2017-05-18,AG,4128.0,4141.0,4093.0,4104.0,395786,466000,0.0,0.0
2017-05-19,AG,4098.0,4111.0,4058.0,4096.0,417590,461030,0.0,0.0
2017-05-22,AG,4110.0,4125.0,4086.0,4110.0,342078,465720,0.0,0.0
2017-05-23,AG,4128.0,4150.0,4119.0,4134.0,370502,458760,0.0,0.0
2017-05-24,AG,4142.0,4154.0,4083.0,4097.0,415476,461262,0.0,0.0
2017-05-25,AG,4107.0,4141.0,4096.0,4125.0,336014,451894,0.0,0.0
2017-05-26,AG,4120.0,4128.0,4104.0,4125.0,205222,439194,0.0,0.0
2017-05-31,AG,4121.0,4134.0,4095.0,4103.0,197482,438024,0.0,0.0
2017-06-01,AG,4111.0,4114.0,4073.0,4094.0,370088,454986,0.0,0.0
2017-06-02,AG,4070.0,4087.0,4052.0,4067.0,339768,462558,0.0,0.0
2017-06-05,AG,4085.0,4145.0,4084.0,4134.0,536224,468314,0.0,0.0
2017-06-06,AG,4139.0,4172.0,4132.0,4164.0,384634,493824,0.0,0.0
2017-06-07,AG,4171.0,4183.0,4157.0,4169.0,284888,486582,0.0,0.0
2017-06-08,AG,4160.0,4171.0,4142.0,4163.0,288932,478652,0.0,0.0
2017-06-09,AG,4158.0,4164.0,4091.0,4100.0,480272,468856,0.0,0.0
2017-06-12,AG,4089.0,4094.0,4060.0,4062.0,340710,487224,0.0,0.0
2017-06-13,AG,4049.0,4067.0,4031.0,4038.0,357490,512386,0.0,0.0
2017-06-14,AG,4035.0,4064.0,4024.0,4055.0,346212,521364,0.0,0.0
2017-06-15,AG,4087.0,4125.0,4038.0,4041.0,641906,513316,0.0,0.0
2017-06-16,AG,4015.0,4048.0,4011.0,4038.0,352178,531084,0.0,0.0
2017-06-19,AG,4036.0,4039.0,4016.0,4018.0,297096,566244,0.0,0.0
2017-06-20,AG,4015.0,4030.0,4004.0,4023.0,306358,588042,0.0,0.0
2017-06-21,AG,4010.0,4013.0,3986.0,4008.0,311894,598778,0.0,0.0
2017-06-22,AG,3993.0,4055.0,3991.0,4043.0,418214,597128,0.0,0.0
2017-06-23,AG,4049.0,4054.0,4032.0,4054.0,280108,598734,0.0,0.0
2017-06-26,AG,4062.0,4064.0,4041.0,4049.0,224968,588128,0.0,0.0
2017-06-27,AG,4026.0,4034.0,4010.0,4033.0,306136,598736,0.0,0.0
2017-06-28,AG,4028.0,4069.0,4023.0,4055.0,415480,604754,0.0,0.0
2017-06-29,AG,4058.0,4064.0,4047.0,4058.0,270540,603672,0.0,0.0
2017-06-30,AG,4022.0,4032.0,4006.0,4013.0,433374,636078,0.0,0.0
2017-07-03,AG,4006.0,4023.0,3995.0,4006.0,330682,655176,0.0,0.0
2017-07-04,AG,3966.0,3967.0,3880.0,3898.0,773716,732314,0.0,0.0
2017-07-05,AG,3882.0,3921.0,3871.0,3901.0,346194,726318,0.0,0.0
2017-07-06,AG,3863.0,3899.0,3858.0,3885.0,360546,743088,0.0,0.0
2017-07-07,AG,3885.0,3896.0,3839.0,3864.0,490434,781948,0.0,0.0
2017-07-10,AG,3851.0,3858.0,3671.0,3671.0,1280330,814850,0.0,0.0
2017-07-11,AG,3675.0,3766.0,3666.0,3732.0,1138200,746782,0.0,0.0
2017-07-12,AG,3750.0,3828.0,3737.0,3788.0,831476,711912,0.0,0.0
2017-07-13,AG,3831.0,3839.0,3807.0,3819.0,522812,693938,0.0,0.0
2017-07-14,AG,3813.0,3816.0,3748.0,3769.0,616266,704370,0.0,0.0
2017-07-17,AG,3840.0,3867.0,3820.0,3844.0,551538,669956,0.0,0.0
2017-07-18,AG,3868.0,3878.0,3839.0,3849.0,405784,665568,0.0,0.0
2017-07-19,AG,3865.0,3870.0,3845.0,3859.0,365010,651812,0.0,0.0
2017-07-20,AG,3871.0,3873.0,3834.0,3853.0,387868,648652,0.0,0.0
2017-07-21,AG,3860.0,3895.0,3846.0,3882.0,524202,650020,0.0,0.0
2017-07-24,AG,3900.0,3909.0,3872.0,3880.0,365130,642570,0.0,0.0
2017-07-25,AG,3899.0,3899.0,3873.0,3888.0,288530,631786,0.0,0.0
2017-07-26,AG,3881.0,3907.0,3845.0,3857.0,558632,648476,0.0,0.0
2017-07-27,AG,3861.0,3930.0,3859.0,3912.0,499044,626230,0.0,0.0
2017-07-28,AG,3924.0,3929.0,3895.0,3904.0,391850,607278,0.0,0.0
2017-07-31,AG,3916.0,3926.0,3905.0,3916.0,326188,606620,0.0,0.0
2017-08-01,AG,3930.0,3939.0,3917.0,3922.0,351678,602186,0.0,0.0
2017-08-02,AG,3917.0,3934.0,3905.0,3916.0,342536,597500,0.0,0.0
2017-08-03,AG,3898.0,3925.0,3887.0,3889.0,445798,611790,0.0,0.0
2017-08-04,AG,3897.0,3919.0,3893.0,3911.0,347920,604320,0.0,0.0
2017-08-07,AG,3890.0,3891.0,3812.0,3823.0,786380,647196,0.0,0.0
2017-08-08,AG,3809.0,3833.0,3803.0,3813.0,402040,645494,0.0,0.0
2017-08-09,AG,3829.0,3870.0,3805.0,3863.0,710198,676832,0.0,0.0
2017-08-10,AG,3912.0,3984.0,3905.0,3973.0,867618,687356,0.0,0.0
2017-08-11,AG,4016.0,4026.0,3966.0,3983.0,735684,632854,0.0,0.0
2017-08-14,AG,3969.0,4031.0,3949.0,4013.0,712064,697790,0.0,0.0
2017-08-15,AG,3987.0,4004.0,3933.0,3951.0,637606,638134,0.0,0.0
2017-08-16,AG,3916.0,3926.0,3896.0,3906.0,454056,614374,0.0,0.0
2017-08-17,AG,3911.0,4019.0,3902.0,4003.0,939300,694938,0.0,0.0
2017-08-18,AG,3999.0,4011.0,3966.0,3985.0,540820,669376,0.0,0.0
2017-08-21,AG,4018.0,4040.0,3946.0,3974.0,876044,683540,0.0,0.0
2017-08-22,AG,3984.0,4001.0,3962.0,3967.0,463004,707732,0.0,0.0
2017-08-23,AG,3987.0,3993.0,3952.0,3967.0,565526,696094,0.0,0.0
2017-08-24,AG,3970.0,3988.0,3963.0,3968.0,438452,685388,0.0,0.0
2017-08-25,AG,3963.0,3973.0,3948.0,3964.0,379750,681914,0.0,0.0
2017-08-28,AG,3961.0,3997.0,3902.0,3985.0,995662,708856,0.0,0.0
2017-08-29,AG,3995.0,4032.0,3976.0,4027.0,664412,720050,0.0,0.0
2017-08-30,AG,4039.0,4049.0,3991.0,3996.0,599048,674026,0.0,0.0
2017-08-31,AG,4000.0,4009.0,3983.0,3990.0,340426,666338,0.0,0.0
2017-09-01,AG,3996.0,4026.0,3994.0,4002.0,521730,683390,0.0,0.0
2017-09-04,AG,4017.0,4075.0,4006.0,4062.0,813464,706900,0.0,0.0
2017-09-05,AG,4055.0,4066.0,4046.0,4059.0,330668,719268,0.0,0.0
2017-09-06,AG,4061.0,4074.0,4041.0,4054.0,517746,687930,0.0,0.0
2017-09-07,AG,4061.0,4063.0,4026.0,4035.0,368638,654914,0.0,0.0
2017-09-08,AG,4054.0,4065.0,4039.0,4053.0,584322,636402,0.0,0.0
2017-09-11,AG,4046.0,4048.0,3991.0,3994.0,500356,598448,0.0,0.0
2017-09-12,AG,3990.0,4014.0,3983.0,3989.0,321286,597360,0.0,0.0
2017-09-13,AG,3992.0,4003.0,3986.0,3987.0,232620,597806,0.0,0.0
2017-09-14,AG,3985.0,3993.0,3969.0,3973.0,315414,598252,0.0,0.0
2017-09-15,AG,3982.0,3997.0,3975.0,3979.0,250216,596030,0.0,0.0
2017-09-18,AG,3977.0,3983.0,3961.0,3968.0,390988,605666,0.0,0.0
2017-09-19,AG,3945.0,3950.0,3888.0,3919.0,474574,604674,0.0,0.0
2017-09-20,AG,3916.0,3932.0,3914.0,3924.0,213514,590288,0.0,0.0
2017-09-21,AG,3915.0,3942.0,3865.0,3867.0,451872,605646,0.0,0.0
2017-09-22,AG,3850.0,3874.0,3849.0,3866.0,309744,585848,0.0,0.0
2017-09-25,AG,3857.0,3871.0,3853.0,3862.0,236762,585542,0.0,0.0
2017-09-26,AG,3862.0,3934.0,3856.0,3918.0,512582,573304,0.0,0.0
2017-09-27,AG,3895.0,3900.0,3872.0,3884.0,315432,572360,0.0,0.0
2017-09-28,AG,3870.0,3884.0,3850.0,3864.0,288290,571990,0.0,0.0
2017-09-29,AG,3868.0,3884.0,3863.0,3874.0,210862,546142,0.0,0.0
2017-10-09,AG,3850.0,3870.0,3770.0,3870.0,208,1700,0.0,0.0
2017-10-10,AG,3898.0,3908.0,3889.0,3901.0,233624,578446,0.0,0.0
2017-10-11,AG,3905.0,3912.0,3888.0,3892.0,251774,579534,0.0,0.0
2017-10-12,AG,3896.0,3917.0,3881.0,3899.0,249826,560498,0.0,0.0
2017-10-13,AG,3898.0,3923.0,3893.0,3912.0,255324,567122,0.0,0.0
2017-10-16,AG,3917.0,3941.0,3910.0,3935.0,365468,597994,0.0,0.0
2017-10-17,AG,3940.0,3944.0,3898.0,3910.0,321536,556634,0.0,0.0
2017-10-18,AG,3905.0,3914.0,3897.0,3901.0,224582,551804,0.0,0.0
2017-10-19,AG,3897.0,3901.0,3882.0,3888.0,221608,552324,0.0,0.0
2017-10-20,AG,3888.0,3921.0,3887.0,3903.0,366070,549846,0.0,0.0
2017-10-23,AG,3904.0,3909.0,3860.0,3878.0,336840,544438,0.0,0.0
2017-10-24,AG,3870.0,3896.0,3866.0,3890.0,265846,540332,0.0,0.0
2017-10-25,AG,3882.0,3884.0,3868.0,3869.0,210624,520372,0.0,0.0
2017-10-26,AG,3870.0,3888.0,3868.0,3880.0,221262,515788,0.0,0.0
2017-10-27,AG,3875.0,3887.0,3825.0,3832.0,403710,541454,0.0,0.0
2017-10-30,AG,3818.0,3857.0,3813.0,3841.0,346112,493898,0.0,0.0
2017-10-31,AG,3835.0,3851.0,3831.0,3848.0,183816,463020,0.0,0.0
2017-11-01,AG,3836.0,3848.0,3817.0,3842.0,269616,439898,0.0,0.0
2017-11-02,AG,3845.0,3881.0,3837.0,3876.0,373564,430696,0.0,0.0
2017-11-03,AG,3873.0,3893.0,3871.0,3881.0,197298,414246,0.0,0.0
2017-11-06,AG,3885.0,3896.0,3846.0,3856.0,318676,392372,0.0,0.0
2017-11-07,AG,3857.0,3903.0,3854.0,3887.0,307460,409084,0.0,0.0
2017-11-08,AG,3878.0,3892.0,3867.0,3877.0,191820,386718,0.0,0.0
2017-11-09,AG,3885.0,3895.0,3875.0,3887.0,210164,377382,0.0,0.0
2017-11-10,AG,3889.0,3899.0,3872.0,3884.0,209946,355896,0.0,0.0
2017-11-13,AG,3885.0,3892.0,3856.0,3865.0,229878,347644,0.0,0.0
2017-11-14,AG,3865.0,3882.0,3856.0,3869.0,158998,346780,0.0,0.0
2017-11-15,AG,3867.0,3885.0,3857.0,3870.0,173878,331994,0.0,0.0
2017-11-16,AG,3878.0,3887.0,3864.0,3869.0,199974,320566,0.0,0.0
2017-11-17,AG,3872.0,3880.0,3869.0,3875.0,123718,307312,0.0,0.0
2017-11-20,AG,3873.0,3916.0,3865.0,3893.0,215894,291502,0.0,0.0
2017-11-21,AG,4010.0,4016.0,3975.0,3988.0,249286,323800,0.0,0.0
2017-11-22,AG,3984.0,3995.0,3979.0,3985.0,174516,348610,0.0,0.0
2017-11-23,AG,3985.0,3998.0,3983.0,3986.0,221842,370020,0.0,0.0
2017-11-24,AG,3988.0,4001.0,3983.0,3991.0,186428,399512,0.0,0.0
2017-11-27,AG,3984.0,3994.0,3971.0,3984.0,270676,415322,0.0,0.0
2017-11-28,AG,3990.0,4007.0,3980.0,3986.0,369614,447112,0.0,0.0
2017-11-29,AG,3991.0,3993.0,3921.0,3956.0,423802,489300,0.0,0.0
2017-11-30,AG,3951.0,3956.0,3873.0,3886.0,470624,537918,0.0,0.0
2017-12-01,AG,3882.0,3884.0,3848.0,3862.0,334126,548544,0.0,0.0
2017-12-04,AG,3845.0,3881.0,3815.0,3852.0,603718,561400,0.0,0.0
2017-12-05,AG,3847.0,3857.0,3837.0,3840.0,230912,575932,0.0,0.0
2017-12-06,AG,3835.0,3839.0,3788.0,3800.0,460078,596850,0.0,0.0
2017-12-07,AG,3792.0,3800.0,3743.0,3756.0,453546,623120,0.0,0.0
2017-12-08,AG,3729.0,3737.0,3712.0,3728.0,370598,626514,0.0,0.0
2017-12-11,AG,3736.0,3753.0,3705.0,3744.0,391586,628010,0.0,0.0
2017-12-12,AG,3746.0,3748.0,3725.0,3733.0,243070,653788,0.0,0.0
2017-12-13,AG,3731.0,3738.0,3711.0,3725.0,275892,662334,0.0,0.0
2017-12-14,AG,3723.0,3809.0,3720.0,3799.0,520858,656088,0.0,0.0
2017-12-15,AG,3794.0,3801.0,3770.0,3781.0,340010,679098,0.0,0.0
2017-12-18,AG,3791.0,3811.0,3787.0,3800.0,389294,672416,0.0,0.0
2017-12-19,AG,3805.0,3816.0,3790.0,3806.0,285846,660232,0.0,0.0
2017-12-20,AG,3807.0,3811.0,3793.0,3800.0,212204,658594,0.0,0.0
2017-12-21,AG,3809.0,3812.0,3795.0,3797.0,223472,647940,0.0,0.0
2017-12-22,AG,3792.0,3809.0,3783.0,3797.0,255662,644278,0.0,0.0
2017-12-25,AG,3798.0,3848.0,3793.0,3841.0,432896,639118,0.0,0.0
2017-12-26,AG,3842.0,3847.0,3831.0,3844.0,141256,636776,0.0,0.0
2017-12-27,AG,3850.0,3863.0,3848.0,3858.0,210978,627406,0.0,0.0
2017-12-28,AG,3870.0,3901.0,3866.0,3891.0,280708,619308,0.0,0.0
2017-12-29,AG,3886.0,3898.0,3869.0,3883.0,257368,596822,0.0,0.0
2018-01-02,AG,3899.0,3910.0,3891.0,3902.0,137022,602744,0.0,0.0
2018-01-03,AG,3908.0,3928.0,3897.0,3897.0,323606,583810,0.0,0.0
2018-01-04,AG,3902.0,3915.0,3871.0,3885.0,379448,595966,0.0,0.0
2018-01-05,AG,3889.0,3910.0,3875.0,3890.0,330302,584178,0.0,0.0
2018-01-08,AG,3888.0,3912.0,3881.0,3891.0,348074,595602,0.0,0.0
2018-01-09,AG,3892.0,3901.0,3884.0,3896.0,234532,606676,0.0,0.0
2018-01-10,AG,3891.0,3892.0,3868.0,3873.0,276074,632452,0.0,0.0
2018-01-11,AG,3895.0,3898.0,3876.0,3885.0,250670,636290,0.0,0.0
2018-01-12,AG,3882.0,3893.0,3836.0,3890.0,415558,642510,0.0,0.0
2018-01-15,AG,3892.0,3939.0,3875.0,3926.0,471104,670164,0.0,0.0
2018-01-16,AG,3925.0,3928.0,3903.0,3907.0,236234,660858,0.0,0.0
2018-01-17,AG,3889.0,3898.0,3869.0,3876.0,402960,638304,0.0,0.0
2018-01-18,AG,3884.0,3884.0,3846.0,3852.0,327046,650276,0.0,0.0
2018-01-19,AG,3850.0,3860.0,3831.0,3834.0,317398,662324,0.0,0.0
2018-01-22,AG,3841.0,3848.0,3835.0,3838.0,207686,668780,0.0,0.0
2018-01-23,AG,3841.0,3853.0,3835.0,3847.0,240510,676724,0.0,0.0
2018-01-24,AG,3840.0,3844.0,3806.0,3836.0,437610,696240,0.0,0.0
2018-01-25,AG,3863.0,3926.0,3861.0,3916.0,621608,686058,0.0,0.0
2018-01-26,AG,3899.0,3915.0,3870.0,3889.0,419062,692052,0.0,0.0
2018-01-29,AG,3878.0,3891.0,3873.0,3875.0,290138,701688,0.0,0.0
2018-01-30,AG,3859.0,3866.0,3820.0,3823.0,373710,718046,0.0,0.0
2018-01-31,AG,3843.0,3851.0,3821.0,3832.0,279930,721492,0.0,0.0
2018-02-01,AG,3837.0,3845.0,3827.0,3830.0,235382,721920,0.0,0.0
2018-02-02,AG,3830.0,3836.0,3813.0,3824.0,284856,736950,0.0,0.0
2018-02-05,AG,3818.0,3825.0,3724.0,3729.0,735642,777424,0.0,0.0
2018-02-06,AG,3739.0,3797.0,3725.0,3767.0,519518,765472,0.0,0.0
2018-02-07,AG,3736.0,3744.0,3708.0,3731.0,425140,799180,0.0,0.0
2018-02-08,AG,3702.0,3710.0,3651.0,3674.0,632088,812318,0.0,0.0
2018-02-09,AG,3674.0,3717.0,3673.0,3687.0,407840,796926,0.0,0.0
2018-02-12,AG,3676.0,3697.0,3656.0,3690.0,476280,798288,0.0,0.0
2018-02-13,AG,3687.0,3720.0,3681.0,3712.0,299838,770352,0.0,0.0
2018-02-14,AG,3711.0,3721.0,3686.0,3718.0,303870,760906,0.0,0.0
2018-02-22,AG,3690.0,3691.0,3663.0,3675.0,144846,763644,0.0,0.0
2018-02-23,AG,3683.0,3709.0,3680.0,3696.0,311096,793630,0.0,0.0
2018-02-26,AG,3701.0,3738.0,3691.0,3726.0,448470,819066,0.0,0.0
2018-02-27,AG,3721.0,3733.0,3709.0,3719.0,362268,848188,0.0,0.0
2018-02-28,AG,3718.0,3719.0,3670.0,3684.0,507648,862616,0.0,0.0
2018-03-01,AG,3687.0,3697.0,3669.0,3675.0,320618,875388,0.0,0.0
2018-03-02,AG,3660.0,3695.0,3650.0,3683.0,487640,826342,0.0,0.0
2018-03-05,AG,3685.0,3709.0,3681.0,3697.0,386100,817202,0.0,0.0
2018-03-06,AG,3693.0,3697.0,3676.0,3688.0,292604,837638,0.0,0.0
2018-03-07,AG,3707.0,3736.0,3699.0,3711.0,522414,785042,0.0,0.0
2018-03-08,AG,3709.0,3712.0,3683.0,3704.0,430620,805520,0.0,0.0
2018-03-09,AG,3694.0,3706.0,3673.0,3687.0,354944,789494,0.0,0.0
2018-03-12,AG,3682.0,3718.0,3663.0,3687.0,550260,773788,0.0,0.0
2018-03-13,AG,3682.0,3693.0,3678.0,3681.0,230396,774862,0.0,0.0
2018-03-14,AG,3695.0,3706.0,3678.0,3693.0,332324,765074,0.0,0.0
2018-03-15,AG,3690.0,3693.0,3682.0,3685.0,222614,772780,0.0,0.0
2018-03-16,AG,3676.0,3681.0,3657.0,3668.0,390238,815020,0.0,0.0
2018-03-19,AG,3667.0,3674.0,3622.0,3633.0,536604,846934,0.0,0.0
2018-03-20,AG,3633.0,3652.0,3633.0,3645.0,251720,824786,0.0,0.0
2018-03-21,AG,3640.0,3640.0,3612.0,3638.0,320820,837576,0.0,0.0
2018-03-22,AG,3640.0,3700.0,3638.0,3682.0,602932,788142,0.0,0.0
2018-03-23,AG,3680.0,3699.0,3666.0,3692.0,474788,778276,0.0,0.0
2018-03-26,AG,3697.0,3709.0,3681.0,3684.0,329878,768850,0.0,0.0
2018-03-27,AG,3688.0,3703.0,3682.0,3696.0,303124,758606,0.0,0.0
2018-03-28,AG,3678.0,3683.0,3648.0,3656.0,331622,778716,0.0,0.0
2018-03-29,AG,3646.0,3650.0,3599.0,3602.0,509674,805344,0.0,0.0
2018-03-30,AG,3600.0,3625.0,3596.0,3618.0,243604,786994,0.0,0.0
2018-04-02,AG,3618.0,3638.0,3614.0,3631.0,192436,770888,0.0,0.0
2018-04-03,AG,3655.0,3668.0,3648.0,3650.0,292092,739288,0.0,0.0
2018-04-04,AG,3651.0,3651.0,3620.0,3639.0,225936,747184,0.0,0.0
2018-04-09,AG,3635.0,3642.0,3631.0,3636.0,91122,749474,0.0,0.0
2018-04-10,AG,3639.0,3652.0,3633.0,3640.0,216200,740620,0.0,0.0
2018-04-11,AG,3651.0,3658.0,3644.0,3655.0,259782,720700,0.0,0.0
2018-04-12,AG,3661.0,3692.0,3655.0,3663.0,489154,672356,0.0,0.0
2018-04-13,AG,3651.0,3653.0,3621.0,3635.0,309548,636494,0.0,0.0
2018-04-16,AG,3643.0,3674.0,3642.0,3656.0,288306,641480,0.0,0.0
2018-04-17,AG,3665.0,3671.0,3651.0,3666.0,222462,625168,0.0,0.0
2018-04-18,AG,3651.0,3685.0,3646.0,3680.0,341578,619792,0.0,0.0
2018-04-19,AG,3720.0,3766.0,3713.0,3764.0,722350,597804,0.0,0.0
2018-04-20,AG,3762.0,3767.0,3741.0,3750.0,441464,556114,0.0,0.0
2018-04-23,AG,3748.0,3755.0,3724.0,3735.0,331642,512132,0.0,0.0
2018-04-24,AG,3691.0,3698.0,3672.0,3682.0,449410,477702,0.0,0.0
2018-04-25,AG,3676.0,3694.0,3670.0,3676.0,219038,463578,0.0,0.0
2018-04-26,AG,3664.0,3678.0,3655.0,3670.0,227756,448044,0.0,0.0
2018-04-27,AG,3670.0,3674.0,3645.0,3658.0,271146,427052,0.0,0.0
2018-05-02,AG,3615.0,3635.0,3603.0,3626.0,127508,412148,0.0,0.0
2018-05-03,AG,3737.0,3762.0,3729.0,3743.0,191800,447916,0.0,0.0
2018-05-04,AG,3758.0,3761.0,3743.0,3746.0,114562,464438,0.0,0.0
2018-05-07,AG,3750.0,3768.0,3746.0,3754.0,176300,503454,0.0,0.0
2018-05-08,AG,3755.0,3761.0,3751.0,3757.0,131118,521336,0.0,0.0
2018-05-09,AG,3755.0,3770.0,3734.0,3749.0,328788,538950,0.0,0.0
2018-05-10,AG,3760.0,3775.0,3757.0,3764.0,306506,569024,0.0,0.0
2018-05-11,AG,3784.0,3789.0,3775.0,3782.0,319836,592252,0.0,0.0
2018-05-14,AG,3792.0,3797.0,3774.0,3777.0,250800,593596,0.0,0.0
2018-05-15,AG,3767.0,3774.0,3735.0,3738.0,284114,616076,0.0,0.0
2018-05-16,AG,3710.0,3718.0,3696.0,3716.0,328888,641196,0.0,0.0
2018-05-17,AG,3705.0,3730.0,3701.0,3714.0,224432,647324,0.0,0.0
2018-05-18,AG,3730.0,3737.0,3723.0,3729.0,184272,647222,0.0,0.0
2018-05-21,AG,3724.0,3741.0,3705.0,3712.0,288910,681572,0.0,0.0
2018-05-22,AG,3735.0,3739.0,3725.0,3730.0,257206,659820,0.0,0.0
2018-05-23,AG,3753.0,3756.0,3734.0,3741.0,247154,658012,0.0,0.0
2018-05-24,AG,3726.0,3741.0,3719.0,3736.0,247706,679406,0.0,0.0
2018-05-25,AG,3752.0,3760.0,3746.0,3750.0,336934,676576,0.0,0.0
2018-05-28,AG,3762.0,3762.0,3723.0,3728.0,294560,688958,0.0,0.0
2018-05-29,AG,3727.0,3739.0,3723.0,3725.0,160070,705588,0.0,0.0
2018-05-30,AG,3724.0,3733.0,3713.0,3725.0,294994,703044,0.0,0.0
2018-05-31,AG,3735.0,3757.0,3730.0,3756.0,360212,732636,0.0,0.0
2018-06-01,AG,3745.0,3755.0,3734.0,3739.0,234188,712674,0.0,0.0
2018-06-04,AG,3727.0,3749.0,3724.0,3734.0,249278,716180,0.0,0.0
2018-06-05,AG,3747.0,3747.0,3719.0,3730.0,288722,708910,0.0,0.0
2018-06-06,AG,3728.0,3751.0,3725.0,3744.0,319390,742566,0.0,0.0
2018-06-07,AG,3755.0,3766.0,3745.0,3760.0,418176,751636,0.0,0.0
2018-06-08,AG,3777.0,3796.0,3752.0,3753.0,692314,723234,0.0,0.0
2018-06-11,AG,3770.0,3829.0,3762.0,3797.0,704770,812158,0.0,0.0
2018-06-12,AG,3801.0,3818.0,3795.0,3799.0,423550,798096,0.0,0.0
2018-06-13,AG,3795.0,3816.0,3791.0,3792.0,326966,768780,0.0,0.0
2018-06-14,AG,3808.0,3862.0,3800.0,3857.0,750928,882682,0.0,0.0
2018-06-15,AG,3886.0,3886.0,3854.0,3867.0,689548,835602,0.0,0.0
2018-06-19,AG,3733.0,3760.0,3702.0,3733.0,611864,665826,0.0,0.0
2018-06-20,AG,3726.0,3739.0,3720.0,3726.0,299576,663478,0.0,0.0
2018-06-21,AG,3732.0,3736.0,3717.0,3723.0,285806,668980,0.0,0.0
2018-06-22,AG,3730.0,3756.0,3730.0,3755.0,286416,662258,0.0,0.0
2018-06-25,AG,3753.0,3765.0,3745.0,3747.0,313218,652134,0.0,0.0
2018-06-26,AG,3754.0,3757.0,3748.0,3754.0,183094,653642,0.0,0.0
2018-06-27,AG,3742.0,3763.0,3740.0,3752.0,234688,654722,0.0,0.0
2018-06-28,AG,3749.0,3758.0,3735.0,3741.0,301870,647190,0.0,0.0
2018-06-29,AG,3742.0,3756.0,3726.0,3745.0,319222,640428,0.0,0.0
2018-07-02,AG,3740.0,3757.0,3735.0,3743.0,255372,646224,0.0,0.0
2018-07-03,AG,3740.0,3744.0,3720.0,3742.0,279840,663546,0.0,0.0
2018-07-04,AG,3747.0,3767.0,3741.0,3753.0,303762,664732,0.0,0.0
2018-07-05,AG,3749.0,3751.0,3738.0,3748.0,182032,664248,0.0,0.0
2018-07-06,AG,3746.0,3756.0,3739.0,3748.0,244700,673426,0.0,0.0
2018-07-09,AG,3745.0,3760.0,3742.0,3755.0,214608,677560,0.0,0.0
2018-07-10,AG,3753.0,3765.0,3741.0,3745.0,243322,683386,0.0,0.0
2018-07-11,AG,3749.0,3753.0,3731.0,3737.0,243992,698766,0.0,0.0
2018-07-12,AG,3740.0,3744.0,3716.0,3728.0,328736,699924,0.0,0.0
2018-07-13,AG,3730.0,3742.0,3726.0,3729.0,178726,683726,0.0,0.0
2018-07-16,AG,3725.0,3731.0,3714.0,3722.0,239498,694750,0.0,0.0
2018-07-17,AG,3717.0,3719.0,3693.0,3713.0,354084,713052,0.0,0.0
2018-07-18,AG,3701.0,3709.0,3651.0,3665.0,643522,780568,0.0,0.0
2018-07-19,AG,3664.0,3685.0,3659.0,3670.0,354190,757536,0.0,0.0
2018-07-20,AG,3649.0,3681.0,3644.0,3673.0,395820,771470,0.0,0.0
2018-07-23,AG,3680.0,3694.0,3675.0,3687.0,299004,746026,0.0,0.0
2018-07-24,AG,3686.0,3690.0,3678.0,3681.0,191990,735986,0.0,0.0
2018-07-25,AG,3692.0,3706.0,3692.0,3698.0,249452,729316,0.0,0.0
2018-07-26,AG,3699.0,3706.0,3693.0,3701.0,163940,725146,0.0,0.0
2018-07-27,AG,3699.0,3704.0,3681.0,3686.0,208344,733786,0.0,0.0
2018-07-30,AG,3695.0,3702.0,3686.0,3688.0,203202,726514,0.0,0.0
2018-07-31,AG,3697.0,3705.0,3695.0,3698.0,163498,717490,0.0,0.0
2018-08-01,AG,3695.0,3704.0,3681.0,3694.0,288696,714972,0.0,0.0
2018-08-02,AG,3691.0,3696.0,3678.0,3687.0,211530,726350,0.0,0.0
2018-08-03,AG,3692.0,3695.0,3675.0,3679.0,189064,727730,0.0,0.0
2018-08-06,AG,3692.0,3716.0,3689.0,3692.0,372068,711360,0.0,0.0
2018-08-07,AG,3682.0,3693.0,3681.0,3692.0,187026,722856,0.0,0.0
2018-08-08,AG,3690.0,3690.0,3670.0,3682.0,226598,747378,0.0,0.0
2018-08-09,AG,3676.0,3688.0,3673.0,3683.0,186322,755074,0.0,0.0
2018-08-10,AG,3685.0,3692.0,3675.0,3678.0,232230,752692,0.0,0.0
2018-08-13,AG,3684.0,3691.0,3671.0,3676.0,282160,770872,0.0,0.0
2018-08-14,AG,3672.0,3675.0,3624.0,3638.0,504700,798546,0.0,0.0
2018-08-15,AG,3637.0,3640.0,3606.0,3616.0,362256,815602,0.0,0.0
2018-08-16,AG,3597.0,3597.0,3488.0,3529.0,906108,825218,0.0,0.0
2018-08-17,AG,3531.0,3569.0,3523.0,3538.0,415080,799966,0.0,0.0
2018-08-20,AG,3539.0,3557.0,3532.0,3552.0,289336,774822,0.0,0.0
2018-08-21,AG,3547.0,3558.0,3532.0,3553.0,278734,791986,0.0,0.0
2018-08-22,AG,3547.0,3554.0,3537.0,3542.0,227706,796424,0.0,0.0
2018-08-23,AG,3555.0,3558.0,3508.0,3522.0,388342,799972,0.0,0.0
2018-08-24,AG,3526.0,3533.0,3513.0,3530.0,270870,809392,0.0,0.0
2018-08-27,AG,3536.0,3554.0,3533.0,3543.0,353950,788026,0.0,0.0
2018-08-28,AG,3545.0,3563.0,3542.0,3553.0,231356,773530,0.0,0.0
2018-08-29,AG,3553.0,3556.0,3515.0,3526.0,313806,778120,0.0,0.0
2018-08-30,AG,3530.0,3541.0,3516.0,3527.0,250822,779958,0.0,0.0
2018-08-31,AG,3525.0,3528.0,3490.0,3515.0,366654,794298,0.0,0.0
2018-09-03,AG,3510.0,3515.0,3469.0,3483.0,445724,807010,0.0,0.0
2018-09-04,AG,3482.0,3490.0,3442.0,3448.0,307272,784304,0.0,0.0
2018-09-05,AG,3408.0,3415.0,3390.0,3396.0,439748,774838,0.0,0.0
2018-09-06,AG,3401.0,3418.0,3401.0,3410.0,209248,756298,0.0,0.0
2018-09-07,AG,3417.0,3429.0,3400.0,3409.0,292848,746760,0.0,0.0
2018-09-10,AG,3407.0,3427.0,3393.0,3407.0,290960,730770,0.0,0.0
2018-09-11,AG,3419.0,3424.0,3410.0,3423.0,163248,716538,0.0,0.0
2018-09-12,AG,3400.0,3416.0,3376.0,3408.0,335866,712890,0.0,0.0
2018-09-13,AG,3403.0,3427.0,3400.0,3422.0,233774,716302,0.0,0.0
2018-09-14,AG,3430.0,3441.0,3415.0,3429.0,248784,711438,0.0,0.0
2018-09-17,AG,3424.0,3427.0,3401.0,3408.0,261028,706154,0.0,0.0
2018-09-18,AG,3418.0,3426.0,3411.0,3416.0,203832,695642,0.0,0.0
2018-09-19,AG,3423.0,3426.0,3405.0,3418.0,247204,681746,0.0,0.0
2018-09-20,AG,3425.0,3466.0,3414.0,3458.0,394582,663054,0.0,0.0
2018-09-21,AG,3467.0,3511.0,3460.0,3495.0,426466,638134,0.0,0.0
2018-09-25,AG,3480.0,3492.0,3468.0,3473.0,156342,607340,0.0,0.0
2018-09-26,AG,3486.0,3526.0,3482.0,3504.0,326986,582850,0.0,0.0
2018-09-27,AG,3498.0,3522.0,3494.0,3505.0,243648,573212,0.0,0.0
2018-09-28,AG,3484.0,3485.0,3460.0,3470.0,291668,556856,0.0,0.0
2018-10-08,AG,3547.0,3550.0,3511.0,3519.0,166014,524896,0.0,0.0
2018-10-09,AG,3502.0,3522.0,3501.0,3516.0,218680,524928,0.0,0.0
2018-10-10,AG,3511.0,3520.0,3498.0,3515.0,185786,527790,0.0,0.0
2018-10-11,AG,3504.0,3513.0,3493.0,3508.0,208298,523610,0.0,0.0
2018-10-12,AG,3536.0,3558.0,3525.0,3539.0,363588,524582,0.0,0.0
2018-10-15,AG,3559.0,3571.0,3544.0,3568.0,276396,515582,0.0,0.0
2018-10-16,AG,3576.0,3581.0,3551.0,3562.0,270364,495536,0.0,0.0
2018-10-17,AG,3576.0,3585.0,3546.0,3561.0,242862,490148,0.0,0.0
2018-10-18,AG,3565.0,3571.0,3519.0,3529.0,281830,466302,0.0,0.0
2018-10-19,AG,3540.0,3568.0,3536.0,3562.0,256784,467544,0.0,0.0
2018-10-22,AG,3568.0,3572.0,3555.0,3560.0,204266,464170,0.0,0.0
2018-10-23,AG,3559.0,3569.0,3547.0,3568.0,185164,458714,0.0,0.0
2018-10-24,AG,3598.0,3609.0,3591.0,3595.0,256268,447096,0.0,0.0
2018-10-25,AG,3586.0,3617.0,3581.0,3608.0,226194,455644,0.0,0.0
2018-10-26,AG,3603.0,3607.0,3576.0,3584.0,243310,427062,0.0,0.0
2018-10-29,AG,3584.0,3609.0,3576.0,3579.0,248504,414902,0.0,0.0
2018-10-30,AG,3586.0,3592.0,3532.0,3545.0,259590,399182,0.0,0.0
2018-10-31,AG,3535.0,3549.0,3522.0,3526.0,223180,364286,0.0,0.0
2018-11-01,AG,3514.0,3520.0,3496.0,3520.0,232206,348954,0.0,0.0
2018-11-02,AG,3576.0,3608.0,3575.0,3593.0,173916,379106,0.0,0.0
2018-11-05,AG,3586.0,3617.0,3582.0,3595.0,135680,386710,0.0,0.0
2018-11-06,AG,3593.0,3601.0,3581.0,3593.0,98508,402948,0.0,0.0
2018-11-07,AG,3591.0,3596.0,3566.0,3575.0,171824,416276,0.0,0.0
2018-11-08,AG,3586.0,3590.0,3565.0,3572.0,175746,435888,0.0,0.0
2018-11-09,AG,3571.0,3573.0,3534.0,3549.0,264470,446304,0.0,0.0
2018-11-12,AG,3541.0,3545.0,3506.0,3509.0,339312,473292,0.0,0.0
2018-11-13,AG,3511.0,3513.0,3491.0,3499.0,213920,500314,0.0,0.0
2018-11-14,AG,3498.0,3509.0,3475.0,3489.0,269998,537424,0.0,0.0
2018-11-15,AG,3479.0,3515.0,3473.0,3512.0,287792,548742,0.0,0.0
2018-11-16,AG,3501.0,3536.0,3500.0,3528.0,256370,545336,0.0,0.0
2018-11-19,AG,3525.0,3553.0,3520.0,3539.0,299062,551088,0.0,0.0
2018-11-20,AG,3535.0,3548.0,3533.0,3541.0,174092,542830,0.0,0.0
2018-11-21,AG,3547.0,3563.0,3513.0,3535.0,341448,535222,0.0,0.0
2018-11-22,AG,3545.0,3563.0,3539.0,3555.0,282748,531688,0.0,0.0
2018-11-23,AG,3555.0,3558.0,3536.0,3537.0,161328,528802,0.0,0.0
2018-11-26,AG,3525.0,3528.0,3509.0,3524.0,342686,546708,0.0,0.0
2018-11-27,AG,3522.0,3526.0,3500.0,3502.0,230872,565950,0.0,0.0
2018-11-28,AG,3515.0,3518.0,3488.0,3495.0,272980,580742,0.0,0.0
2018-11-29,AG,3495.0,3539.0,3492.0,3533.0,325772,578608,0.0,0.0
2018-11-30,AG,3530.0,3539.0,3522.0,3531.0,211548,587948,0.0,0.0
2018-12-03,AG,3525.0,3533.0,3491.0,3529.0,389488,610024,0.0,0.0
2018-12-04,AG,3533.0,3559.0,3529.0,3539.0,361758,603104,0.0,0.0
2018-12-05,AG,3547.0,3558.0,3530.0,3533.0,312562,597756,0.0,0.0
2018-12-06,AG,3537.0,3548.0,3533.0,3534.0,198774,600792,0.0,0.0
2018-12-07,AG,3527.0,3548.0,3527.0,3539.0,300966,601240,0.0,0.0
2018-12-10,AG,3540.0,3588.0,3540.0,3582.0,453356,648916,0.0,0.0
2018-12-11,AG,3580.0,3583.0,3561.0,3574.0,289266,632104,0.0,0.0
2018-12-12,AG,3581.0,3593.0,3566.0,3571.0,329880,617452,0.0,0.0
2018-12-13,AG,3577.0,3596.0,3575.0,3587.0,287188,627614,0.0,0.0
2018-12-14,AG,3581.0,3590.0,3569.0,3572.0,258470,630660,0.0,0.0
2018-12-17,AG,3565.0,3572.0,3553.0,3564.0,242942,609468,0.0,0.0
2018-12-18,AG,3571.0,3583.0,3565.0,3571.0,233476,621804,0.0,0.0
2018-12-19,AG,3568.0,3586.0,3566.0,3583.0,214384,619988,0.0,0.0
2018-12-20,AG,3577.0,3612.0,3561.0,3569.0,426924,608840,0.0,0.0
2018-12-21,AG,3585.0,3603.0,3582.0,3591.0,347160,607626,0.0,0.0
2018-12-24,AG,3585.0,3599.0,3578.0,3592.0,259172,612610,0.0,0.0
2018-12-25,AG,3589.0,3605.0,3588.0,3593.0,208102,610484,0.0,0.0
2018-12-26,AG,3601.0,3632.0,3601.0,3616.0,344032,624428,0.0,0.0
2018-12-27,AG,3616.0,3677.0,3616.0,3638.0,716138,662886,0.0,0.0
2018-12-28,AG,3654.0,3703.0,3646.0,3700.0,689464,706250,0.0,0.0
2019-01-02,AG,3700.0,3718.0,3688.0,3711.0,306902,730802,0.0,0.0
2019-01-03,AG,3707.0,3765.0,3698.0,3762.0,693698,757080,0.0,0.0
2019-01-04,AG,3756.0,3810.0,3743.0,3779.0,769274,744256,0.0,0.0
2019-01-07,AG,3768.0,3787.0,3741.0,3778.0,786038,747574,0.0,0.0
2019-01-08,AG,3781.0,3792.0,3720.0,3744.0,638976,733018,0.0,0.0
2019-01-09,AG,3742.0,3759.0,3731.0,3743.0,447464,741930,0.0,0.0
2019-01-10,AG,3740.0,3772.0,3738.0,3751.0,628180,760468,0.0,0.0
2019-01-11,AG,3750.0,3753.0,3710.0,3732.0,614710,749992,0.0,0.0
2019-01-14,AG,3721.0,3734.0,3702.0,3714.0,524510,748380,0.0,0.0
2019-01-15,AG,3717.0,3728.0,3710.0,3715.0,385424,750674,0.0,0.0
2019-01-16,AG,3711.0,3729.0,3688.0,3710.0,545768,734292,0.0,0.0
2019-01-17,AG,3697.0,3720.0,3694.0,3706.0,330692,740608,0.0,0.0
2019-01-18,AG,3711.0,3728.0,3696.0,3711.0,484192,754808,0.0,0.0
2019-01-21,AG,3700.0,3704.0,3653.0,3661.0,593572,723620,0.0,0.0
2019-01-22,AG,3640.0,3659.0,3636.0,3644.0,372766,732422,0.0,0.0
2019-01-23,AG,3658.0,3669.0,3652.0,3668.0,370772,740050,0.0,0.0
2019-01-24,AG,3671.0,3674.0,3647.0,3651.0,348868,731234,0.0,0.0
2019-01-25,AG,3644.0,3662.0,3642.0,3652.0,294628,736018,0.0,0.0
2019-01-28,AG,3651.0,3736.0,3646.0,3720.0,707678,772662,0.0,0.0
2019-01-29,AG,3717.0,3743.0,3702.0,3733.0,523108,773414,0.0,0.0
2019-01-30,AG,3748.0,3765.0,3731.0,3746.0,520048,762544,0.0,0.0
2019-01-31,AG,3742.0,3760.0,3721.0,3743.0,423254,735014,0.0,0.0
2019-02-01,AG,3752.0,3769.0,3732.0,3749.0,402364,712152,0.0,0.0
2019-02-11,AG,3728.0,3738.0,3722.0,3727.0,128778,709554,0.0,0.0
2019-02-12,AG,3722.0,3741.0,3719.0,3736.0,277308,751396,0.0,0.0
2019-02-13,AG,3737.0,3743.0,3712.0,3728.0,309634,768542,0.0,0.0
2019-02-14,AG,3715.0,3738.0,3691.0,3698.0,441954,769710,0.0,0.0
2019-02-15,AG,3682.0,3709.0,3678.0,3707.0,368594,766050,0.0,0.0
2019-02-18,AG,3711.0,3746.0,3699.0,3742.0,395502,784372,0.0,0.0
2019-02-19,AG,3744.0,3761.0,3732.0,3734.0,272616,790614,0.0,0.0
2019-02-20,AG,3750.0,3790.0,3745.0,3759.0,604220,804854,0.0,0.0
2019-02-21,AG,3765.0,3787.0,3735.0,3736.0,457394,785868,0.0,0.0
2019-02-22,AG,3730.0,3743.0,3713.0,3720.0,369722,771094,0.0,0.0
2019-02-25,AG,3720.0,3745.0,3717.0,3735.0,430080,783778,0.0,0.0
2019-02-26,AG,3733.0,3734.0,3701.0,3714.0,411664,774376,0.0,0.0
2019-02-27,AG,3703.0,3723.0,3702.0,3708.0,356790,760510,0.0,0.0
2019-02-28,AG,3704.0,3716.0,3665.0,3674.0,499290,746958,0.0,0.0
2019-03-01,AG,3683.0,3691.0,3648.0,3657.0,472070,740744,0.0,0.0
2019-03-04,AG,3648.0,3653.0,3570.0,3574.0,763880,741786,0.0,0.0
2019-03-05,AG,3560.0,3569.0,3537.0,3548.0,639520,749308,0.0,0.0
2019-03-06,AG,3552.0,3574.0,3541.0,3573.0,372268,753210,0.0,0.0
2019-03-07,AG,3562.0,3579.0,3555.0,3558.0,303306,737768,0.0,0.0
2019-03-08,AG,3565.0,3584.0,3542.0,3578.0,389170,728466,0.0,0.0
2019-03-11,AG,3579.0,3618.0,3574.0,3602.0,506060,719200,0.0,0.0
2019-03-12,AG,3601.0,3620.0,3585.0,3614.0,249572,714728,0.0,0.0
2019-03-13,AG,3623.0,3627.0,3608.0,3617.0,199502,713654,0.0,0.0
2019-03-14,AG,3620.0,3627.0,3588.0,3589.0,316100,687836,0.0,0.0
2019-03-15,AG,3580.0,3601.0,3551.0,3596.0,456316,681556,0.0,0.0
2019-03-18,AG,3595.0,3604.0,3574.0,3597.0,247630,667318,0.0,0.0
2019-03-19,AG,3606.0,3614.0,3599.0,3610.0,205244,672644,0.0,0.0
2019-03-20,AG,3612.0,3623.0,3596.0,3602.0,189684,667624,0.0,0.0
2019-03-21,AG,3603.0,3653.0,3588.0,3649.0,440510,674332,0.0,0.0
2019-03-22,AG,3642.0,3646.0,3623.0,3641.0,290774,677906,0.0,0.0
2019-03-25,AG,3630.0,3640.0,3623.0,3635.0,253754,681446,0.0,0.0
2019-03-26,AG,3646.0,3655.0,3629.0,3631.0,284204,673054,0.0,0.0
2019-03-27,AG,3626.0,3636.0,3610.0,3615.0,295830,657420,0.0,0.0
2019-03-28,AG,3612.0,3619.0,3581.0,3589.0,333470,654574,0.0,0.0
2019-03-29,AG,3565.0,3567.0,3512.0,3526.0,510666,628794,0.0,0.0
2019-04-01,AG,3551.0,3557.0,3535.0,3546.0,288434,616996,0.0,0.0
2019-04-02,AG,3560.0,3566.0,3545.0,3549.0,239622,625720,0.0,0.0
2019-04-03,AG,3538.0,3576.0,3532.0,3567.0,312154,622840,0.0,0.0
2019-04-04,AG,3555.0,3573.0,3550.0,3570.0,226814,624930,0.0,0.0
2019-04-08,AG,3568.0,3583.0,3567.0,3578.0,128436,629740,0.0,0.0
2019-04-09,AG,3594.0,3605.0,3582.0,3591.0,214660,629638,0.0,0.0
2019-04-10,AG,3602.0,3602.0,3572.0,3586.0,239738,625754,0.0,0.0
2019-04-11,AG,3583.0,3596.0,3574.0,3576.0,209078,613232,0.0,0.0
2019-04-12,AG,3541.0,3557.0,3520.0,3540.0,372348,622690,0.0,0.0
2019-04-15,AG,3545.0,3553.0,3514.0,3519.0,300266,632014,0.0,0.0
2019-04-16,AG,3511.0,3536.0,3507.0,3531.0,261842,634144,0.0,0.0
2019-04-17,AG,3521.0,3538.0,3512.0,3531.0,250318,627332,0.0,0.0
2019-04-18,AG,3536.0,3542.0,3516.0,3522.0,198958,623022,0.0,0.0
2019-04-19,AG,3529.0,3539.0,3524.0,3529.0,151410,608362,0.0,0.0
2019-04-23,AG,3546.0,3550.0,3523.0,3524.0,185938,583186,0.0,0.0
2019-04-24,AG,3503.0,3510.0,3468.0,3500.0,274774,579008,0.0,0.0
2019-04-25,AG,3510.0,3535.0,3502.0,3526.0,284116,550792,0.0,0.0
2019-04-26,AG,3528.0,3549.0,3527.0,3547.0,251828,523344,0.0,0.0
2019-04-29,AG,3548.0,3559.0,3538.0,3541.0,224638,491454,0.0,0.0
2019-04-30,AG,3536.0,3540.0,3521.0,3533.0,181704,461924,0.0,0.0
2019-05-06,AG,3540.0,3549.0,3528.0,3532.0,131780,419712,0.0,0.0
2019-05-07,AG,3520.0,3545.0,3517.0,3541.0,189074,387368,0.0,0.0
2019-05-08,AG,3535.0,3552.0,3531.0,3549.0,156150,366802,0.0,0.0
2019-05-09,AG,3611.0,3626.0,3586.0,3600.0,273170,495670,0.0,0.0
2019-05-10,AG,3588.0,3610.0,3584.0,3591.0,293686,515854,0.0,0.0
2019-05-13,AG,3602.0,3607.0,3589.0,3593.0,15878,537514,0.0,0.0
2019-05-14,AG,3605.0,3643.0,3603.0,3628.0,30630,581524,0.0,0.0
2019-05-15,AG,3633.0,3639.0,3605.0,3611.0,17992,579050,0.0,0.0
2019-05-16,AG,3621.0,3627.0,3613.0,3621.0,245436,580624,0.0,0.0
2019-05-17,AG,3611.0,3618.0,3568.0,3577.0,472244,600288,0.0,0.0
2019-05-20,AG,3565.0,3572.0,3553.0,3556.0,295514,632124,0.0,0.0
2019-05-21,AG,3562.0,3573.0,3556.0,3560.0,201728,647520,0.0,0.0
2019-05-22,AG,3559.0,3567.0,3550.0,3558.0,264712,666016,0.0,0.0
2019-05-23,AG,3568.0,3574.0,3559.0,3572.0,190090,663336,0.0,0.0
2019-05-24,AG,3586.0,3596.0,3577.0,3584.0,354748,647632,0.0,0.0
2019-05-27,AG,3584.0,3591.0,3572.0,3583.0,193676,650272,0.0,0.0
2019-05-28,AG,3585.0,3588.0,3569.0,3576.0,138330,655758,0.0,0.0
2019-05-29,AG,3548.0,3561.0,3534.0,3559.0,443208,715480,0.0,0.0
2019-05-30,AG,3561.0,3569.0,3541.0,3555.0,263112,712802,0.0,0.0
2019-05-31,AG,3562.0,3581.0,3557.0,3576.0,333576,703032,0.0,0.0
2019-06-03,AG,3577.0,3608.0,3572.0,3584.0,513718,703956,0.0,0.0
2019-06-04,AG,3610.0,3623.0,3601.0,3617.0,435350,695460,0.0,0.0
2019-06-05,AG,3610.0,3641.0,3606.0,3631.0,469186,716846,0.0,0.0
2019-06-06,AG,3649.0,3678.0,3613.0,3639.0,678294,729002,0.0,0.0
2019-06-10,AG,3661.0,3663.0,3622.0,3629.0,282638,738932,0.0,0.0
2019-06-11,AG,3624.0,3631.0,3592.0,3599.0,405112,715036,0.0,0.0
2019-06-12,AG,3605.0,3646.0,3593.0,3640.0,455364,770928,0.0,0.0
2019-06-13,AG,3633.0,3639.0,3611.0,3633.0,372516,752796,0.0,0.0
2019-06-14,AG,3628.0,3684.0,3623.0,3678.0,531490,786988,0.0,0.0
2019-06-17,AG,3674.0,3686.0,3625.0,3636.0,582894,760322,0.0,0.0
2019-06-18,AG,3644.0,3654.0,3632.0,3647.0,316240,758826,0.0,0.0
2019-06-19,AG,3660.0,3668.0,3626.0,3651.0,551880,737920,0.0,0.0
2019-06-20,AG,3648.0,3728.0,3641.0,3713.0,716310,789538,0.0,0.0
2019-06-21,AG,3713.0,3753.0,3704.0,3711.0,775480,765066,0.0,0.0
2019-06-24,AG,3719.0,3739.0,3692.0,3720.0,507532,771050,0.0,0.0
2019-06-25,AG,3718.0,3762.0,3712.0,3742.0,642322,806024,0.0,0.0
2019-06-26,AG,3732.0,3758.0,3694.0,3698.0,728262,825608,0.0,0.0
2019-06-27,AG,3711.0,3725.0,3686.0,3691.0,450134,809126,0.0,0.0
2019-06-28,AG,3695.0,3719.0,3679.0,3691.0,474160,782116,0.0,0.0
2019-07-01,AG,3694.0,3707.0,3646.0,3653.0,492196,751740,0.0,0.0
2019-07-02,AG,3673.0,3681.0,3656.0,3669.0,342600,742252,0.0,0.0
2019-07-03,AG,3659.0,3765.0,3651.0,3716.0,805068,765976,0.0,0.0
2019-07-04,AG,3709.0,3717.0,3689.0,3690.0,375964,750610,0.0,0.0
2019-07-05,AG,3693.0,3706.0,3689.0,3691.0,244490,741266,0.0,0.0
2019-07-08,AG,3680.0,3680.0,3637.0,3665.0,571828,742048,0.0,0.0
2019-07-09,AG,3666.0,3669.0,3646.0,3660.0,258596,731442,0.0,0.0
2019-07-10,AG,3662.0,3675.0,3651.0,3657.0,281454,734160,0.0,0.0
2019-07-11,AG,3686.0,3698.0,3666.0,3690.0,441634,737804,0.0,0.0
2019-07-12,AG,3680.0,3686.0,3658.0,3667.0,276184,731986,0.0,0.0
2019-07-15,AG,3660.0,3697.0,3658.0,3693.0,318302,759316,0.0,0.0
2019-07-16,AG,3698.0,3733.0,3690.0,3731.0,516774,840792,0.0,0.0
2019-07-17,AG,3723.0,3793.0,3718.0,3784.0,1280100,969156,0.0,0.0
2019-07-18,AG,3792.0,3915.0,3788.0,3866.0,2097352,1116654,0.0,0.0
2019-07-19,AG,3892.0,3988.0,3881.0,3976.0,1980920,1195532,0.0,0.0
2019-07-22,AG,3965.0,4031.0,3882.0,3951.0,3343320,1180616,0.0,0.0
2019-07-23,AG,3952.0,3969.0,3904.0,3951.0,1376932,1140110,0.0,0.0
2019-07-24,AG,3985.0,4008.0,3954.0,3980.0,1841864,1205330,0.0,0.0
2019-07-25,AG,3995.0,4017.0,3951.0,3977.0,1512624,1167588,0.0,0.0
2019-07-26,AG,3972.0,3984.0,3932.0,3966.0,1303464,1124816,0.0,0.0
2019-07-29,AG,3964.0,3984.0,3944.0,3963.0,1215664,1108684,0.0,0.0
2019-07-30,AG,3958.0,3978.0,3949.0,3977.0,801810,1160762,0.0,0.0
2019-07-31,AG,3975.0,3989.0,3961.0,3971.0,877780,1101954,0.0,0.0
2019-08-01,AG,3967.0,3973.0,3865.0,3869.0,1711912,1016896,0.0,0.0
2019-08-02,AG,3870.0,3958.0,3857.0,3913.0,1625506,962594,0.0,0.0
2019-08-05,AG,3897.0,4088.0,3893.0,4067.0,2588158,1130726,0.0,0.0
2019-08-06,AG,4065.0,4089.0,4003.0,4040.0,2194994,1082308,0.0,0.0
2019-08-07,AG,4038.0,4154.0,4034.0,4124.0,2285714,1160848,0.0,0.0
2019-08-08,AG,4184.0,4248.0,4175.0,4209.0,2934332,1228772,0.0,0.0
2019-08-09,AG,4175.0,4237.0,4153.0,4191.0,1893366,1216624,0.0,0.0
2019-08-12,AG,4187.0,4224.0,4165.0,4168.0,1658214,1215990,0.0,0.0
2019-08-13,AG,4191.0,4323.0,4188.0,4309.0,2077408,1328054,0.0,0.0
2019-08-14,AG,4301.0,4308.0,4082.0,4170.0,2955682,1198368,0.0,0.0
2019-08-15,AG,4229.0,4281.0,4191.0,4230.0,2470924,1231446,0.0,0.0
2019-08-16,AG,4224.0,4266.0,4218.0,4231.0,1347406,1221814,0.0,0.0
2019-08-19,AG,4233.0,4238.0,4174.0,4194.0,1379118,1185464,0.0,0.0
2019-08-20,AG,4169.0,4191.0,4153.0,4183.0,1005654,1177808,0.0,0.0
2019-08-21,AG,4188.0,4237.0,4185.0,4196.0,1334466,1182256,0.0,0.0
2019-08-22,AG,4208.0,4228.0,4196.0,4207.0,895484,1170036,0.0,0.0
2019-08-23,AG,4205.0,4234.0,4192.0,4208.0,888296,1163188,0.0,0.0
2019-08-26,AG,4229.0,4424.0,4216.0,4392.0,2882328,1223448,0.0,0.0
2019-08-27,AG,4370.0,4442.0,4361.0,4422.0,1931654,1295082,0.0,0.0
2019-08-28,AG,4482.0,4574.0,4479.0,4546.0,3400972,1294952,0.0,0.0
2019-08-29,AG,4577.0,4644.0,4524.0,4640.0,3007164,1422364,0.0,0.0
2019-08-30,AG,4619.0,4639.0,4505.0,4561.0,3656140,1367494,0.0,0.0
2019-09-02,AG,4577.0,4595.0,4522.0,4561.0,2418216,1330656,0.0,0.0
2019-09-03,AG,4560.0,4623.0,4552.0,4609.0,2224864,1400692,0.0,0.0
2019-09-04,AG,4626.0,4825.0,4623.0,4807.0,4563554,1408930,0.0,0.0
2019-09-05,AG,4815.0,4843.0,4767.0,4829.0,3000192,1396046,0.0,0.0
2019-09-06,AG,4769.0,4786.0,4570.0,4570.0,5181026,1175034,0.0,0.0
2019-09-09,AG,4615.0,4651.0,4367.0,4469.0,4682456,1003104,0.0,0.0
2019-09-10,AG,4497.0,4504.0,4380.0,4425.0,3254282,1065510,0.0,0.0
2019-09-11,AG,4436.0,4507.0,4415.0,4485.0,2802734,1068030,0.0,0.0
2019-09-12,AG,4475.0,4484.0,4418.0,4460.0,2116072,985472,0.0,0.0
2019-09-16,AG,4373.0,4433.0,4350.0,4401.0,908726,1030474,0.0,0.0
2019-09-17,AG,4391.0,4436.0,4375.0,4389.0,1599504,1062072,0.0,0.0
2019-09-18,AG,4401.0,4453.0,4395.0,4415.0,1608768,1045060,0.0,0.0
2019-09-19,AG,4417.0,4435.0,4315.0,4378.0,2125524,1051266,0.0,0.0
2019-09-20,AG,4415.0,4433.0,4390.0,4413.0,1380006,1073348,0.0,0.0
2019-09-23,AG,4401.0,4549.0,4380.0,4529.0,2107386,1175968,0.0,0.0
2019-09-24,AG,4556.0,4623.0,4544.0,4583.0,2298520,1148548,0.0,0.0
2019-09-25,AG,4574.0,4609.0,4509.0,4578.0,2807452,1128962,0.0,0.0
2019-09-26,AG,4570.0,4590.0,4422.0,4445.0,2981230,1011000,0.0,0.0
2019-09-27,AG,4416.0,4464.0,4288.0,4330.0,2486324,906446,0.0,0.0
2019-09-30,AG,4332.0,4340.0,4248.0,4275.0,2487420,840936,0.0,0.0
2019-10-08,AG,4263.0,4317.0,4250.0,4297.0,575380,842658,0.0,0.0
2019-10-09,AG,4352.0,4434.0,4341.0,4429.0,2010650,946082,0.0,0.0
2019-10-10,AG,4403.0,4420.0,4353.0,4374.0,1752520,931178,0.0,0.0
2019-10-11,AG,4353.0,4368.0,4295.0,4355.0,2018018,938488,0.0,0.0
2019-10-14,AG,4297.0,4333.0,4270.0,4313.0,2200630,942196,0.0,0.0
2019-10-15,AG,4309.0,4355.0,4303.0,4325.0,1345868,953076,0.0,0.0
2019-10-16,AG,4323.0,4334.0,4236.0,4254.0,1794948,975416,0.0,0.0
2019-10-17,AG,4290.0,4306.0,4256.0,4291.0,1442604,958386,0.0,0.0
2019-10-18,AG,4304.0,4331.0,4286.0,4302.0,1288274,959288,0.0,0.0
2019-10-21,AG,4306.0,4362.0,4287.0,4342.0,1491664,1015936,0.0,0.0
2019-10-22,AG,4356.0,4388.0,4284.0,4310.0,1757976,958904,0.0,0.0
2019-10-23,AG,4307.0,4325.0,4288.0,4321.0,1113208,948662,0.0,0.0
2019-10-24,AG,4317.0,4326.0,4297.0,4309.0,856370,955964,0.0,0.0
2019-10-25,AG,4315.0,4427.0,4312.0,4418.0,2060506,1051330,0.0,0.0
2019-10-28,AG,4476.0,4487.0,4366.0,4426.0,2325544,967828,0.0,0.0
2019-10-29,AG,4400.0,4405.0,4337.0,4346.0,1578632,865844,0.0,0.0
2019-10-30,AG,4341.0,4382.0,4323.0,4366.0,1346462,816474,0.0,0.0
2019-10-31,AG,4359.0,4384.0,4320.0,4366.0,1227034,749340,0.0,0.0
2019-11-01,AG,4397.0,4416.0,4375.0,4400.0,1199110,695670,0.0,0.0
2019-11-04,AG,4375.0,4406.0,4363.0,4398.0,923380,688840,0.0,0.0
2019-11-05,AG,4405.0,4426.0,4364.0,4373.0,916088,630100,0.0,0.0
2019-11-06,AG,4354.0,4362.0,4234.0,4249.0,1584042,590278,0.0,0.0
2019-11-07,AG,4236.0,4280.0,4223.0,4271.0,867488,561228,0.0,0.0
2019-11-08,AG,4240.0,4251.0,4085.0,4114.0,1722186,521026,0.0,0.0
2019-11-11,AG,4063.0,4109.0,4052.0,4091.0,1062880,497082,0.0,0.0
2019-11-12,AG,4084.0,4106.0,4036.0,4072.0,874890,459670,0.0,0.0
2019-11-13,AG,4075.0,4131.0,4046.0,4123.0,633340,442928,0.0,0.0
2019-11-14,AG,4154.0,4168.0,4120.0,4152.0,1090458,558850,0.0,0.0
2019-11-15,AG,4159.0,4170.0,4101.0,4118.0,1286420,562954,0.0,0.0
2019-11-18,AG,4108.0,4138.0,4107.0,4116.0,898140,592948,0.0,0.0
2019-11-19,AG,4092.0,4192.0,4091.0,4185.0,1621750,628826,0.0,0.0
2019-11-20,AG,4170.0,4192.0,4132.0,4170.0,1391504,624046,0.0,0.0
2019-11-21,AG,4164.0,4184.0,4148.0,4163.0,1111332,630316,0.0,0.0
2019-11-22,AG,4165.0,4175.0,4146.0,4161.0,1155326,636376,0.0,0.0
2019-11-25,AG,4173.0,4174.0,4109.0,4111.0,1297056,637578,0.0,0.0
2019-11-26,AG,4117.0,4138.0,4094.0,4129.0,1165846,610292,0.0,0.0
2019-11-27,AG,4120.0,4165.0,4107.0,4148.0,1448306,594702,0.0,0.0
2019-11-28,AG,4146.0,4151.0,4127.0,4134.0,1028532,565918,0.0,0.0
2019-11-29,AG,4130.0,4151.0,4127.0,4135.0,484590,558486,0.0,0.0
2019-12-02,AG,4130.0,4159.0,4115.0,4127.0,1082456,552534,0.0,0.0
2019-12-03,AG,4125.0,4144.0,4122.0,4128.0,905518,561152,0.0,0.0
2019-12-04,AG,4155.0,4255.0,4152.0,4249.0,2035208,627702,0.0,0.0
2019-12-05,AG,4223.0,4236.0,4159.0,4174.0,1825278,562816,0.0,0.0
2019-12-06,AG,4168.0,4184.0,4135.0,4148.0,1050784,556724,0.0,0.0
2019-12-09,AG,4152.0,4174.0,4056.0,4080.0,2001642,571514,0.0,0.0
2019-12-10,AG,4095.0,4098.0,4073.0,4082.0,622702,569168,0.0,0.0
2019-12-11,AG,4088.0,4097.0,4071.0,4083.0,692566,560412,0.0,0.0
2019-12-12,AG,4083.0,4146.0,4081.0,4128.0,1114428,550616,0.0,0.0
2019-12-13,AG,4137.0,4194.0,4080.0,4103.0,2177434,546652,0.0,0.0
2019-12-16,AG,4129.0,4156.0,4089.0,4151.0,1716830,550702,0.0,0.0
2019-12-17,AG,4150.0,4163.0,4134.0,4155.0,798152,550262,0.0,0.0
2019-12-18,AG,4159.0,4167.0,4132.0,4159.0,703766,555822,0.0,0.0
2019-12-19,AG,4148.0,4161.0,4125.0,4143.0,759206,525924,0.0,0.0
2019-12-20,AG,4140.0,4177.0,4138.0,4168.0,729018,539798,0.0,0.0
2019-12-23,AG,4169.0,4231.0,4165.0,4230.0,1313042,582078,0.0,0.0
2019-12-24,AG,4226.0,4300.0,4211.0,4275.0,1325492,561672,0.0,0.0
2019-12-25,AG,4280.0,4319.0,4272.0,4312.0,915410,559874,0.0,0.0
2019-12-26,AG,4308.0,4384.0,4299.0,4367.0,972236,536558,0.0,0.0
2019-12-27,AG,4379.0,4386.0,4322.0,4334.0,1444588,480186,0.0,0.0
2019-12-30,AG,4337.0,4364.0,4326.0,4342.0,1010228,430444,0.0,0.0
2019-12-31,AG,4339.0,4406.0,4321.0,4384.0,1082986,387026,0.0,0.0
2020-01-02,AG,4341.0,4342.0,4300.0,4320.0,196596,165172,0.0,0.0
2020-01-03,AG,4329.0,4425.0,4329.0,4395.0,481068,136650,0.0,0.0
2020-01-06,AG,4457.0,4550.0,4422.0,4515.0,685985,462510,0.0,0.0
2020-01-07,AG,4525.0,4534.0,4401.0,4439.0,839499,457587,0.0,0.0
2020-01-08,AG,4424.0,4608.0,4421.0,4530.0,929547,460241,0.0,0.0
2020-01-09,AG,4481.0,4490.0,4324.0,4350.0,1049723,448396,0.0,0.0
2020-01-10,AG,4374.0,4377.0,4332.0,4339.0,511861,452566,0.0,0.0
2020-01-13,AG,4340.0,4394.0,4325.0,4352.0,681553,450540,0.0,0.0
2020-01-14,AG,4359.0,4363.0,4252.0,4271.0,586937,440612,0.0,0.0
2020-01-15,AG,4276.0,4324.0,4269.0,4306.0,459451,428614,0.0,0.0
2020-01-16,AG,4297.0,4346.0,4283.0,4317.0,509325,437909,0.0,0.0
2020-01-17,AG,4330.0,4345.0,4307.0,4335.0,354362,444088,0.0,0.0
2020-01-20,AG,4341.0,4363.0,4309.0,4331.0,434295,451485,0.0,0.0
2020-01-21,AG,4328.0,4379.0,4323.0,4370.0,308028,461757,0.0,0.0
2020-01-22,AG,4346.0,4348.0,4262.0,4286.0,545057,441094,0.0,0.0
2020-01-23,AG,4292.0,4316.0,4284.0,4288.0,286825,432255,0.0,0.0
2020-02-03,AG,4362.0,4380.0,4328.0,4337.0,228224,437195,0.0,0.0
2020-02-04,AG,4328.0,4330.0,4295.0,4318.0,158890,435032,0.0,0.0
2020-02-05,AG,4299.0,4327.0,4276.0,4318.0,198353,453733,0.0,0.0
2020-02-06,AG,4302.0,4311.0,4290.0,4304.0,135135,456027,0.0,0.0
2020-02-07,AG,4330.0,4346.0,4310.0,4317.0,167300,456349,0.0,0.0
2020-02-10,AG,4333.0,4333.0,4308.0,4310.0,112846,462081,0.0,0.0
2020-02-11,AG,4316.0,4322.0,4305.0,4317.0,114604,461696,0.0,0.0
2020-02-12,AG,4290.0,4295.0,4237.0,4255.0,303258,482263,0.0,0.0
2020-02-13,AG,4258.0,4292.0,4256.0,4283.0,154015,473448,0.0,0.0
2020-02-14,AG,4285.0,4301.0,4278.0,4293.0,125375,466253,0.0,0.0
2020-02-17,AG,4301.0,4338.0,4301.0,4332.0,190651,470216,0.0,0.0
2020-02-18,AG,4330.0,4362.0,4329.0,4339.0,192489,473103,0.0,0.0
2020-02-19,AG,4410.0,4457.0,4409.0,4442.0,322666,497503,0.0,0.0
2020-02-20,AG,4455.0,4488.0,4433.0,4457.0,337565,500135,0.0,0.0
2020-02-21,AG,4478.0,4524.0,4473.0,4512.0,343040,503389,0.0,0.0
2020-02-24,AG,4546.0,4584.0,4527.0,4546.0,361456,502435,0.0,0.0
2020-02-25,AG,4498.0,4525.0,4436.0,4449.0,478820,478427,0.0,0.0
2020-02-26,AG,4389.0,4431.0,4380.0,4402.0,388605,471370,0.0,0.0
2020-02-27,AG,4375.0,4489.0,4371.0,4387.0,349706,477017,0.0,0.0
2020-02-28,AG,4347.0,4353.0,4127.0,4164.0,883621,464254,0.0,0.0
2020-03-02,AG,4078.0,4125.0,4062.0,4095.0,497770,461934,0.0,0.0
2020-03-03,AG,4073.0,4116.0,4052.0,4071.0,361821,466765,0.0,0.0
2020-03-04,AG,4168.0,4177.0,4138.0,4155.0,386587,449702,0.0,0.0
2020-03-05,AG,4149.0,4155.0,4127.0,4146.0,168184,443568,0.0,0.0
2020-03-06,AG,4202.0,4212.0,4162.0,4177.0,320825,442510,0.0,0.0
2020-03-09,AG,4175.0,4183.0,3953.0,4000.0,811443,465778,0.0,0.0
2020-03-10,AG,4030.0,4103.0,4004.0,4086.0,462591,443145,0.0,0.0
2020-03-11,AG,4088.0,4111.0,4074.0,4090.0,237575,436097,0.0,0.0
2020-03-12,AG,4071.0,4082.0,3951.0,3996.0,466128,433201,0.0,0.0
2020-03-13,AG,3782.0,3838.0,3765.0,3791.0,510242,417641,0.0,0.0
2020-03-16,AG,3571.0,3587.0,3561.0,3561.0,267021,416315,0.0,0.0
2020-03-17,AG,3211.0,3211.0,3211.0,3211.0,24570,410360,0.0,0.0
2020-03-18,AG,3080.0,3126.0,2944.0,3003.0,729359,392236,0.0,0.0
2020-03-19,AG,2950.0,2986.0,2857.0,2937.0,679141,385659,0.0,0.0
2020-03-20,AG,2967.0,3132.0,2965.0,3132.0,664268,389159,0.0,0.0
2020-03-23,AG,3101.0,3158.0,3066.0,3121.0,572493,369163,0.0,0.0
2020-03-24,AG,3335.0,3335.0,3238.0,3335.0,343565,374925,0.0,0.0
2020-03-25,AG,3520.0,3551.0,3456.0,3538.0,586142,382741,0.0,0.0
2020-03-26,AG,3535.0,3542.0,3482.0,3514.0,403837,383426,0.0,0.0
2020-03-27,AG,3522.0,3587.0,3516.0,3564.0,380621,386295,0.0,0.0
2020-03-30,AG,3501.0,3506.0,3343.0,3364.0,517183,388634,0.0,0.0
2020-03-31,AG,3390.0,3444.0,3390.0,3433.0,283265,378120,0.0,0.0
2020-04-01,AG,3415.0,3423.0,3386.0,3402.0,224870,379983,0.0,0.0
2020-04-02,AG,3390.0,3498.0,3380.0,3491.0,309231,370991,0.0,0.0
2020-04-03,AG,3529.0,3563.0,3512.0,3553.0,281515,369175,0.0,0.0
2020-04-07,AG,3786.0,3795.0,3704.0,3764.0,313786,374318,0.0,0.0
2020-04-08,AG,3662.0,3717.0,3643.0,3690.0,279734,363169,0.0,0.0
2020-04-09,AG,3699.0,3706.0,3673.0,3700.0,167663,356448,0.0,0.0
2020-04-10,AG,3773.0,3780.0,3723.0,3727.0,153379,357459,0.0,0.0
2020-04-13,AG,3737.0,3754.0,3637.0,3705.0,349931,349678,0.0,0.0
2020-04-14,AG,3726.0,3818.0,3715.0,3778.0,345876,346402,0.0,0.0
2020-04-15,AG,3791.0,3832.0,3700.0,3708.0,304886,349754,0.0,0.0
2020-04-16,AG,3714.0,3787.0,3683.0,3778.0,294576,352060,0.0,0.0
2020-04-17,AG,3764.0,3768.0,3624.0,3681.0,422961,353687,0.0,0.0
2020-04-20,AG,3640.0,3704.0,3615.0,3677.0,314632,327171,0.0,0.0
2020-04-21,AG,3680.0,3727.0,3664.0,3698.0,308053,312187,0.0,0.0
2020-04-22,AG,3633.0,3635.0,3533.0,3549.0,402575,316469,0.0,0.0
2020-04-23,AG,3635.0,3729.0,3608.0,3699.0,369846,281084,0.0,0.0
2020-04-24,AG,3666.0,3723.0,3661.0,3713.0,226637,268285,0.0,0.0
2020-04-27,AG,3709.0,3736.0,3666.0,3674.0,225001,254927,0.0,0.0
2020-04-28,AG,3681.0,3681.0,3584.0,3600.0,288319,235935,0.0,0.0
2020-04-29,AG,3658.0,3679.0,3633.0,3664.0,172742,219237,0.0,0.0
2020-04-30,AG,3675.0,3708.0,3646.0,3696.0,199311,202509,0.0,0.0
2020-05-06,AG,3606.0,3695.0,3590.0,3672.0,172640,189010,0.0,0.0
2020-05-07,AG,3660.0,3668.0,3637.0,3652.0,281552,175322,0.0,0.0
2020-05-08,AG,3674.0,3795.0,3667.0,3777.0,561059,189787,0.0,0.0
2020-05-11,AG,3757.0,3805.0,3727.0,3782.0,633329,161607,0.0,0.0
2020-05-12,AG,3780.0,3794.0,3743.0,3762.0,328883,142911,0.0,0.0
2020-05-13,AG,3766.0,3808.0,3756.0,3785.0,355641,126155,0.0,0.0
2020-05-14,AG,3798.0,3822.0,3743.0,3792.0,360458,111494,0.0,0.0
2020-05-15,AG,3793.0,3991.0,3772.0,3962.0,659983,113749,0.0,0.0
2020-05-18,AG,4044.0,4201.0,3990.0,4201.0,575198,104218,0.0,0.0
2020-05-19,AG,4243.0,4261.0,4138.0,4190.0,937585,379873,0.0,0.0
2020-05-20,AG,4203.0,4346.0,4195.0,4329.0,1109965,438829,0.0,0.0
2020-05-21,AG,4289.0,4326.0,4190.0,4214.0,965581,424081,0.0,0.0
2020-05-22,AG,4226.0,4247.0,4100.0,4150.0,1314484,412569,0.0,0.0
2020-05-25,AG,4198.0,4250.0,4153.0,4167.0,1122137,416148,0.0,0.0
2020-05-26,AG,4195.0,4319.0,4180.0,4288.0,1012424,466131,0.0,0.0
2020-05-27,AG,4284.0,4310.0,4194.0,4225.0,1172064,442019,0.0,0.0
2020-05-28,AG,4185.0,4310.0,4148.0,4291.0,1419770,491258,0.0,0.0
2020-05-29,AG,4281.0,4345.0,4273.0,4306.0,1362173,496199,0.0,0.0
2020-06-01,AG,4375.0,4519.0,4373.0,4515.0,1364182,531291,0.0,0.0
2020-06-02,AG,4474.0,4505.0,4430.0,4481.0,1047036,518276,0.0,0.0
2020-06-03,AG,4479.0,4495.0,4349.0,4388.0,1454951,496385,0.0,0.0
2020-06-04,AG,4330.0,4356.0,4283.0,4299.0,1280719,479173,0.0,0.0
2020-06-05,AG,4356.0,4367.0,4310.0,4325.0,963162,467660,0.0,0.0
2020-06-08,AG,4235.0,4335.0,4213.0,4311.0,999988,478852,0.0,0.0
2020-06-09,AG,4311.0,4329.0,4262.0,4297.0,815489,478201,0.0,0.0
2020-06-10,AG,4317.0,4347.0,4308.0,4333.0,651667,496927,0.0,0.0
2020-06-11,AG,4383.0,4403.0,4285.0,4364.0,1116815,481711,0.0,0.0
2020-06-12,AG,4362.0,4398.0,4234.0,4297.0,1320935,466526,0.0,0.0
2020-06-15,AG,4302.0,4328.0,4167.0,4191.0,1339702,477605,0.0,0.0
2020-06-16,AG,4151.0,4250.0,4141.0,4221.0,1104467,472843,0.0,0.0
2020-06-17,AG,4238.0,4279.0,4209.0,4259.0,1036846,467210,0.0,0.0
2020-06-18,AG,4265.0,4284.0,4243.0,4261.0,616594,464126,0.0,0.0
2020-06-19,AG,4249.0,4295.0,4221.0,4287.0,718908,475947,0.0,0.0
2020-06-22,AG,4313.0,4400.0,4292.0,4363.0,1112715,479015,0.0,0.0
2020-06-23,AG,4382.0,4387.0,4307.0,4322.0,930480,459195,0.0,0.0
2020-06-24,AG,4350.0,4377.0,4335.0,4356.0,713311,444880,0.0,0.0
2020-06-29,AG,4366.0,4376.0,4329.0,4335.0,269221,437340,0.0,0.0
2020-06-30,AG,4321.0,4350.0,4302.0,4346.0,534856,432789,0.0,0.0
2020-07-01,AG,4340.0,4453.0,4323.0,4436.0,1143975,499920,0.0,0.0
2020-07-02,AG,4429.0,4432.0,4333.0,4357.0,1135405,446561,0.0,0.0
2020-07-03,AG,4333.0,4398.0,4311.0,4376.0,902825,450519,0.0,0.0
2020-07-06,AG,4376.0,4395.0,4356.0,4379.0,505595,443834,0.0,0.0
2020-07-07,AG,4417.0,4444.0,4375.0,4388.0,786865,450262,0.0,0.0
2020-07-08,AG,4369.0,4439.0,4362.0,4429.0,712522,469547,0.0,0.0
2020-07-09,AG,4457.0,4545.0,4455.0,4536.0,1167621,548648,0.0,0.0
2020-07-10,AG,4536.0,4555.0,4430.0,4450.0,1278836,490553,0.0,0.0
2020-07-13,AG,4488.0,4585.0,4464.0,4580.0,996758,581178,0.0,0.0
2020-07-14,AG,4582.0,4643.0,4546.0,4575.0,1253665,550767,0.0,0.0
2020-07-15,AG,4590.0,4633.0,4573.0,4611.0,825060,550091,0.0,0.0
2020-07-16,AG,4619.0,4628.0,4573.0,4594.0,879332,519639,0.0,0.0
2020-07-17,AG,4590.0,4619.0,4514.0,4544.0,848281,503062,0.0,0.0
2020-07-20,AG,4569.0,4615.0,4562.0,4599.0,739398,514334,0.0,0.0
2020-07-21,AG,4668.0,4865.0,4666.0,4851.0,1370339,622575,0.0,0.0
2020-07-22,AG,5001.0,5123.0,4963.0,5123.0,870309,611064,0.0,0.0
2020-07-23,AG,5280.0,5442.0,5168.0,5400.0,2557206,555093,0.0,0.0
2020-07-24,AG,5340.0,5468.0,5315.0,5346.0,2027448,557877,0.0,0.0
2020-07-27,AG,5375.0,5800.0,5355.0,5718.0,2776420,581657,0.0,0.0
2020-07-28,AG,5729.0,5988.0,5650.0,5778.0,2749676,576989,0.0,0.0
2020-07-29,AG,5650.0,5822.0,5601.0,5750.0,3092092,574105,0.0,0.0
2020-07-30,AG,5765.0,5783.0,5516.0,5569.0,2168767,579847,0.0,0.0
2020-07-31,AG,5469.0,5758.0,5454.0,5723.0,2891500,593427,0.0,0.0
2020-08-03,AG,5731.0,5764.0,5613.0,5720.0,2245043,592199,0.0,0.0
2020-08-04,AG,5718.0,5768.0,5671.0,5729.0,1250441,601561,0.0,0.0
2020-08-05,AG,5724.0,6172.0,5715.0,6172.0,3494818,638981,0.0,0.0
2020-08-06,AG,6221.0,6528.0,6177.0,6472.0,3053965,616556,0.0,0.0
2020-08-07,AG,6560.0,6833.0,6511.0,6594.0,3376097,625227,0.0,0.0
2020-08-10,AG,6661.0,6706.0,6412.0,6635.0,3395419,636760,0.0,0.0
2020-08-11,AG,6664.0,6877.0,6450.0,6535.0,4250813,630813,0.0,0.0
2020-08-12,AG,6350.0,6394.0,6173.0,6173.0,2210889,604538,0.0,0.0
2020-08-13,AG,6040.0,6109.0,5905.0,6024.0,3366130,577161,0.0,0.0
2020-08-14,AG,6122.0,6462.0,6083.0,6116.0,4747297,583410,0.0,0.0
2020-08-17,AG,6152.0,6296.0,5953.0,6222.0,5045827,589125,0.0,0.0
2020-08-18,AG,6305.0,6460.0,6260.0,6459.0,3364969,612318,0.0,0.0
2020-08-19,AG,6533.0,6558.0,6208.0,6257.0,5271543,575641,0.0,0.0
2020-08-20,AG,6295.0,6350.0,6031.0,6113.0,4785301,595880,0.0,0.0
2020-08-21,AG,6138.0,6188.0,6052.0,6088.0,2674014,572683,0.0,0.0
2020-08-24,AG,5900.0,5944.0,5756.0,5791.0,3349166,590937,0.0,0.0
2020-08-25,AG,5956.0,5976.0,5813.0,5857.0,2394478,573349,0.0,0.0
2020-08-26,AG,5845.0,5873.0,5781.0,5833.0,1645256,582090,0.0,0.0
2020-08-27,AG,5829.0,6079.0,5819.0,6058.0,2571255,589277,0.0,0.0
2020-08-28,AG,6041.0,6205.0,5925.0,6099.0,3224310,581847,0.0,0.0
2020-08-31,AG,6120.0,6284.0,6082.0,6215.0,1911756,588533,0.0,0.0
2020-09-01,AG,6230.0,6406.0,6215.0,6375.0,1670387,610769,0.0,0.0
2020-09-02,AG,6380.0,6398.0,6210.0,6223.0,1765243,586439,0.0,0.0
2020-09-03,AG,6210.0,6226.0,5957.0,5975.0,2368258,598158,0.0,0.0
2020-09-04,AG,6021.0,6111.0,5855.0,5931.0,3177061,573627,0.0,0.0
2020-09-07,AG,5920.0,6069.0,5851.0,5948.0,2481925,571680,0.0,0.0
2020-09-08,AG,5948.0,6017.0,5918.0,5998.0,1293477,565793,0.0,0.0
2020-09-09,AG,5900.0,5986.0,5726.0,5880.0,2737191,566202,0.0,0.0
2020-09-10,AG,5927.0,6039.0,5915.0,5970.0,1641158,569081,0.0,0.0
2020-09-11,AG,6050.0,6066.0,5859.0,5910.0,1587192,567084,0.0,0.0
2020-09-14,AG,5916.0,5947.0,5841.0,5888.0,1207678,573062,0.0,0.0
2020-09-15,AG,5938.0,6002.0,5915.0,5973.0,1156467,572608,0.0,0.0
2020-09-16,AG,5987.0,5996.0,5885.0,5939.0,1078218,565403,0.0,0.0
2020-09-17,AG,5940.0,5970.0,5785.0,5805.0,1387242,609468,0.0,0.0
2020-09-18,AG,5801.0,5890.0,5686.0,5887.0,1646349,576388,0.0,0.0
2020-09-21,AG,5834.0,5881.0,5748.0,5764.0,1221963,577138,0.0,0.0
2020-09-22,AG,5652.0,5695.0,5238.0,5238.0,3304647,571353,0.0,0.0
2020-09-23,AG,5232.0,5310.0,4890.0,4984.0,2759776,569777,0.0,0.0
2020-09-24,AG,4971.0,5047.0,4690.0,4757.0,3037322,616008,0.0,0.0
2020-09-25,AG,4786.0,5020.0,4752.0,4987.0,2912603,571034,0.0,0.0
2020-09-28,AG,4921.0,4984.0,4812.0,4875.0,1981923,573213,0.0,0.0
2020-09-29,AG,4944.0,5085.0,4941.0,5026.0,1667789,553923,0.0,0.0
2020-09-30,AG,5061.0,5128.0,5032.0,5076.0,1352046,537369,0.0,0.0
2020-10-09,AG,5095.0,5156.0,5085.0,5111.0,420006,536983,0.0,0.0
2020-10-12,AG,5170.0,5460.0,5166.0,5374.0,1589790,565140,0.0,0.0
2020-10-13,AG,5396.0,5400.0,5247.0,5312.0,1339586,558922,0.0,0.0
2020-10-14,AG,5276.0,5277.0,5061.0,5149.0,1860826,561261,0.0,0.0
2020-10-15,AG,5207.0,5229.0,5087.0,5123.0,1384946,546761,0.0,0.0
2020-10-16,AG,5033.0,5192.0,4994.0,5133.0,1628592,539150,0.0,0.0
2020-10-19,AG,5152.0,5273.0,5091.0,5239.0,1569669,546079,0.0,0.0
2020-10-20,AG,5266.0,5274.0,5158.0,5192.0,1195973,519109,0.0,0.0
2020-10-21,AG,5234.0,5316.0,5193.0,5286.0,1279635,530534,0.0,0.0
2020-10-22,AG,5334.0,5366.0,5212.0,5278.0,1402279,500541,0.0,0.0
2020-10-23,AG,5233.0,5260.0,5163.0,5205.0,1187392,486546,0.0,0.0
2020-10-26,AG,5235.0,5254.0,5068.0,5096.0,1201013,490494,0.0,0.0
2020-10-27,AG,5111.0,5209.0,5101.0,5198.0,1039131,463033,0.0,0.0
2020-10-28,AG,5175.0,5234.0,5145.0,5202.0,839967,452463,0.0,0.0
2020-10-29,AG,5048.0,5050.0,4898.0,4958.0,1697049,429767,0.0,0.0
2020-10-30,AG,4810.0,4998.0,4774.0,4921.0,1621216,408417,0.0,0.0
2020-11-02,AG,5000.0,5116.0,4960.0,5086.0,1328472,392185,0.0,0.0
2020-11-03,AG,5114.0,5165.0,5077.0,5136.0,903571,379732,0.0,0.0
2020-11-04,AG,5186.0,5229.0,4995.0,5062.0,1374387,369049,0.0,0.0
2020-11-05,AG,5124.0,5172.0,5065.0,5168.0,947890,362928,0.0,0.0
2020-11-06,AG,5279.0,5394.0,5212.0,5335.0,1408211,362665,0.0,0.0
2020-11-09,AG,5414.0,5458.0,5339.0,5369.0,1298100,346771,0.0,0.0
2020-11-10,AG,5172.0,5214.0,4999.0,5068.0,1587837,328567,0.0,0.0
2020-11-11,AG,5068.0,5118.0,5059.0,5107.0,647213,312476,0.0,0.0
2020-11-12,AG,5085.0,5128.0,4980.0,5079.0,1070947,311228,0.0,0.0
2020-11-13,AG,5075.0,5114.0,5060.0,5089.0,500781,296307,0.0,0.0
2020-11-16,AG,5111.0,5268.0,5110.0,5228.0,817143,275858,0.0,0.0
2020-11-17,AG,5123.0,5213.0,5092.0,5157.0,671493,255786,0.0,0.0
2020-11-18,AG,5154.0,5185.0,5088.0,5101.0,532854,242262,0.0,0.0
2020-11-19,AG,5086.0,5172.0,5002.0,5023.0,750217,244171,0.0,0.0
2020-11-20,AG,5030.0,5069.0,4962.0,5050.0,696133,216287,0.0,0.0
2020-11-23,AG,5056.0,5122.0,5043.0,5065.0,560559,198102,0.0,0.0
2020-11-24,AG,5030.0,5049.0,4852.0,4899.0,903961,202636,0.0,0.0
2020-11-25,AG,4847.0,4913.0,4801.0,4856.0,648066,176163,0.0,0.0
2020-11-26,AG,4902.0,4920.0,4843.0,4895.0,333161,146852,0.0,0.0
2020-11-27,AG,4923.0,4942.0,4886.0,4910.0,559802,237599,0.0,0.0
2020-11-30,AG,4903.0,4909.0,4625.0,4686.0,1695627,289020,0.0,0.0
2020-12-01,AG,4669.0,4857.0,4653.0,4838.0,1211086,300433,0.0,0.0
2020-12-02,AG,4940.0,5073.0,4936.0,5019.0,1484782,297296,0.0,0.0
2020-12-03,AG,5034.0,5076.0,4982.0,5062.0,1167402,312647,0.0,0.0
2020-12-04,AG,5097.0,5112.0,4991.0,5104.0,1233085,322925,0.0,0.0
2020-12-07,AG,5095.0,5137.0,5027.0,5052.0,1190170,307301,0.0,0.0
2020-12-08,AG,4999.0,5213.0,4949.0,5189.0,1587521,327217,0.0,0.0
2020-12-09,AG,5170.0,5230.0,5075.0,5082.0,1222280,311108,0.0,0.0
2020-12-10,AG,5053.0,5130.0,4977.0,4979.0,1239296,298569,0.0,0.0
2020-12-11,AG,5008.0,5105.0,4990.0,5013.0,1115269,286199,0.0,0.0
2020-12-14,AG,5001.0,5060.0,4967.0,5009.0,977808,293490,0.0,0.0
2020-12-15,AG,4996.0,5094.0,4987.0,5093.0,1202712,306991,0.0,0.0
2020-12-16,AG,5109.0,5259.0,5097.0,5246.0,1292755,356569,0.0,0.0
2020-12-17,AG,5310.0,5387.0,5197.0,5374.0,1513521,348095,0.0,0.0
2020-12-18,AG,5450.0,5470.0,5379.0,5414.0,1485576,333068,0.0,0.0
2020-12-21,AG,5435.0,5805.0,5383.0,5718.0,1861595,327642,0.0,0.0
2020-12-22,AG,5559.0,5614.0,5339.0,5398.0,2084450,292998,0.0,0.0
2020-12-23,AG,5404.0,5492.0,5272.0,5342.0,1762609,289629,0.0,0.0
2020-12-24,AG,5321.0,5465.0,5321.0,5430.0,1188110,281957,0.0,0.0
2020-12-25,AG,5405.0,5445.0,5337.0,5423.0,933596,281162,0.0,0.0
2020-12-28,AG,5423.0,5679.0,5411.0,5582.0,1247274,291953,0.0,0.0
2020-12-29,AG,5552.0,5664.0,5480.0,5502.0,1532121,276115,0.0,0.0
2020-12-30,AG,5523.0,5599.0,5485.0,5568.0,1388708,271867,0.0,0.0
2020-12-31,AG,5565.0,5645.0,5535.0,5586.0,1169312,258538,0.0,0.0
2021-01-04,AG,5680.0,5761.0,5661.0,5705.0,532691,254240,0.0,0.0
2021-01-05,AG,5718.0,5790.0,5621.0,5728.0,1203318,241784,0.0,0.0
2021-01-06,AG,5743.0,5768.0,5681.0,5708.0,820975,231961,0.0,0.0
2021-01-07,AG,5700.0,5725.0,5551.0,5678.0,1256750,220279,0.0,0.0
2021-01-08,AG,5658.0,5683.0,5590.0,5607.0,835794,208888,0.0,0.0
2021-01-11,AG,5521.0,5544.0,5075.0,5123.0,2075594,186499,0.0,0.0
2021-01-12,AG,5125.0,5265.0,5051.0,5247.0,1262848,170900,0.0,0.0
2021-01-13,AG,5235.0,5282.0,5174.0,5248.0,853838,163547,0.0,0.0
2021-01-14,AG,5202.0,5263.0,5162.0,5200.0,751347,155614,0.0,0.0
2021-01-15,AG,5220.0,5355.0,5204.0,5229.0,889094,138498,0.0,0.0
2021-01-18,AG,5226.0,5243.0,5069.0,5202.0,1198025,129915,0.0,0.0
2021-01-19,AG,5180.0,5274.0,5165.0,5224.0,525199,122159,0.0,0.0
2021-01-20,AG,5234.0,5295.0,5177.0,5281.0,651221,117755,0.0,0.0
2021-01-21,AG,5237.0,5392.0,5182.0,5362.0,867845,113698,0.0,0.0
2021-01-22,AG,5337.0,5361.0,5222.0,5270.0,598429,102555,0.0,0.0
2021-01-25,AG,5215.0,5315.0,5160.0,5257.0,593422,92874,0.0,0.0
2021-01-26,AG,5286.0,5328.0,5204.0,5222.0,514078,87766,0.0,0.0
2021-01-27,AG,5324.0,5361.0,5262.0,5295.0,680168,396940,0.0,0.0
2021-01-28,AG,5246.0,5330.0,5169.0,5243.0,1117733,414656,0.0,0.0
2021-01-29,AG,5283.0,5550.0,5263.0,5479.0,2118281,437072,0.0,0.0
2021-02-01,AG,5654.0,5949.0,5522.0,5939.0,2285710,516568,0.0,0.0
2021-02-02,AG,6049.0,6085.0,5804.0,5879.0,2532280,497535,0.0,0.0
2021-02-03,AG,5700.0,5756.0,5490.0,5590.0,2379612,455446,0.0,0.0
2021-02-04,AG,5607.0,5638.0,5446.0,5517.0,1385000,455704,0.0,0.0
2021-02-05,AG,5502.0,5533.0,5385.0,5467.0,1479420,454447,0.0,0.0
2021-02-08,AG,5475.0,5613.0,5441.0,5583.0,1280746,450260,0.0,0.0
2021-02-09,AG,5608.0,5678.0,5576.0,5636.0,805495,440720,0.0,0.0
2021-02-10,AG,5647.0,5688.0,5533.0,5607.0,878925,416119,0.0,0.0
2021-02-18,AG,5610.0,5662.0,5572.0,5599.0,337866,425168,0.0,0.0
2021-02-19,AG,5598.0,5650.0,5480.0,5542.0,1007046,443967,0.0,0.0
2021-02-22,AG,5576.0,5789.0,5574.0,5744.0,1270007,486383,0.0,0.0
2021-02-23,AG,5732.0,5908.0,5686.0,5859.0,1244271,507234,0.0,0.0
2021-02-24,AG,5830.0,5844.0,5691.0,5753.0,1141322,484027,0.0,0.0
2021-02-25,AG,5779.0,5888.0,5673.0,5811.0,1292160,498236,0.0,0.0
2021-02-26,AG,5811.0,5848.0,5534.0,5552.0,1549990,460106,0.0,0.0
2021-03-01,AG,5510.0,5598.0,5440.0,5573.0,1463999,440822,0.0,0.0
2021-03-02,AG,5551.0,5585.0,5351.0,5414.0,1098347,440446,0.0,0.0
2021-03-03,AG,5467.0,5559.0,5442.0,5517.0,866443,426427,0.0,0.0
2021-03-04,AG,5500.0,5504.0,5365.0,5381.0,1259863,441301,0.0,0.0
2021-03-05,AG,5393.0,5432.0,5161.0,5187.0,1546761,462835,0.0,0.0
2021-03-08,AG,5223.0,5399.0,5149.0,5316.0,1459478,440274,0.0,0.0
2021-03-09,AG,5259.0,5312.0,5193.0,5293.0,1056171,446461,0.0,0.0
2021-03-10,AG,5351.0,5450.0,5313.0,5360.0,1087909,436235,0.0,0.0
2021-03-11,AG,5362.0,5480.0,5350.0,5455.0,921485,438464,0.0,0.0
2021-03-12,AG,5456.0,5468.0,5319.0,5344.0,951411,444977,0.0,0.0
2021-03-15,AG,5330.0,5460.0,5273.0,5400.0,1040568,429916,0.0,0.0
2021-03-16,AG,5455.0,5488.0,5411.0,5430.0,763192,431900,0.0,0.0
2021-03-17,AG,5411.0,5442.0,5356.0,5412.0,768902,429997,0.0,0.0
2021-03-18,AG,5394.0,5560.0,5378.0,5558.0,884500,480425,0.0,0.0
2021-03-19,AG,5470.0,5485.0,5382.0,5446.0,1014501,431354,0.0,0.0
2021-03-22,AG,5457.0,5476.0,5303.0,5311.0,905415,449775,0.0,0.0
2021-03-23,AG,5310.0,5368.0,5290.0,5331.0,663828,439532,0.0,0.0
2021-03-24,AG,5332.0,5342.0,5188.0,5237.0,940748,450706,0.0,0.0
2021-03-25,AG,5260.0,5276.0,5197.0,5213.0,650970,457027,0.0,0.0
2021-03-26,AG,5109.0,5279.0,5090.0,5262.0,1222123,437977,0.0,0.0
2021-03-29,AG,5244.0,5246.0,5172.0,5200.0,767148,442211,0.0,0.0
2021-03-30,AG,5193.0,5228.0,5127.0,5138.0,851847,454615,0.0,0.0
2021-03-31,AG,5057.0,5088.0,4971.0,5052.0,1033068,467765,0.0,0.0
2021-04-01,AG,5030.0,5140.0,5024.0,5103.0,836577,443570,0.0,0.0
2021-04-02,AG,5138.0,5265.0,5135.0,5264.0,710425,415610,0.0,0.0
2021-04-06,AG,5210.0,5296.0,5181.0,5219.0,330430,408785,0.0,0.0
2021-04-07,AG,5250.0,5299.0,5234.0,5260.0,625628,409633,0.0,0.0
2021-04-08,AG,5257.0,5330.0,5220.0,5310.0,759589,417498,0.0,0.0
2021-04-09,AG,5329.0,5380.0,5283.0,5302.0,680789,412162,0.0,0.0
2021-04-12,AG,5282.0,5310.0,5239.0,5265.0,654568,393473,0.0,0.0
2021-04-13,AG,5262.0,5284.0,5166.0,5197.0,770430,393003,0.0,0.0
2021-04-14,AG,5269.0,5349.0,5268.0,5338.0,721171,403868,0.0,0.0
2021-04-15,AG,5325.0,5375.0,5270.0,5351.0,746300,407081,0.0,0.0
2021-04-16,AG,5342.0,5437.0,5333.0,5401.0,806267,420492,0.0,0.0
2021-04-19,AG,5485.0,5493.0,5361.0,5408.0,738043,398379,0.0,0.0
2021-04-20,AG,5399.0,5414.0,5340.0,5392.0,688547,399420,0.0,0.0
2021-04-21,AG,5388.0,5442.0,5358.0,5433.0,848432,406863,0.0,0.0
2021-04-22,AG,5432.0,5531.0,5411.0,5506.0,880991,413340,0.0,0.0
2021-04-23,AG,5475.0,5486.0,5402.0,5431.0,716534,391487,0.0,0.0
2021-04-26,AG,5477.0,5497.0,5363.0,5381.0,846995,380185,0.0,0.0
2021-04-27,AG,5409.0,5454.0,5400.0,5430.0,524569,370800,0.0,0.0
2021-04-28,AG,5451.0,5501.0,5376.0,5393.0,762563,361915,0.0,0.0
2021-04-29,AG,5391.0,5490.0,5357.0,5456.0,686146,360328,0.0,0.0
2021-04-30,AG,5473.0,5473.0,5330.0,5333.0,730348,336591,0.0,0.0
2021-05-06,AG,5430.0,5569.0,5402.0,5551.0,451872,350804,0.0,0.0
2021-05-07,AG,5564.0,5722.0,5550.0,5655.0,904097,354268,0.0,0.0
2021-05-10,AG,5690.0,5762.0,5610.0,5732.0,865718,344790,0.0,0.0
2021-05-11,AG,5732.0,5747.0,5587.0,5642.0,796519,307050,0.0,0.0
2021-05-12,AG,5620.0,5695.0,5593.0,5675.0,648363,298479,0.0,0.0
2021-05-13,AG,5675.0,5732.0,5541.0,5588.0,883372,285924,0.0,0.0
2021-05-14,AG,5557.0,5633.0,5519.0,5616.0,710562,272111,0.0,0.0
2021-05-17,AG,5628.0,5775.0,5622.0,5743.0,725983,290843,0.0,0.0
2021-05-18,AG,5707.0,5992.0,5685.0,5929.0,1097710,295933,0.0,0.0
2021-05-19,AG,5940.0,5963.0,5772.0,5838.0,954837,248252,0.0,0.0
2021-05-20,AG,5769.0,5863.0,5648.0,5738.0,1101719,213560,0.0,0.0
2021-05-21,AG,5734.0,5784.0,5674.0,5686.0,673413,193468,0.0,0.0
2021-05-24,AG,5746.0,5781.0,5592.0,5707.0,866327,169266,0.0,0.0
2021-05-25,AG,5707.0,5744.0,5624.0,5688.0,538792,143003,0.0,0.0
2021-05-26,AG,5648.0,5804.0,5633.0,5754.0,540825,128453,0.0,0.0
2021-05-27,AG,5858.0,5865.0,5713.0,5743.0,649921,346096,0.0,0.0
2021-05-28,AG,5743.0,5800.0,5706.0,5725.0,732934,371724,0.0,0.0
2021-05-31,AG,5706.0,5837.0,5650.0,5788.0,775619,381245,0.0,0.0
2021-06-01,AG,5788.0,5902.0,5775.0,5893.0,594549,452692,0.0,0.0
2021-06-02,AG,5917.0,5949.0,5743.0,5755.0,834168,402465,0.0,0.0
2021-06-03,AG,5779.0,5848.0,5760.0,5770.0,603638,396203,0.0,0.0
2021-06-04,AG,5700.0,5701.0,5577.0,5630.0,918932,405193,0.0,0.0
2021-06-07,AG,5680.0,5725.0,5657.0,5672.0,570477,397521,0.0,0.0
2021-06-08,AG,5672.0,5775.0,5667.0,5699.0,545318,394697,0.0,0.0
2021-06-09,AG,5685.0,5733.0,5655.0,5674.0,599418,399136,0.0,0.0
2021-06-10,AG,5712.0,5749.0,5664.0,5682.0,568045,403240,0.0,0.0
2021-06-11,AG,5731.0,5836.0,5689.0,5821.0,709240,441069,0.0,0.0
2021-06-15,AG,5750.0,5771.0,5675.0,5701.0,333847,404143,0.0,0.0
2021-06-16,AG,5684.0,5726.0,5640.0,5711.0,510446,406840,0.0,0.0
2021-06-17,AG,5711.0,5730.0,5541.0,5556.0,738195,456962,0.0,0.0
2021-06-18,AG,5444.0,5452.0,5361.0,5418.0,949013,459157,0.0,0.0
2021-06-21,AG,5404.0,5435.0,5312.0,5416.0,849472,464579,0.0,0.0
2021-06-22,AG,5403.0,5441.0,5375.0,5405.0,535643,465310,0.0,0.0
2021-06-23,AG,5375.0,5448.0,5367.0,5428.0,448623,450806,0.0,0.0
2021-06-24,AG,5425.0,5511.0,5403.0,5422.0,548084,445544,0.0,0.0
2021-06-25,AG,5445.0,5492.0,5421.0,5464.0,478760,448273,0.0,0.0
2021-06-28,AG,5483.0,5495.0,5372.0,5459.0,644594,437393,0.0,0.0
2021-06-29,AG,5460.0,5472.0,5409.0,5426.0,351854,437099,0.0,0.0
2021-06-30,AG,5353.0,5396.0,5332.0,5377.0,521110,449749,0.0,0.0
2021-07-01,AG,5380.0,5495.0,5378.0,5476.0,536650,440755,0.0,0.0
2021-07-02,AG,5494.0,5506.0,5426.0,5446.0,433505,423661,0.0,0.0
2021-07-05,AG,5505.0,5565.0,5484.0,5548.0,625507,436951,0.0,0.0
2021-07-06,AG,5545.0,5583.0,5433.0,5565.0,450845,443865,0.0,0.0
2021-07-07,AG,5565.0,5573.0,5445.0,5515.0,721318,420879,0.0,0.0
2021-07-08,AG,5493.0,5517.0,5415.0,5425.0,602367,436879,0.0,0.0
2021-07-09,AG,5450.0,5489.0,5400.0,5420.0,604888,443411,0.0,0.0
2021-07-12,AG,5440.0,5520.0,5431.0,5446.0,562988,423537,0.0,0.0
2021-07-13,AG,5452.0,5514.0,5437.0,5507.0,519782,440564,0.0,0.0
2021-07-14,AG,5450.0,5488.0,5429.0,5454.0,566864,432180,0.0,0.0
2021-07-15,AG,5494.0,5532.0,5457.0,5511.0,661818,450760,0.0,0.0
2021-07-16,AG,5493.0,5551.0,5483.0,5491.0,489115,458536,0.0,0.0
2021-07-19,AG,5475.0,5489.0,5303.0,5316.0,1010288,503248,0.0,0.0
2021-07-20,AG,5303.0,5332.0,5257.0,5265.0,701436,530956,0.0,0.0
2021-07-21,AG,5271.0,5296.0,5195.0,5284.0,771286,521348,0.0,0.0
2021-07-22,AG,5249.0,5321.0,5247.0,5308.0,521780,498843,0.0,0.0
2021-07-23,AG,5291.0,5361.0,5274.0,5338.0,587542,480018,0.0,0.0
2021-07-26,AG,5317.0,5369.0,5278.0,5329.0,586589,471718,0.0,0.0
2021-07-27,AG,5330.0,5341.0,5283.0,5310.0,463237,468692,0.0,0.0
2021-07-28,AG,5310.0,5337.0,5220.0,5275.0,729988,487619,0.0,0.0
2021-07-29,AG,5253.0,5370.0,5230.0,5366.0,602497,475676,0.0,0.0
2021-07-30,AG,5394.0,5429.0,5372.0,5404.0,549327,461845,0.0,0.0
2021-08-02,AG,5399.0,5419.0,5352.0,5386.0,563030,450117,0.0,0.0
2021-08-03,AG,5366.0,5400.0,5332.0,5340.0,492095,458862,0.0,0.0
2021-08-04,AG,5367.0,5422.0,5367.0,5415.0,506686,466368,0.0,0.0
2021-08-05,AG,5456.0,5472.0,5342.0,5355.0,672011,458695,0.0,0.0
2021-08-06,AG,5364.0,5379.0,5287.0,5305.0,569529,471938,0.0,0.0
2021-08-09,AG,5212.0,5213.0,5050.0,5104.0,1014300,528302,0.0,0.0
2021-08-10,AG,5084.0,5125.0,5002.0,5077.0,753297,533417,0.0,0.0
2021-08-11,AG,5018.0,5085.0,5017.0,5068.0,632650,531375,0.0,0.0
2021-08-12,AG,5092.0,5127.0,5080.0,5087.0,506328,519631,0.0,0.0
2021-08-13,AG,5078.0,5095.0,5023.0,5085.0,544823,523497,0.0,0.0
2021-08-16,AG,5093.0,5159.0,5093.0,5112.0,553027,502596,0.0,0.0
2021-08-17,AG,5132.0,5167.0,5117.0,5138.0,438070,497014,0.0,0.0
2021-08-18,AG,5129.0,5138.0,5082.0,5128.0,467872,495130,0.0,0.0
2021-08-19,AG,5112.0,5119.0,4983.0,5032.0,795832,536732,0.0,0.0
2021-08-20,AG,5032.0,5074.0,5002.0,5043.0,475644,526088,0.0,0.0
2021-08-23,AG,5024.0,5043.0,4930.0,5019.0,831719,525275,0.0,0.0
2021-08-24,AG,5078.0,5114.0,5064.0,5096.0,542515,498282,0.0,0.0
2021-08-25,AG,5131.0,5148.0,5092.0,5098.0,444115,491372,0.0,0.0
2021-08-26,AG,5126.0,5131.0,5064.0,5070.0,473760,495145,0.0,0.0
2021-08-27,AG,5050.0,5110.0,5023.0,5099.0,564910,499765,0.0,0.0
2021-08-30,AG,5083.0,5192.0,5013.0,5138.0,973645,505651,0.0,0.0
2021-08-31,AG,5150.0,5177.0,5117.0,5172.0,467974,500079,0.0,0.0
2021-09-01,AG,5142.0,5164.0,5092.0,5111.0,592421,495929,0.0,0.0
2021-09-02,AG,5163.0,5183.0,5142.0,5166.0,524781,491637,0.0,0.0
2021-09-03,AG,5151.0,5154.0,5105.0,5137.0,471382,484123,0.0,0.0
2021-09-06,AG,5197.0,5295.0,5187.0,5292.0,818177,526943,0.0,0.0
2021-09-07,AG,5271.0,5308.0,5238.0,5247.0,374092,505339,0.0,0.0
2021-09-08,AG,5220.0,5247.0,5185.0,5196.0,528185,492444,0.0,0.0
2021-09-09,AG,5183.0,5197.0,5101.0,5107.0,588729,491997,0.0,0.0
2021-09-10,AG,5150.0,5184.0,5123.0,5171.0,501091,467089,0.0,0.0
2021-09-13,AG,5133.0,5148.0,5038.0,5041.0,642508,492183,0.0,0.0
2021-09-14,AG,5004.0,5094.0,4996.0,5060.0,527006,494107,0.0,0.0
2021-09-15,AG,5080.0,5103.0,5036.0,5057.0,489458,488461,0.0,0.0
2021-09-16,AG,5050.0,5085.0,5000.0,5011.0,583250,498592,0.0,0.0
2021-09-17,AG,4907.0,4932.0,4830.0,4871.0,876873,504739,0.0,0.0
2021-09-22,AG,4810.0,4914.0,4803.0,4882.0,265202,498685,0.0,0.0
2021-09-23,AG,4876.0,4958.0,4816.0,4850.0,649678,503772,0.0,0.0
2021-09-24,AG,4850.0,4880.0,4827.0,4854.0,476352,495433,0.0,0.0
2021-09-27,AG,4808.0,4865.0,4728.0,4849.0,725300,493805,0.0,0.0
2021-09-28,AG,4851.0,4886.0,4763.0,4764.0,537491,504928,0.0,0.0
2021-09-29,AG,4732.0,4826.0,4720.0,4752.0,737359,493460,0.0,0.0
2021-09-30,AG,4720.0,4731.0,4595.0,4615.0,843767,492416,0.0,0.0
2021-10-08,AG,4797.0,4844.0,4770.0,4788.0,274576,462974,0.0,0.0
2021-10-11,AG,4900.0,4926.0,4813.0,4826.0,608641,454742,0.0,0.0
2021-10-12,AG,4809.0,4865.0,4788.0,4822.0,408548,444894,0.0,0.0
2021-10-13,AG,4782.0,4847.0,4769.0,4832.0,554083,444193,0.0,0.0
2021-10-14,AG,4821.0,4936.0,4815.0,4934.0,810842,472914,0.0,0.0
2021-10-15,AG,4980.0,4997.0,4922.0,4983.0,604990,466376,0.0,0.0
2021-10-18,AG,4920.0,4974.0,4904.0,4933.0,612480,441217,0.0,0.0
2021-10-19,AG,4925.0,4991.0,4878.0,4988.0,504564,450148,0.0,0.0
2021-10-20,AG,5045.0,5069.0,4943.0,5004.0,714742,444042,0.0,0.0
2021-10-21,AG,5063.0,5090.0,4992.0,5013.0,782170,426693,0.0,0.0
2021-10-22,AG,5013.0,5027.0,4951.0,5010.0,635435,396996,0.0,0.0
2021-10-25,AG,5043.0,5114.0,4977.0,5001.0,982902,384136,0.0,0.0
2021-10-26,AG,5019.0,5049.0,4985.0,4992.0,467287,378843,0.0,0.0
2021-10-27,AG,4985.0,4995.0,4879.0,4914.0,753717,376068,0.0,0.0
2021-10-28,AG,4921.0,4954.0,4894.0,4925.0,609805,356256,0.0,0.0
2021-10-29,AG,4920.0,4965.0,4844.0,4861.0,707837,362334,0.0,0.0
2021-11-01,AG,4847.0,4897.0,4832.0,4870.0,471491,351488,0.0,0.0
2021-11-02,AG,4888.0,4935.0,4885.0,4905.0,385287,341079,0.0,0.0
2021-11-03,AG,4881.0,4884.0,4788.0,4817.0,505026,359083,0.0,0.0
2021-11-04,AG,4794.0,4868.0,4738.0,4817.0,551345,338762,0.0,0.0
2021-11-05,AG,4885.0,4906.0,4866.0,4893.0,416708,326755,0.0,0.0
2021-11-08,AG,4882.0,5015.0,4869.0,4983.0,585420,329860,0.0,0.0
2021-11-09,AG,4988.0,5022.0,4974.0,4998.0,362482,327256,0.0,0.0
2021-11-10,AG,4996.0,5006.0,4931.0,5005.0,479293,309240,0.0,0.0
2021-11-11,AG,4987.0,5172.0,4950.0,5151.0,965741,335710,0.0,0.0
2021-11-12,AG,5148.0,5230.0,5134.0,5201.0,583431,337088,0.0,0.0
2021-11-15,AG,5138.0,5234.0,5106.0,5139.0,667879,309256,0.0,0.0
2021-11-16,AG,5160.0,5176.0,5112.0,5130.0,430246,288248,0.0,0.0
2021-11-17,AG,5162.0,5215.0,5109.0,5153.0,571511,281070,0.0,0.0
2021-11-18,AG,5172.0,5179.0,5093.0,5125.0,412359,266217,0.0,0.0
2021-11-19,AG,5142.0,5143.0,5063.0,5087.0,488803,249100,0.0,0.0
2021-11-22,AG,5063.0,5126.0,5039.0,5067.0,533144,242618,0.0,0.0
2021-11-23,AG,5057.0,5093.0,4912.0,4920.0,628415,244093,0.0,0.0
2021-11-24,AG,4885.0,4885.0,4817.0,4863.0,528912,213740,0.0,0.0
2021-11-25,AG,4821.0,4887.0,4821.0,4874.0,383369,181627,0.0,0.0
2021-11-26,AG,4865.0,4875.0,4844.0,4873.0,205617,165412,0.0,0.0
2021-11-29,AG,4870.0,4871.0,4745.0,4826.0,388400,145083,0.0,0.0
2021-11-30,AG,4875.0,4883.0,4763.0,4792.0,559825,375951,0.0,0.0
2021-12-01,AG,4790.0,4867.0,4724.0,4790.0,876775,391512,0.0,0.0
2021-12-02,AG,4785.0,4793.0,4674.0,4710.0,651566,431134,0.0,0.0
2021-12-03,AG,4719.0,4746.0,4687.0,4712.0,550585,417069,0.0,0.0
2021-12-06,AG,4720.0,4773.0,4662.0,4737.0,787919,428303,0.0,0.0
2021-12-07,AG,4724.0,4747.0,4688.0,4736.0,493549,442537,0.0,0.0
2021-12-08,AG,4745.0,4763.0,4692.0,4724.0,516024,452442,0.0,0.0
2021-12-09,AG,4712.0,4726.0,4675.0,4678.0,477881,472420,0.0,0.0
2021-12-10,AG,4660.0,4676.0,4588.0,4600.0,708334,521477,0.0,0.0
2021-12-13,AG,4616.0,4724.0,4613.0,4708.0,689467,472619,0.0,0.0
2021-12-14,AG,4720.0,4753.0,4715.0,4727.0,454379,465582,0.0,0.0
2021-12-15,AG,4702.0,4713.0,4653.0,4661.0,634283,468964,0.0,0.0
2021-12-16,AG,4660.0,4742.0,4608.0,4742.0,714818,460440,0.0,0.0
2021-12-17,AG,4743.0,4828.0,4742.0,4803.0,702953,474285,0.0,0.0
2021-12-20,AG,4834.0,4848.0,4760.0,4790.0,546452,457075,0.0,0.0
2021-12-21,AG,4773.0,4815.0,4744.0,4795.0,456651,468497,0.0,0.0
2021-12-22,AG,4860.0,4869.0,4803.0,4816.0,471529,457594,0.0,0.0
2021-12-23,AG,4848.0,4882.0,4820.0,4873.0,461008,460133,0.0,0.0
2021-12-24,AG,4865.0,4893.0,4830.0,4873.0,400628,454417,0.0,0.0
2021-12-27,AG,4861.0,4916.0,4824.0,4838.0,365529,459153,0.0,0.0
2021-12-28,AG,4838.0,4883.0,4802.0,4879.0,483587,454422,0.0,0.0
2021-12-29,AG,4886.0,4914.0,4831.0,4862.0,600477,454725,0.0,0.0
2021-12-30,AG,4805.0,4825.0,4776.0,4788.0,538301,473003,0.0,0.0
2021-12-31,AG,4819.0,4883.0,4805.0,4880.0,561087,454058,0.0,0.0
2022-01-04,AG,4836.0,4861.0,4764.0,4774.0,306391,481556,0.0,0.0
2022-01-05,AG,4761.0,4819.0,4752.0,4773.0,519490,492232,0.0,0.0
2022-01-06,AG,4799.0,4829.0,4683.0,4694.0,640509,516394,0.0,0.0
2022-01-07,AG,4621.0,4668.0,4596.0,4613.0,654082,544029,0.0,0.0
2022-01-10,AG,4621.0,4667.0,4603.0,4627.0,686493,554928,0.0,0.0
2022-01-11,AG,4637.0,4722.0,4629.0,4697.0,556341,519484,0.0,0.0
2022-01-12,AG,4720.0,4742.0,4686.0,4740.0,453105,510680,0.0,0.0
2022-01-13,AG,4738.0,4820.0,4732.0,4787.0,559280,500971,0.0,0.0
2022-01-14,AG,4801.0,4810.0,4764.0,4796.0,425460,512345,0.0,0.0
2022-01-17,AG,4748.0,4793.0,4739.0,4760.0,516765,501890,0.0,0.0
2022-01-18,AG,4764.0,4780.0,4734.0,4763.0,343810,501376,0.0,0.0
2022-01-19,AG,4766.0,4919.0,4744.0,4913.0,810922,527369,0.0,0.0
2022-01-20,AG,4925.0,5012.0,4904.0,4984.0,661773,541028,0.0,0.0
2022-01-21,AG,4988.0,5118.0,4973.0,5081.0,726000,544280,0.0,0.0
2022-01-24,AG,5059.0,5088.0,4965.0,4985.0,662017,541486,0.0,0.0
2022-01-25,AG,4959.0,4973.0,4889.0,4926.0,547471,521725,0.0,0.0
2022-01-26,AG,4911.0,4979.0,4901.0,4903.0,530112,529692,0.0,0.0
2022-01-27,AG,4937.0,4956.0,4767.0,4777.0,625244,520597,0.0,0.0
2022-01-28,AG,4757.0,4787.0,4701.0,4703.0,594291,492333,0.0,0.0
2022-02-07,AG,4715.0,4770.0,4714.0,4737.0,229812,477122,0.0,0.0
2022-02-08,AG,4761.0,4807.0,4745.0,4766.0,362906,490435,0.0,0.0
2022-02-09,AG,4753.0,4848.0,4753.0,4820.0,405637,486901,0.0,0.0
2022-02-10,AG,4831.0,4845.0,4791.0,4836.0,361173,490414,0.0,0.0
2022-02-11,AG,4837.0,4914.0,4741.0,4750.0,784126,502324,0.0,0.0
2022-02-14,AG,4762.0,4933.0,4759.0,4905.0,649583,494591,0.0,0.0
2022-02-15,AG,4917.0,4964.0,4898.0,4918.0,543513,492297,0.0,0.0
2022-02-16,AG,4834.0,4834.0,4777.0,4824.0,496184,494519,0.0,0.0
2022-02-17,AG,4825.0,4864.0,4798.0,4835.0,383988,493393,0.0,0.0
2022-02-18,AG,4858.0,4940.0,4853.0,4915.0,498822,501969,0.0,0.0
2022-02-21,AG,4906.0,4945.0,4863.0,4876.0,444828,494976,0.0,0.0
2022-02-22,AG,4891.0,5005.0,4885.0,4976.0,465060,504205,0.0,0.0
2022-02-23,AG,4946.0,4995.0,4930.0,4962.0,401805,502133,0.0,0.0
2022-02-24,AG,4963.0,5158.0,4947.0,5119.0,691232,539981,0.0,0.0
2022-02-25,AG,5180.0,5200.0,4953.0,4987.0,980072,513980,0.0,0.0
2022-02-28,AG,4930.0,5000.0,4881.0,4962.0,613906,493491,0.0,0.0
2022-03-01,AG,4960.0,5012.0,4936.0,4981.0,468497,493539,0.0,0.0
2022-03-02,AG,5001.0,5130.0,4990.0,5065.0,843519,493558,0.0,0.0
2022-03-03,AG,5052.0,5112.0,5042.0,5094.0,601940,492056,0.0,0.0
2022-03-04,AG,5095.0,5135.0,5028.0,5062.0,605872,482751,0.0,0.0
2022-03-07,AG,5067.0,5274.0,5062.0,5159.0,988242,499689,0.0,0.0
2022-03-08,AG,5159.0,5340.0,5066.0,5317.0,992834,496631,0.0,0.0
2022-03-09,AG,5270.0,5424.0,5190.0,5371.0,1435720,482465,0.0,0.0
2022-03-10,AG,5250.0,5252.0,5051.0,5109.0,1083421,458246,0.0,0.0
2022-03-11,AG,5174.0,5203.0,5122.0,5145.0,664935,451382,0.0,0.0
2022-03-14,AG,5104.0,5178.0,5062.0,5087.0,649719,447195,0.0,0.0
2022-03-15,AG,5030.0,5059.0,4965.0,4973.0,544298,435254,0.0,0.0
2022-03-16,AG,4973.0,5037.0,4961.0,5016.0,466746,432057,0.0,0.0
2022-03-17,AG,5026.0,5116.0,4943.0,5098.0,644021,439497,0.0,0.0
2022-03-18,AG,5118.0,5164.0,5106.0,5123.0,414773,448543,0.0,0.0
2022-03-21,AG,5100.0,5110.0,5070.0,5081.0,389432,446824,0.0,0.0
2022-03-22,AG,5100.0,5199.0,5060.0,5168.0,467754,472347,0.0,0.0
2022-03-23,AG,5101.0,5107.0,5050.0,5084.0,421019,445322,0.0,0.0
2022-03-24,AG,5111.0,5177.0,5106.0,5127.0,416422,449554,0.0,0.0
2022-03-25,AG,5173.0,5259.0,5162.0,5237.0,605868,478916,0.0,0.0
2022-03-28,AG,5231.0,5236.0,5134.0,5152.0,544494,447200,0.0,0.0
2022-03-29,AG,5152.0,5165.0,5102.0,5118.0,337756,440008,0.0,0.0
2022-03-30,AG,4971.0,5082.0,4958.0,5061.0,569535,443005,0.0,0.0
2022-03-31,AG,5064.0,5092.0,4992.0,5011.0,421120,440501,0.0,0.0
2022-04-01,AG,5034.0,5074.0,5016.0,5038.0,361054,424877,0.0,0.0
2022-04-06,AG,4944.0,4996.0,4913.0,4980.0,191271,439486,0.0,0.0
2022-04-07,AG,4967.0,5011.0,4951.0,4961.0,358855,447201,0.0,0.0
2022-04-08,AG,4961.0,5045.0,4961.0,5030.0,399700,444974,0.0,0.0
2022-04-11,AG,5000.0,5102.0,4995.0,5083.0,439622,443135,0.0,0.0
2022-04-12,AG,5173.0,5188.0,5100.0,5179.0,536858,461354,0.0,0.0
2022-04-13,AG,5205.0,5234.0,5168.0,5208.0,491720,467745,0.0,0.0
2022-04-14,AG,5246.0,5274.0,5213.0,5251.0,448297,476900,0.0,0.0
2022-04-15,AG,5209.0,5241.0,5188.0,5235.0,405075,471622,0.0,0.0
2022-04-18,AG,5240.0,5339.0,5234.0,5275.0,417639,470116,0.0,0.0
2022-04-19,AG,5331.0,5335.0,5253.0,5258.0,417623,463983,0.0,0.0
2022-04-20,AG,5265.0,5266.0,5135.0,5147.0,603358,439350,0.0,0.0
2022-04-21,AG,5163.0,5191.0,5155.0,5174.0,334156,431165,0.0,0.0
2022-04-22,AG,5130.0,5138.0,5078.0,5098.0,537970,437389,0.0,0.0
2022-04-25,AG,5066.0,5094.0,4970.0,4985.0,567717,423529,0.0,0.0
2022-04-26,AG,4949.0,5013.0,4942.0,4971.0,465545,414742,0.0,0.0
2022-04-27,AG,4951.0,5006.0,4938.0,4941.0,415969,420752,0.0,0.0
2022-04-28,AG,4952.0,4980.0,4862.0,4905.0,551892,401250,0.0,0.0
2022-04-29,AG,4895.0,4961.0,4888.0,4954.0,410454,368557,0.0,0.0
2022-05-05,AG,4900.0,4974.0,4893.0,4920.0,181256,368231,0.0,0.0
2022-05-06,AG,4952.0,4957.0,4790.0,4821.0,622411,362776,0.0,0.0
2022-05-09,AG,4820.0,4869.0,4812.0,4824.0,384606,349681,0.0,0.0
2022-05-10,AG,4777.0,4827.0,4760.0,4801.0,483764,337472,0.0,0.0
2022-05-11,AG,4799.0,4825.0,4685.0,4739.0,561517,339199,0.0,0.0
2022-05-12,AG,4708.0,4788.0,4696.0,4718.0,514561,330906,0.0,0.0
2022-05-13,AG,4664.0,4695.0,4612.0,4629.0,567853,337355,0.0,0.0
2022-05-16,AG,4600.0,4699.0,4564.0,4662.0,605645,309809,0.0,0.0
2022-05-17,AG,4686.0,4765.0,4677.0,4750.0,403220,278386,0.0,0.0
2022-05-18,AG,4756.0,4757.0,4700.0,4707.0,304091,257762,0.0,0.0
2022-05-19,AG,4716.0,4731.0,4675.0,4707.0,346753,243298,0.0,0.0
2022-05-20,AG,4754.0,4787.0,4748.0,4775.0,366734,219154,0.0,0.0
2022-05-23,AG,4741.0,4767.0,4714.0,4757.0,340757,199351,0.0,0.0
2022-05-24,AG,4761.0,4764.0,4701.0,4731.0,233329,181357,0.0,0.0
2022-05-25,AG,4750.0,4793.0,4746.0,4763.0,252946,152869,0.0,0.0
2022-05-26,AG,4763.0,4763.0,4730.0,4745.0,168161,137642,0.0,0.0
2022-05-27,AG,4772.0,4841.0,4766.0,4836.0,336317,362246,0.0,0.0
2022-05-30,AG,4837.0,4853.0,4783.0,4795.0,325253,376708,0.0,0.0
2022-05-31,AG,4782.0,4783.0,4676.0,4716.0,364829,421157,0.0,0.0
2022-06-01,AG,4695.0,4727.0,4657.0,4673.0,336900,440890,0.0,0.0
2022-06-02,AG,4707.0,4751.0,4692.0,4743.0,374055,414716,0.0,0.0
2022-06-06,AG,4750.0,4834.0,4734.0,4824.0,242664,406441,0.0,0.0
2022-06-07,AG,4848.0,4850.0,4757.0,4777.0,343431,412660,0.0,0.0
2022-06-08,AG,4778.0,4814.0,4769.0,4811.0,299139,414956,0.0,0.0
2022-06-09,AG,4799.0,4818.0,4764.0,4778.0,326422,423154,0.0,0.0
2022-06-10,AG,4765.0,4781.0,4683.0,4705.0,455347,452554,0.0,0.0
2022-06-13,AG,4703.0,4796.0,4664.0,4738.0,657452,442663,0.0,0.0
2022-06-14,AG,4715.0,4726.0,4623.0,4663.0,627991,479436,0.0,0.0
2022-06-15,AG,4663.0,4668.0,4598.0,4647.0,470197,488138,0.0,0.0
2022-06-16,AG,4700.0,4745.0,4673.0,4724.0,559197,460583,0.0,0.0
2022-06-17,AG,4724.0,4789.0,4703.0,4778.0,537661,441773,0.0,0.0
2022-06-20,AG,4783.0,4790.0,4672.0,4715.0,509734,436765,0.0,0.0
2022-06-21,AG,4709.0,4729.0,4665.0,4669.0,336608,444694,0.0,0.0
2022-06-22,AG,4715.0,4753.0,4634.0,4649.0,513378,464406,0.0,0.0
2022-06-23,AG,4680.0,4690.0,4621.0,4649.0,445702,473402,0.0,0.0
2022-06-24,AG,4642.0,4667.0,4483.0,4525.0,790802,513139,0.0,0.0
2022-06-27,AG,4514.0,4648.0,4454.0,4633.0,722200,478055,0.0,0.0
2022-06-28,AG,4625.0,4649.0,4551.0,4607.0,484511,475213,0.0,0.0
2022-06-29,AG,4596.0,4613.0,4509.0,4527.0,520238,506485,0.0,0.0
2022-06-30,AG,4560.0,4586.0,4501.0,4522.0,524976,517656,0.0,0.0
2022-07-01,AG,4497.0,4524.0,4346.0,4351.0,816118,575737,0.0,0.0
2022-07-04,AG,4284.0,4365.0,4280.0,4327.0,691288,566946,0.0,0.0
2022-07-05,AG,4325.0,4429.0,4318.0,4382.0,449992,532189,0.0,0.0
2022-07-06,AG,4346.0,4351.0,4157.0,4229.0,950809,546259,0.0,0.0
2022-07-07,AG,4245.0,4286.0,4178.0,4242.0,871165,530908,0.0,0.0
2022-07-08,AG,4250.0,4287.0,4208.0,4233.0,530002,538488,0.0,0.0
2022-07-11,AG,4220.0,4273.0,4201.0,4232.0,596218,532211,0.0,0.0
2022-07-12,AG,4246.0,4258.0,4148.0,4209.0,661340,530807,0.0,0.0
2022-07-13,AG,4191.0,4221.0,4164.0,4194.0,523998,523376,0.0,0.0
2022-07-14,AG,4176.0,4284.0,4163.0,4199.0,866427,525309,0.0,0.0
2022-07-15,AG,4099.0,4101.0,4018.0,4021.0,836372,543648,0.0,0.0
2022-07-18,AG,4096.0,4164.0,4077.0,4151.0,678965,521637,0.0,0.0
2022-07-19,AG,4151.0,4181.0,4096.0,4131.0,490594,527727,0.0,0.0
2022-07-20,AG,4143.0,4160.0,4124.0,4144.0,392668,523237,0.0,0.0
2022-07-21,AG,4154.0,4234.0,4119.0,4123.0,609827,529993,0.0,0.0
2022-07-22,AG,4143.0,4203.0,4136.0,4182.0,610184,525382,0.0,0.0
2022-07-25,AG,4178.0,4216.0,4104.0,4147.0,648169,534413,0.0,0.0
2022-07-26,AG,4143.0,4166.0,4104.0,4152.0,450463,532395,0.0,0.0
2022-07-27,AG,4144.0,4194.0,4139.0,4165.0,434824,517416,0.0,0.0
2022-07-28,AG,4178.0,4323.0,4141.0,4318.0,735296,524922,0.0,0.0
2022-07-29,AG,4365.0,4472.0,4334.0,4462.0,875488,537198,0.0,0.0
2022-08-01,AG,4426.0,4484.0,4405.0,4443.0,724016,520122,0.0,0.0
2022-08-02,AG,4472.0,4507.0,4427.0,4461.0,623963,515283,0.0,0.0
2022-08-03,AG,4486.0,4497.0,4370.0,4405.0,743015,503618,0.0,0.0
2022-08-04,AG,4448.0,4457.0,4395.0,4423.0,487915,506390,0.0,0.0
2022-08-05,AG,4443.0,4486.0,4421.0,4470.0,472296,519907,0.0,0.0
2022-08-08,AG,4350.0,4405.0,4324.0,4396.0,668868,501075,0.0,0.0
2022-08-09,AG,4452.0,4544.0,4447.0,4517.0,624995,516192,0.0,0.0
2022-08-10,AG,4520.0,4541.0,4474.0,4488.0,450621,497497,0.0,0.0
2022-08-11,AG,4521.0,4550.0,4480.0,4501.0,491672,494721,0.0,0.0
2022-08-12,AG,4503.0,4513.0,4437.0,4488.0,488678,493360,0.0,0.0
2022-08-15,AG,4492.0,4595.0,4476.0,4532.0,639221,499295,0.0,0.0
2022-08-16,AG,4459.0,4481.0,4426.0,4455.0,530758,487952,0.0,0.0
2022-08-17,AG,4415.0,4461.0,4406.0,4441.0,412150,486215,0.0,0.0
2022-08-18,AG,4405.0,4416.0,4328.0,4336.0,610781,511727,0.0,0.0
2022-08-19,AG,4380.0,4383.0,4272.0,4300.0,594380,507487,0.0,0.0
2022-08-22,AG,4289.0,4300.0,4236.0,4257.0,510391,518627,0.0,0.0
2022-08-23,AG,4228.0,4313.0,4223.0,4270.0,553369,522174,0.0,0.0
2022-08-24,AG,4260.0,4331.0,4250.0,4310.0,553161,513548,0.0,0.0
2022-08-25,AG,4310.0,4345.0,4283.0,4334.0,509361,503924,0.0,0.0
2022-08-26,AG,4320.0,4331.0,4302.0,4318.0,400496,496785,0.0,0.0
2022-08-29,AG,4322.0,4365.0,4225.0,4234.0,894893,532175,0.0,0.0
2022-08-30,AG,4260.0,4283.0,4239.0,4247.0,418818,521786,0.0,0.0
2022-08-31,AG,4230.0,4252.0,4193.0,4202.0,510879,545440,0.0,0.0
2022-09-01,AG,4138.0,4177.0,4094.0,4120.0,652762,574729,0.0,0.0
2022-09-02,AG,4114.0,4172.0,4106.0,4160.0,593945,555416,0.0,0.0
2022-09-05,AG,4171.0,4207.0,4156.0,4191.0,594263,547676,0.0,0.0
2022-09-06,AG,4203.0,4235.0,4180.0,4230.0,330849,536881,0.0,0.0
2022-09-07,AG,4210.0,4213.0,4133.0,4185.0,575358,542218,0.0,0.0
2022-09-08,AG,4201.0,4260.0,4174.0,4253.0,531974,536936,0.0,0.0
2022-09-09,AG,4229.0,4329.0,4223.0,4326.0,608562,524099,0.0,0.0
2022-09-13,AG,4500.0,4500.0,4433.0,4466.0,320533,511403,0.0,0.0
2022-09-14,AG,4420.0,4453.0,4353.0,4402.0,626393,499794,0.0,0.0
2022-09-15,AG,4443.0,4452.0,4394.0,4399.0,478130,487046,0.0,0.0
2022-09-16,AG,4429.0,4442.0,4344.0,4362.0,692903,476568,0.0,0.0
2022-09-19,AG,4368.0,4450.0,4353.0,4405.0,605967,471961,0.0,0.0
2022-09-20,AG,4404.0,4464.0,4387.0,4426.0,481294,468453,0.0,0.0
2022-09-21,AG,4390.0,4455.0,4365.0,4443.0,481261,465290,0.0,0.0
2022-09-22,AG,4490.0,4508.0,4432.0,4474.0,683004,465198,0.0,0.0
2022-09-23,AG,4541.0,4555.0,4493.0,4542.0,576274,481254,0.0,0.0
2022-09-26,AG,4430.0,4471.0,4339.0,4364.0,829758,445512,0.0,0.0
2022-09-27,AG,4400.0,4419.0,4307.0,4355.0,631294,434549,0.0,0.0
2022-09-28,AG,4368.0,4378.0,4274.0,4281.0,668083,443956,0.0,0.0
2022-09-29,AG,4320.0,4416.0,4300.0,4385.0,813534,430354,0.0,0.0
2022-09-30,AG,4380.0,4427.0,4339.0,4424.0,615011,416766,0.0,0.0
2022-10-10,AG,4580.0,4585.0,4510.0,4544.0,326442,431959,0.0,0.0
2022-10-11,AG,4570.0,4574.0,4511.0,4524.0,461296,438001,0.0,0.0
2022-10-12,AG,4528.0,4538.0,4454.0,4490.0,530467,435669,0.0,0.0
2022-10-13,AG,4473.0,4479.0,4428.0,4436.0,470932,440683,0.0,0.0
2022-10-14,AG,4380.0,4455.0,4379.0,4447.0,689852,446175,0.0,0.0
2022-10-17,AG,4409.0,4428.0,4351.0,4369.0,703424,453494,0.0,0.0
2022-10-18,AG,4430.0,4430.0,4387.0,4421.0,445806,442592,0.0,0.0
2022-10-19,AG,4422.0,4430.0,4381.0,4388.0,432113,441525,0.0,0.0
2022-10-20,AG,4377.0,4399.0,4355.0,4370.0,450969,448135,0.0,0.0
2022-10-21,AG,4378.0,4440.0,4370.0,4384.0,551065,435017,0.0,0.0
2022-10-24,AG,4384.0,4561.0,4384.0,4542.0,1103519,471834,0.0,0.0
2022-10-25,AG,4550.0,4579.0,4527.0,4575.0,591243,463961,0.0,0.0
2022-10-26,AG,4515.0,4624.0,4515.0,4617.0,753965,475922,0.0,0.0
2022-10-27,AG,4567.0,4603.0,4561.0,4564.0,527311,454426,0.0,0.0
2022-10-28,AG,4582.0,4607.0,4571.0,4575.0,567080,440148,0.0,0.0
2022-10-31,AG,4555.0,4574.0,4489.0,4527.0,637352,418040,0.0,0.0
2022-11-01,AG,4525.0,4644.0,4490.0,4634.0,607745,430223,0.0,0.0
2022-11-02,AG,4660.0,4686.0,4603.0,4634.0,636257,422758,0.0,0.0
2022-11-03,AG,4663.0,4690.0,4552.0,4573.0,690472,406863,0.0,0.0
2022-11-04,AG,4520.0,4643.0,4516.0,4624.0,742166,407550,0.0,0.0
2022-11-07,AG,4704.0,4764.0,4688.0,4741.0,864542,432153,0.0,0.0
2022-11-08,AG,4753.0,4843.0,4742.0,4795.0,813562,423858,0.0,0.0
2022-11-09,AG,4802.0,4983.0,4799.0,4939.0,1165933,421717,0.0,0.0
2022-11-10,AG,4923.0,4993.0,4890.0,4919.0,977288,403363,0.0,0.0
2022-11-11,AG,4921.0,5033.0,4913.0,4996.0,1189956,385119,0.0,0.0
2022-11-14,AG,4954.0,4968.0,4850.0,4873.0,907132,346864,0.0,0.0
2022-11-15,AG,4899.0,4983.0,4886.0,4956.0,732375,352817,0.0,0.0
2022-11-16,AG,4943.0,4990.0,4870.0,4916.0,818276,334119,0.0,0.0
2022-11-17,AG,4970.0,4976.0,4867.0,4909.0,721039,320598,0.0,0.0
2022-11-18,AG,4880.0,4887.0,4815.0,4857.0,604000,300162,0.0,0.0
2022-11-21,AG,4855.0,4871.0,4784.0,4802.0,603243,279804,0.0,0.0
2022-11-22,AG,4790.0,4863.0,4781.0,4834.0,505523,262683,0.0,0.0
2022-11-23,AG,4849.0,4868.0,4815.0,4859.0,403144,250434,0.0,0.0
2022-11-24,AG,4861.0,4971.0,4843.0,4942.0,561144,242550,0.0,0.0
2022-11-25,AG,4946.0,4956.0,4915.0,4935.0,319733,208029,0.0,0.0
2022-11-28,AG,4928.0,4952.0,4897.0,4921.0,362225,159642,0.0,0.0
2022-11-29,AG,4939.0,4991.0,4887.0,4914.0,384672,121626,0.0,0.0
2022-11-30,AG,4950.0,4970.0,4921.0,4922.0,627192,306944,0.0,0.0
2022-12-01,AG,4945.0,5118.0,4943.0,5104.0,949524,370440,0.0,0.0
2022-12-02,AG,5085.0,5243.0,5085.0,5221.0,942897,389262,0.0,0.0
2022-12-05,AG,5180.0,5357.0,5139.0,5236.0,1352140,367282,0.0,0.0
2022-12-06,AG,5218.0,5232.0,5095.0,5104.0,952509,346447,0.0,0.0
2022-12-07,AG,5144.0,5144.0,5066.0,5095.0,723374,353786,0.0,0.0
2022-12-08,AG,5108.0,5170.0,5091.0,5159.0,814778,354737,0.0,0.0
2022-12-09,AG,5166.0,5281.0,5155.0,5255.0,867823,367335,0.0,0.0
2022-12-12,AG,5249.0,5355.0,5242.0,5303.0,1008241,372125,0.0,0.0
2022-12-13,AG,5297.0,5338.0,5247.0,5320.0,795492,380488,0.0,0.0
2022-12-14,AG,5324.0,5443.0,5308.0,5403.0,1197428,396093,0.0,0.0
2022-12-15,AG,5371.0,5432.0,5248.0,5285.0,903914,366162,0.0,0.0
2022-12-16,AG,5274.0,5303.0,5166.0,5208.0,1055897,366479,0.0,0.0
2022-12-19,AG,5200.0,5273.0,5174.0,5224.0,983739,354260,0.0,0.0
2022-12-20,AG,5240.0,5256.0,5170.0,5221.0,754977,346970,0.0,0.0
2022-12-21,AG,5313.0,5434.0,5285.0,5372.0,929127,349595,0.0,0.0
2022-12-22,AG,5365.0,5411.0,5310.0,5322.0,664828,333995,0.0,0.0
2022-12-23,AG,5333.0,5348.0,5239.0,5292.0,686072,311573,0.0,0.0
2022-12-26,AG,5300.0,5345.0,5281.0,5326.0,601794,245948,0.0,0.0
2022-12-27,AG,5323.0,5403.0,5306.0,5387.0,390535,232672,0.0,0.0
2022-12-28,AG,5379.0,5400.0,5327.0,5356.0,573023,220284,0.0,0.0
2022-12-29,AG,5347.0,5354.0,5254.0,5286.0,574448,216828,0.0,0.0
2022-12-30,AG,5316.0,5374.0,5312.0,5363.0,495278,199895,0.0,0.0
2023-01-03,AG,5372.0,5408.0,5307.0,5395.0,310707,188002,0.0,0.0
2023-01-04,AG,5378.0,5413.0,5313.0,5343.0,473048,170806,0.0,0.0
2023-01-05,AG,5346.0,5378.0,5209.0,5210.0,557300,163692,0.0,0.0
2023-01-06,AG,5190.0,5204.0,5123.0,5156.0,485436,146063,0.0,0.0
2023-01-09,AG,5158.0,5272.0,5149.0,5252.0,507219,140206,0.0,0.0
2023-01-10,AG,5242.0,5253.0,5157.0,5183.0,354933,131314,0.0,0.0
2023-01-11,AG,5171.0,5252.0,5156.0,5239.0,281584,116412,0.0,0.0
2023-01-12,AG,5260.0,5267.0,5155.0,5215.0,573028,422927,0.0,0.0
2023-01-13,AG,5245.0,5295.0,5196.0,5225.0,779092,429571,0.0,0.0
2023-01-16,AG,5194.0,5367.0,5181.0,5329.0,794529,466795,0.0,0.0
2023-01-17,AG,5299.0,5362.0,5270.0,5311.0,525749,474097,0.0,0.0
2023-01-18,AG,5314.0,5342.0,5274.0,5309.0,643008,472775,0.0,0.0
2023-01-19,AG,5333.0,5350.0,5144.0,5165.0,1024926,474493,0.0,0.0
2023-01-20,AG,5171.0,5320.0,5126.0,5311.0,857724,457959,0.0,0.0
2023-01-30,AG,5247.0,5267.0,5208.0,5243.0,243401,465016,0.0,0.0
2023-01-31,AG,5240.0,5253.0,5171.0,5185.0,514247,482683,0.0,0.0
2023-02-01,AG,5147.0,5239.0,5143.0,5222.0,567882,494636,0.0,0.0
2023-02-02,AG,5207.0,5351.0,5169.0,5305.0,864671,510715,0.0,0.0
2023-02-03,AG,5364.0,5397.0,5182.0,5197.0,1274557,506779,0.0,0.0
2023-02-06,AG,5200.0,5205.0,5005.0,5026.0,1326967,542159,0.0,0.0
2023-02-07,AG,5026.0,5034.0,4984.0,5008.0,729592,561049,0.0,0.0
2023-02-08,AG,5000.0,5023.0,4963.0,4993.0,866594,572810,0.0,0.0
2023-02-09,AG,5013.0,5026.0,4977.0,5002.0,684643,571408,0.0,0.0
2023-02-10,AG,5003.0,5046.0,4901.0,4928.0,1128205,586489,0.0,0.0
2023-02-13,AG,4951.0,4979.0,4920.0,4939.0,746178,571579,0.0,0.0
2023-02-14,AG,4950.0,4958.0,4916.0,4953.0,540187,579269,0.0,0.0
2023-02-15,AG,4922.0,4966.0,4894.0,4912.0,1111933,591573,0.0,0.0
2023-02-16,AG,4888.0,4943.0,4876.0,4918.0,696389,595024,0.0,0.0
2023-02-17,AG,4914.0,4936.0,4870.0,4879.0,716961,613399,0.0,0.0
2023-02-20,AG,4881.0,4982.0,4877.0,4965.0,854180,600399,0.0,0.0
2023-02-21,AG,4957.0,4988.0,4954.0,4964.0,414318,594750,0.0,0.0
2023-02-22,AG,4972.0,5017.0,4968.0,4989.0,680003,587622,0.0,0.0
2023-02-23,AG,5007.0,5016.0,4952.0,4961.0,554422,596221,0.0,0.0
2023-02-24,AG,4966.0,4980.0,4933.0,4944.0,652929,604474,0.0,0.0
2023-02-27,AG,4924.0,4939.0,4852.0,4870.0,814501,638158,0.0,0.0
2023-02-28,AG,4878.0,4895.0,4863.0,4875.0,492845,639929,0.0,0.0
2023-03-01,AG,4870.0,4944.0,4863.0,4935.0,676221,621001,0.0,0.0
2023-03-02,AG,4924.0,4935.0,4885.0,4890.0,646690,630533,0.0,0.0
2023-03-03,AG,4890.0,4942.0,4878.0,4931.0,586635,622189,0.0,0.0
2023-03-06,AG,4933.0,4986.0,4918.0,4978.0,701806,620338,0.0,0.0
2023-03-07,AG,4971.0,4982.0,4944.0,4948.0,435238,614980,0.0,0.0
2023-03-08,AG,4930.0,4934.0,4756.0,4781.0,1056827,685938,0.0,0.0
2023-03-09,AG,4797.0,4814.0,4773.0,4783.0,600322,680983,0.0,0.0
2023-03-10,AG,4797.0,4830.0,4758.0,4776.0,692784,667925,0.0,0.0
2023-03-13,AG,4799.0,4929.0,4791.0,4914.0,1173892,638118,0.0,0.0
2023-03-14,AG,5054.0,5068.0,5000.0,5057.0,1014666,609577,0.0,0.0
2023-03-15,AG,5050.0,5064.0,5025.0,5055.0,625403,599781,0.0,0.0
2023-03-16,AG,5140.0,5150.0,5034.0,5042.0,1056674,585341,0.0,0.0
2023-03-17,AG,5077.0,5082.0,4968.0,5059.0,923726,577491,0.0,0.0
2023-03-20,AG,5072.0,5175.0,5053.0,5146.0,1153836,577271,0.0,0.0
2023-03-21,AG,5106.0,5172.0,5077.0,5132.0,774081,578367,0.0,0.0
2023-03-22,AG,5137.0,5152.0,5085.0,5149.0,705934,581510,0.0,0.0
2023-03-23,AG,5117.0,5232.0,5111.0,5185.0,977882,590402,0.0,0.0
2023-03-24,AG,5180.0,5250.0,5162.0,5217.0,816553,593458,0.0,0.0
2023-03-27,AG,5288.0,5306.0,5175.0,5201.0,1134309,569303,0.0,0.0
2023-03-28,AG,5183.0,5216.0,5166.0,5180.0,513248,554575,0.0,0.0
2023-03-29,AG,5201.0,5256.0,5186.0,5212.0,620883,561075,0.0,0.0
2023-03-30,AG,5230.0,5297.0,5219.0,5296.0,586155,596811,0.0,0.0
2023-03-31,AG,5316.0,5349.0,5261.0,5344.0,763201,613255,0.0,0.0
2023-04-03,AG,5357.0,5373.0,5277.0,5294.0,818379,578722,0.0,0.0
2023-04-04,AG,5347.0,5376.0,5317.0,5354.0,706367,591924,0.0,0.0
2023-04-06,AG,5488.0,5565.0,5475.0,5554.0,435588,628425,0.0,0.0
2023-04-07,AG,5549.0,5606.0,5497.0,5599.0,781104,647112,0.0,0.0
2023-04-10,AG,5577.0,5583.0,5509.0,5528.0,587023,613692,0.0,0.0
2023-04-11,AG,5531.0,5602.0,5515.0,5578.0,637933,630503,0.0,0.0
2023-04-12,AG,5562.0,5692.0,5551.0,5673.0,858230,647107,0.0,0.0
2023-04-13,AG,5716.0,5735.0,5626.0,5688.0,965376,639662,0.0,0.0
2023-04-14,AG,5770.0,5822.0,5724.0,5786.0,1023030,659622,0.0,0.0
2023-04-17,AG,5765.0,5792.0,5644.0,5694.0,1339780,613246,0.0,0.0
2023-04-18,AG,5684.0,5688.0,5582.0,5626.0,818663,597941,0.0,0.0
2023-04-19,AG,5628.0,5677.0,5577.0,5610.0,792318,581343,0.0,0.0
2023-04-20,AG,5620.0,5689.0,5609.0,5664.0,776425,573478,0.0,0.0
2023-04-21,AG,5681.0,5697.0,5609.0,5609.0,884454,552720,0.0,0.0
2023-04-24,AG,5650.0,5675.0,5560.0,5582.0,1032480,516856,0.0,0.0
2023-04-25,AG,5614.0,5682.0,5577.0,5635.0,741417,493075,0.0,0.0
2023-04-26,AG,5595.0,5645.0,5553.0,5615.0,788089,456774,0.0,0.0
2023-04-27,AG,5598.0,5664.0,5590.0,5636.0,733270,435048,0.0,0.0
2023-04-28,AG,5611.0,5628.0,5535.0,5619.0,834060,400301,0.0,0.0
2023-05-04,AG,5760.0,5807.0,5740.0,5759.0,376989,409661,0.0,0.0
2023-05-05,AG,5760.0,5868.0,5754.0,5846.0,735571,427770,0.0,0.0
2023-05-08,AG,5770.0,5782.0,5706.0,5772.0,805274,387263,0.0,0.0
2023-05-09,AG,5779.0,5783.0,5730.0,5739.0,455654,361583,0.0,0.0
2023-05-10,AG,5721.0,5776.0,5704.0,5771.0,498614,358075,0.0,0.0
2023-05-11,AG,5798.0,5811.0,5653.0,5665.0,728044,340464,0.0,0.0
2023-05-12,AG,5640.0,5646.0,5416.0,5431.0,1017940,313016,0.0,0.0
2023-05-15,AG,5442.0,5491.0,5413.0,5445.0,622217,288799,0.0,0.0
2023-05-16,AG,5448.0,5476.0,5369.0,5388.0,534836,276515,0.0,0.0
2023-05-17,AG,5430.0,5444.0,5377.0,5400.0,509382,254903,0.0,0.0
2023-05-18,AG,5403.0,5435.0,5370.0,5401.0,440466,241162,0.0,0.0
2023-05-19,AG,5385.0,5451.0,5363.0,5435.0,523843,207848,0.0,0.0
2023-05-22,AG,5419.0,5494.0,5394.0,5445.0,541901,189753,0.0,0.0
2023-05-23,AG,5452.0,5472.0,5398.0,5405.0,314875,173798,0.0,0.0
2023-05-24,AG,5379.0,5456.0,5368.0,5397.0,688957,411474,0.0,0.0
2023-05-25,AG,5409.0,5418.0,5289.0,5336.0,924539,404633,0.0,0.0
2023-05-26,AG,5302.0,5337.0,5270.0,5336.0,785591,372900,0.0,0.0
2023-05-29,AG,5345.0,5403.0,5332.0,5397.0,751078,359614,0.0,0.0
2023-05-30,AG,5379.0,5387.0,5327.0,5354.0,472648,356497,0.0,0.0
2023-05-31,AG,5375.0,5474.0,5346.0,5452.0,853584,372029,0.0,0.0
2023-06-01,AG,5438.0,5501.0,5410.0,5492.0,822609,370985,0.0,0.0
2023-06-02,AG,5489.0,5585.0,5483.0,5554.0,653650,389436,0.0,0.0
2023-06-05,AG,5542.0,5558.0,5462.0,5462.0,601551,369566,0.0,0.0
2023-06-06,AG,5460.0,5521.0,5457.0,5489.0,447468,368445,0.0,0.0
2023-06-07,AG,5501.0,5528.0,5469.0,5495.0,458968,366323,0.0,0.0
2023-06-08,AG,5515.0,5593.0,5493.0,5538.0,702227,365062,0.0,0.0
2023-06-09,AG,5586.0,5717.0,5572.0,5708.0,693223,420193,0.0,0.0
2023-06-12,AG,5692.0,5739.0,5646.0,5674.0,555377,392568,0.0,0.0
2023-06-13,AG,5651.0,5708.0,5617.0,5690.0,445879,393380,0.0,0.0
2023-06-14,AG,5674.0,5704.0,5607.0,5632.0,540330,385944,0.0,0.0
2023-06-15,AG,5660.0,5684.0,5522.0,5528.0,628122,365819,0.0,0.0
2023-06-16,AG,5528.0,5629.0,5525.0,5614.0,620476,357266,0.0,0.0
2023-06-19,AG,5636.0,5662.0,5594.0,5638.0,536066,359421,0.0,0.0
2023-06-20,AG,5632.0,5645.0,5603.0,5626.0,329743,344797,0.0,0.0
2023-06-21,AG,5577.0,5581.0,5479.0,5483.0,667209,338551,0.0,0.0
2023-06-26,AG,5400.0,5465.0,5398.0,5427.0,236849,338789,0.0,0.0
2023-06-27,AG,5441.0,5489.0,5420.0,5474.0,370355,323188,0.0,0.0
2023-06-28,AG,5475.0,5498.0,5433.0,5446.0,409161,284280,0.0,0.0
2023-06-29,AG,5431.0,5476.0,5423.0,5450.0,388479,263606,0.0,0.0
2023-06-30,AG,5404.0,5470.0,5395.0,5439.0,489271,255987,0.0,0.0
2023-07-03,AG,5428.0,5525.0,5427.0,5501.0,468770,247409,0.0,0.0
2023-07-04,AG,5522.0,5530.0,5495.0,5510.0,293214,235905,0.0,0.0
2023-07-05,AG,5513.0,5531.0,5481.0,5489.0,238500,225255,0.0,0.0
2023-07-06,AG,5504.0,5574.0,5499.0,5565.0,459304,216765,0.0,0.0
2023-07-07,AG,5480.0,5510.0,5458.0,5464.0,443657,205486,0.0,0.0
2023-07-10,AG,5484.0,5549.0,5478.0,5531.0,332061,194968,0.0,0.0
2023-07-11,AG,5499.0,5585.0,5485.0,5580.0,321680,185221,0.0,0.0
2023-07-12,AG,5544.0,5565.0,5529.0,5554.0,225083,173345,0.0,0.0
2023-07-13,AG,5616.0,5744.0,5604.0,5727.0,488116,184504,0.0,0.0
2023-07-14,AG,5750.0,5820.0,5742.0,5773.0,416105,176264,0.0,0.0
2023-07-17,AG,5826.0,5842.0,5792.0,5818.0,652714,409374,0.0,0.0
2023-07-18,AG,5804.0,5865.0,5785.0,5839.0,566045,418884,0.0,0.0
2023-07-19,AG,5833.0,5946.0,5826.0,5924.0,1030207,443647,0.0,0.0
2023-07-20,AG,5950.0,5983.0,5917.0,5932.0,722886,439505,0.0,0.0
2023-07-21,AG,5917.0,5923.0,5835.0,5864.0,828744,406895,0.0,0.0
2023-07-24,AG,5849.0,5868.0,5827.0,5848.0,670759,401804,0.0,0.0
2023-07-25,AG,5834.0,5845.0,5792.0,5823.0,758352,393346,0.0,0.0
2023-07-26,AG,5829.0,5864.0,5814.0,5862.0,639871,397530,0.0,0.0
2023-07-27,AG,5845.0,5928.0,5822.0,5891.0,898317,402902,0.0,0.0
2023-07-28,AG,5864.0,5873.0,5733.0,5744.0,1066404,388284,0.0,0.0
2023-07-31,AG,5767.0,5782.0,5738.0,5745.0,636692,377021,0.0,0.0
2023-08-01,AG,5797.0,5850.0,5782.0,5817.0,586744,387832,0.0,0.0
2023-08-02,AG,5754.0,5805.0,5750.0,5774.0,589704,383729,0.0,0.0
2023-08-03,AG,5766.0,5768.0,5628.0,5632.0,788577,395883,0.0,0.0
2023-08-04,AG,5619.0,5668.0,5606.0,5616.0,584522,404429,0.0,0.0
2023-08-07,AG,5650.0,5693.0,5637.0,5649.0,521345,395832,0.0,0.0
2023-08-08,AG,5651.0,5672.0,5594.0,5614.0,462609,406353,0.0,0.0
2023-08-09,AG,5550.0,5589.0,5542.0,5582.0,460570,415971,0.0,0.0
2023-08-10,AG,5547.0,5600.0,5538.0,5554.0,480464,429689,0.0,0.0
2023-08-11,AG,5570.0,5627.0,5569.0,5606.0,613179,431464,0.0,0.0
2023-08-14,AG,5586.0,5635.0,5569.0,5596.0,486765,430367,0.0,0.0
2023-08-15,AG,5608.0,5628.0,5567.0,5620.0,485816,433930,0.0,0.0
2023-08-16,AG,5609.0,5646.0,5601.0,5638.0,534761,433951,0.0,0.0
2023-08-17,AG,5638.0,5656.0,5591.0,5629.0,466009,430628,0.0,0.0
2023-08-18,AG,5655.0,5689.0,5592.0,5599.0,619329,424849,0.0,0.0
2023-08-21,AG,5601.0,5637.0,5583.0,5622.0,474846,415398,0.0,0.0
2023-08-22,AG,5679.0,5691.0,5626.0,5687.0,541039,393706,0.0,0.0
2023-08-23,AG,5691.0,5788.0,5674.0,5779.0,567159,384645,0.0,0.0
2023-08-24,AG,5809.0,5892.0,5797.0,5842.0,666599,363297,0.0,0.0
2023-08-25,AG,5842.0,5864.0,5806.0,5823.0,455503,326532,0.0,0.0
2023-08-28,AG,5843.0,5873.0,5799.0,5839.0,555339,269653,0.0,0.0
2023-08-29,AG,5839.0,5881.0,5821.0,5856.0,387966,247583,0.0,0.0
2023-08-30,AG,5863.0,5944.0,5850.0,5927.0,510403,219930,0.0,0.0
2023-08-31,AG,5984.0,6008.0,5902.0,5912.0,469775,204606,0.0,0.0
2023-09-01,AG,5910.0,5942.0,5890.0,5932.0,310585,187735,0.0,0.0
2023-09-04,AG,5967.0,5977.0,5852.0,5883.0,422786,177819,0.0,0.0
2023-09-05,AG,5871.0,5874.0,5819.0,5829.0,188983,168645,0.0,0.0
2023-09-06,AG,5851.0,5862.0,5811.0,5820.0,405473,504930,0.0,0.0
2023-09-07,AG,5792.0,5808.0,5752.0,5756.0,527828,512974,0.0,0.0
2023-09-08,AG,5730.0,5802.0,5730.0,5777.0,490208,530552,0.0,0.0
2023-09-11,AG,5748.0,5824.0,5743.0,5821.0,525214,554021,0.0,0.0
2023-09-12,AG,5815.0,5842.0,5783.0,5801.0,427204,546670,0.0,0.0
2023-09-13,AG,5795.0,5835.0,5783.0,5814.0,478288,547997,0.0,0.0
2023-09-14,AG,5817.0,5952.0,5816.0,5920.0,888978,593395,0.0,0.0
2023-09-15,AG,5916.0,6030.0,5861.0,5922.0,1165041,618820,0.0,0.0
2023-09-18,AG,5908.0,5931.0,5810.0,5834.0,749579,583235,0.0,0.0
2023-09-19,AG,5823.0,5900.0,5812.0,5870.0,420561,578303,0.0,0.0
2023-09-20,AG,5887.0,5918.0,5858.0,5915.0,398165,584020,0.0,0.0
2023-09-21,AG,5928.0,5956.0,5845.0,5885.0,575405,572666,0.0,0.0
2023-09-22,AG,5826.0,5966.0,5826.0,5963.0,690958,602297,0.0,0.0
2023-09-25,AG,5963.0,5984.0,5922.0,5942.0,499610,587121,0.0,0.0
2023-09-26,AG,5928.0,5941.0,5835.0,5837.0,518935,553454,0.0,0.0
2023-09-27,AG,5860.0,5877.0,5800.0,5839.0,454794,534134,0.0,0.0
2023-09-28,AG,5816.0,5824.0,5760.0,5775.0,527629,521712,0.0,0.0
2023-10-09,AG,5689.0,5735.0,5633.0,5657.0,313295,535460,0.0,0.0
2023-10-10,AG,5640.0,5705.0,5624.0,5631.0,460626,545620,0.0,0.0
2023-10-11,AG,5640.0,5653.0,5594.0,5644.0,464396,530096,0.0,0.0
2023-10-12,AG,5660.0,5697.0,5637.0,5697.0,406082,526673,0.0,0.0
2023-10-13,AG,5680.0,5716.0,5651.0,5714.0,435690,524986,0.0,0.0
2023-10-16,AG,5801.0,5841.0,5766.0,5813.0,654106,508667,0.0,0.0
2023-10-17,AG,5819.0,5832.0,5777.0,5793.0,365517,484680,0.0,0.0
2023-10-18,AG,5820.0,5873.0,5803.0,5855.0,506123,481075,0.0,0.0
2023-10-19,AG,5872.0,5878.0,5795.0,5835.0,513766,467638,0.0,0.0
2023-10-20,AG,5829.0,5862.0,5788.0,5831.0,582239,457510,0.0,0.0
2023-10-23,AG,5848.0,5904.0,5809.0,5840.0,704280,434386,0.0,0.0
2023-10-24,AG,5824.0,5846.0,5797.0,5837.0,401026,419915,0.0,0.0
2023-10-25,AG,5803.0,5832.0,5793.0,5812.0,392808,408353,0.0,0.0
2023-10-26,AG,5800.0,5853.0,5788.0,5849.0,518015,404746,0.0,0.0
2023-10-27,AG,5820.0,5865.0,5797.0,5861.0,525204,400540,0.0,0.0
2023-10-30,AG,5835.0,5903.0,5823.0,5870.0,474874,371189,0.0,0.0
2023-10-31,AG,5916.0,5928.0,5850.0,5862.0,429116,354152,0.0,0.0
2023-11-01,AG,5842.0,5888.0,5752.0,5762.0,492483,329689,0.0,0.0
2023-11-02,AG,5782.0,5830.0,5761.0,5821.0,402332,307775,0.0,0.0
2023-11-03,AG,5819.0,5832.0,5784.0,5800.0,307490,300155,0.0,0.0
2023-11-06,AG,5850.0,5885.0,5830.0,5856.0,453466,273105,0.0,0.0
2023-11-07,AG,5876.0,5881.0,5820.0,5828.0,519380,416519,0.0,0.0
2023-11-08,AG,5783.0,5794.0,5726.0,5753.0,751764,445943,0.0,0.0
2023-11-09,AG,5747.0,5794.0,5717.0,5731.0,793738,453960,0.0,0.0
2023-11-10,AG,5743.0,5810.0,5733.0,5779.0,843615,437815,0.0,0.0
2023-11-13,AG,5755.0,5772.0,5661.0,5688.0,947067,459708,0.0,0.0
2023-11-14,AG,5686.0,5741.0,5653.0,5733.0,711418,452314,0.0,0.0
2023-11-15,AG,5738.0,5885.0,5730.0,5883.0,1028302,469286,0.0,0.0
2023-11-16,AG,5903.0,5906.0,5849.0,5895.0,908240,481470,0.0,0.0
2023-11-17,AG,5896.0,5944.0,5882.0,5912.0,1092823,517577,0.0,0.0
2023-11-20,AG,5940.0,5940.0,5860.0,5868.0,846816,500990,0.0,0.0
2023-11-21,AG,5838.0,5878.0,5816.0,5875.0,841583,486628,0.0,0.0
2023-11-22,AG,5855.0,5916.0,5855.0,5891.0,830459,493146,0.0,0.0
2023-11-23,AG,5897.0,5904.0,5844.0,5877.0,833145,483511,0.0,0.0
2023-11-24,AG,5871.0,5892.0,5859.0,5872.0,443618,464359,0.0,0.0
2023-11-27,AG,5870.0,6279.0,5867.0,6111.0,1659755,557758,0.0,0.0
2023-11-28,AG,6125.0,6194.0,6087.0,6137.0,995751,557195,0.0,0.0
2023-11-29,AG,6140.0,6246.0,6111.0,6123.0,1188944,546249,0.0,0.0
2023-11-30,AG,6136.0,6191.0,6112.0,6170.0,962303,554982,0.0,0.0
2023-12-01,AG,6165.0,6236.0,6136.0,6178.0,673652,547065,0.0,0.0
2023-12-04,AG,6158.0,6343.0,6141.0,6209.0,931781,545220,0.0,0.0
2023-12-05,AG,6183.0,6220.0,5987.0,6006.0,1068705,462628,0.0,0.0
2023-12-06,AG,5985.0,6036.0,5952.0,5994.0,771688,443580,0.0,0.0
2023-12-07,AG,5980.0,6030.0,5931.0,5969.0,637227,441926,0.0,0.0
2023-12-08,AG,5980.0,6012.0,5937.0,6012.0,559368,439730,0.0,0.0
2023-12-11,AG,5999.0,6009.0,5834.0,5866.0,862899,423352,0.0,0.0
2023-12-12,AG,5856.0,5878.0,5816.0,5869.0,441856,426644,0.0,0.0
2023-12-13,AG,5869.0,5895.0,5803.0,5827.0,560516,426048,0.0,0.0
2023-12-14,AG,5837.0,6042.0,5808.0,6014.0,632861,419471,0.0,0.0
2023-12-15,AG,6051.0,6055.0,6006.0,6011.0,516726,402360,0.0,0.0
2023-12-18,AG,6019.0,6042.0,5962.0,6002.0,492437,385477,0.0,0.0
2023-12-19,AG,6002.0,6007.0,5972.0,5999.0,314669,384239,0.0,0.0
2023-12-20,AG,6013.0,6042.0,6002.0,6028.0,393514,388647,0.0,0.0
2023-12-21,AG,6020.0,6087.0,6004.0,6068.0,520536,381625,0.0,0.0
2023-12-22,AG,6056.0,6124.0,6039.0,6090.0,519624,379962,0.0,0.0
2023-12-25,AG,6088.0,6131.0,6039.0,6066.0,498391,365682,0.0,0.0
2023-12-26,AG,6067.0,6111.0,6053.0,6106.0,222982,367316,0.0,0.0
2023-12-27,AG,6096.0,6113.0,6055.0,6090.0,337719,358084,0.0,0.0
2023-12-28,AG,6079.0,6123.0,6051.0,6067.0,475657,321809,0.0,0.0
2023-12-29,AG,6062.0,6074.0,5945.0,5976.0,471554,299396,0.0,0.0
2024-01-02,AG,5972.0,6045.0,5963.0,6036.0,148856,289206,0.0,0.0
2024-01-03,AG,6010.0,6036.0,5968.0,5976.0,292811,280557,0.0,0.0
2024-01-04,AG,5927.0,5939.0,5853.0,5862.0,392553,290399,0.0,0.0
2024-01-05,AG,5863.0,5920.0,5828.0,5894.0,314759,271672,0.0,0.0
2024-01-08,AG,5888.0,5951.0,5844.0,5894.0,421032,257583,0.0,0.0
2024-01-09,AG,5879.0,5922.0,5867.0,5903.0,232868,249238,0.0,0.0
2024-01-10,AG,5910.0,5936.0,5870.0,5876.0,224977,241004,0.0,0.0
2024-01-11,AG,5888.0,5914.0,5877.0,5903.0,204439,234268,0.0,0.0
2024-01-12,AG,5910.0,5951.0,5829.0,5895.0,424975,221189,0.0,0.0
2024-01-15,AG,5924.0,5995.0,5917.0,5980.0,337184,208338,0.0,0.0
2024-01-16,AG,5971.0,5979.0,5942.0,5956.0,126631,190318,0.0,0.0
2024-01-17,AG,5949.0,5971.0,5899.0,5901.0,214517,171862,0.0,0.0
2024-01-18,AG,5924.0,5930.0,5866.0,5908.0,310406,399236,0.0,0.0
2024-01-19,AG,5902.0,5928.0,5873.0,5913.0,273379,411179,0.0,0.0
2024-01-22,AG,5921.0,5933.0,5751.0,5753.0,519980,462160,0.0,0.0
2024-01-23,AG,5779.0,5819.0,5743.0,5814.0,423401,462431,0.0,0.0
2024-01-24,AG,5807.0,5850.0,5797.0,5847.0,304836,464178,0.0,0.0
2024-01-25,AG,5890.0,5905.0,5858.0,5885.0,390250,461147,0.0,0.0
2024-01-26,AG,5890.0,5918.0,5870.0,5911.0,329306,459968,0.0,0.0
2024-01-29,AG,5906.0,5936.0,5877.0,5930.0,334406,470626,0.0,0.0
2024-01-30,AG,5939.0,5977.0,5905.0,5968.0,329647,476490,0.0,0.0
2024-01-31,AG,5956.0,5982.0,5936.0,5946.0,347442,479640,0.0,0.0
2024-02-01,AG,5957.0,5978.0,5913.0,5923.0,351377,478832,0.0,0.0
2024-02-02,AG,5889.0,5956.0,5852.0,5943.0,567531,484700,0.0,0.0
2024-02-05,AG,5943.0,5951.0,5842.0,5856.0,566088,490752,0.0,0.0
2024-02-06,AG,5839.0,5855.0,5813.0,5824.0,336477,489319,0.0,0.0
2024-02-07,AG,5816.0,5840.0,5768.0,5782.0,321494,480701,0.0,0.0
2024-02-08,AG,5786.0,5833.0,5778.0,5825.0,283710,461876,0.0,0.0
2024-02-19,AG,5988.0,5992.0,5930.0,5951.0,227231,448834,0.0,0.0
2024-02-20,AG,5949.0,5952.0,5922.0,5927.0,206221,458730,0.0,0.0
2024-02-21,AG,5950.0,5957.0,5931.0,5946.0,264109,464304,0.0,0.0
2024-02-22,AG,5941.0,5951.0,5906.0,5934.0,268724,469211,0.0,0.0
2024-02-23,AG,5936.0,5940.0,5870.0,5882.0,343401,476853,0.0,0.0
2024-02-26,AG,5901.0,5941.0,5881.0,5908.0,375350,473670,0.0,0.0
2024-02-27,AG,5868.0,5885.0,5857.0,5879.0,300624,492310,0.0,0.0
2024-02-28,AG,5888.0,5898.0,5848.0,5857.0,306399,517882,0.0,0.0
2024-02-29,AG,5850.0,5880.0,5848.0,5874.0,231977,528596,0.0,0.0
2024-03-01,AG,5850.0,5923.0,5843.0,5914.0,462134,531662,0.0,0.0
2024-03-04,AG,5914.0,6000.0,5891.0,5984.0,632286,558993,0.0,0.0
2024-03-05,AG,5989.0,6119.0,5984.0,6110.0,858618,594979,0.0,0.0
2024-03-06,AG,6124.0,6182.0,6082.0,6104.0,799933,588854,0.0,0.0
2024-03-07,AG,6120.0,6178.0,6105.0,6141.0,689646,595415,0.0,0.0
2024-03-08,AG,6152.0,6179.0,6124.0,6163.0,539456,596001,0.0,0.0
2024-03-11,AG,6166.0,6190.0,6114.0,6157.0,781039,593045,0.0,0.0
2024-03-12,AG,6161.0,6180.0,6145.0,6155.0,366586,601348,0.0,0.0
2024-03-13,AG,6155.0,6157.0,6104.0,6146.0,512523,603725,0.0,0.0
2024-03-14,AG,6176.0,6349.0,6166.0,6287.0,994770,638680,0.0,0.0
2024-03-15,AG,6280.0,6387.0,6247.0,6344.0,711923,646558,0.0,0.0
2024-03-18,AG,6345.0,6424.0,6304.0,6328.0,912764,640340,0.0,0.0
2024-03-19,AG,6364.0,6382.0,6291.0,6305.0,514436,625329,0.0,0.0
2024-03-20,AG,6306.0,6341.0,6270.0,6329.0,426573,632350,0.0,0.0
2024-03-21,AG,6303.0,6511.0,6299.0,6499.0,801060,649809,0.0,0.0
2024-03-22,AG,6450.0,6466.0,6296.0,6316.0,932695,589476,0.0,0.0
2024-03-25,AG,6346.0,6419.0,6331.0,6353.0,767346,583351,0.0,0.0
2024-03-26,AG,6372.0,6393.0,6342.0,6350.0,390748,582650,0.0,0.0
2024-03-27,AG,6376.0,6406.0,6307.0,6346.0,543521,570862,0.0,0.0
2024-03-28,AG,6348.0,6388.0,6330.0,6385.0,501859,570225,0.0,0.0
2024-03-29,AG,6398.0,6494.0,6355.0,6471.0,797370,572723,0.0,0.0
2024-04-01,AG,6480.0,6532.0,6442.0,6495.0,454272,569358,0.0,0.0
2024-04-02,AG,6480.0,6566.0,6410.0,6562.0,783877,587109,0.0,0.0
2024-04-03,AG,6590.0,6798.0,6541.0,6791.0,1358294,602583,0.0,0.0
2024-04-08,AG,6879.0,7128.0,6802.0,7128.0,1046959,604529,0.0,0.0
2024-04-09,AG,7101.0,7284.0,7007.0,7170.0,2246670,608128,0.0,0.0
2024-04-10,AG,7223.0,7271.0,7135.0,7204.0,1999764,601012,0.0,0.0
2024-04-11,AG,7177.0,7261.0,7088.0,7164.0,2207334,589050,0.0,0.0
2024-04-12,AG,7192.0,7479.0,7146.0,7472.0,1980210,641801,0.0,0.0
2024-04-15,AG,7497.0,7790.0,7303.0,7436.0,4756248,591936,0.0,0.0
2024-04-16,AG,7490.0,7508.0,7320.0,7368.0,2717032,560118,0.0,0.0
2024-04-17,AG,7361.0,7415.0,7296.0,7389.0,2166222,553459,0.0,0.0
2024-04-18,AG,7403.0,7500.0,7313.0,7440.0,1739582,584990,0.0,0.0
2024-04-19,AG,7447.0,7546.0,7334.0,7418.0,1627442,551686,0.0,0.0
2024-04-22,AG,7390.0,7471.0,7157.0,7178.0,1418627,510033,0.0,0.0
2024-04-23,AG,7104.0,7149.0,6955.0,6989.0,1331511,464089,0.0,0.0
2024-04-24,AG,7012.0,7145.0,6997.0,7106.0,921818,436980,0.0,0.0
2024-04-25,AG,7106.0,7116.0,7001.0,7086.0,729494,412993,0.0,0.0
2024-04-26,AG,7131.0,7180.0,7054.0,7173.0,789584,403403,0.0,0.0
2024-04-29,AG,7148.0,7178.0,7032.0,7089.0,733568,373222,0.0,0.0
2024-04-30,AG,7082.0,7111.0,6972.0,7011.0,575164,335518,0.0,0.0
2024-05-06,AG,6928.0,7072.0,6926.0,7058.0,231457,333266,0.0,0.0
2024-05-07,AG,7090.0,7168.0,7083.0,7097.0,479476,325251,0.0,0.0
2024-05-08,AG,7112.0,7146.0,7048.0,7108.0,395454,294412,0.0,0.0
2024-05-09,AG,7108.0,7196.0,7079.0,7159.0,400964,291073,0.0,0.0
2024-05-10,AG,7217.0,7416.0,7150.0,7414.0,663631,292443,0.0,0.0
2024-05-13,AG,7367.0,7387.0,7251.0,7305.0,521272,261796,0.0,0.0
2024-05-14,AG,7340.0,7369.0,7267.0,7313.0,315637,238252,0.0,0.0
2024-05-15,AG,7369.0,7414.0,7339.0,7380.0,583529,337720,0.0,0.0
2024-05-16,AG,7474.0,7661.0,7368.0,7581.0,1432080,391353,0.0,0.0
2024-05-17,AG,7583.0,7649.0,7555.0,7649.0,832369,394733,0.0,0.0
2024-05-20,AG,7764.0,8211.0,7748.0,8211.0,1586066,434760,0.0,0.0
2024-05-21,AG,8105.0,8733.0,8092.0,8231.0,3348747,425318,0.0,0.0
2024-05-22,AG,8300.0,8506.0,8231.0,8343.0,2653457,443200,0.0,0.0
2024-05-23,AG,8315.0,8328.0,7863.0,7954.0,2433207,413251,0.0,0.0
2024-05-24,AG,7990.0,8075.0,7836.0,7994.0,2016565,400735,0.0,0.0
2024-05-27,AG,8000.0,8156.0,7927.0,8081.0,1444656,415004,0.0,0.0
2024-05-28,AG,8130.0,8445.0,8124.0,8286.0,2399913,465101,0.0,0.0
2024-05-29,AG,8363.0,8547.0,8291.0,8539.0,2830453,481611,0.0,0.0
2024-05-30,AG,8400.0,8522.0,8186.0,8270.0,2240753,462637,0.0,0.0
2024-05-31,AG,8230.0,8377.0,8110.0,8232.0,1944600,436217,0.0,0.0
2024-06-03,AG,8338.0,8388.0,7822.0,7957.0,2774068,388913,0.0,0.0
2024-06-04,AG,8050.0,8119.0,7938.0,8086.0,1583713,391039,0.0,0.0
2024-06-05,AG,7900.0,7928.0,7728.0,7776.0,1761979,379321,0.0,0.0
2024-06-06,AG,7810.0,8083.0,7758.0,8036.0,1731678,385745,0.0,0.0
2024-06-07,AG,7982.0,8332.0,7963.0,8221.0,2104715,402366,0.0,0.0
2024-06-11,AG,7845.0,7850.0,7653.0,7680.0,811926,383255,0.0,0.0
2024-06-12,AG,7739.0,7792.0,7678.0,7762.0,981070,388378,0.0,0.0
2024-06-13,AG,7900.0,7976.0,7581.0,7744.0,1828905,389582,0.0,0.0
2024-06-14,AG,7750.0,7763.0,7560.0,7675.0,1441175,383540,0.0,0.0
2024-06-17,AG,7708.0,7805.0,7657.0,7680.0,1291785,374427,0.0,0.0
2024-06-18,AG,7720.0,7825.0,7683.0,7752.0,1091953,380857,0.0,0.0
2024-06-19,AG,7661.0,7819.0,7656.0,7772.0,1082493,388573,0.0,0.0
2024-06-20,AG,7778.0,8066.0,7775.0,8015.0,1278410,397642,0.0,0.0
2024-06-21,AG,7990.0,8185.0,7982.0,8036.0,1414526,388719,0.0,0.0
2024-06-24,AG,7991.0,8044.0,7776.0,7821.0,1421488,359680,0.0,0.0
2024-06-25,AG,7830.0,7875.0,7754.0,7830.0,854728,348959,0.0,0.0
2024-06-26,AG,7830.0,7830.0,7603.0,7672.0,1165052,327136,0.0,0.0
2024-06-27,AG,7655.0,7668.0,7571.0,7629.0,939655,322299,0.0,0.0
2024-06-28,AG,7720.0,7770.0,7633.0,7761.0,1011908,313962,0.0,0.0
2024-07-01,AG,7827.0,7856.0,7675.0,7728.0,908048,305631,0.0,0.0
2024-07-02,AG,7750.0,7819.0,7738.0,7795.0,682001,301314,0.0,0.0
2024-07-03,AG,7835.0,7968.0,7785.0,7966.0,1066910,315658,0.0,0.0
2024-07-04,AG,8089.0,8113.0,7979.0,8010.0,1018847,302362,0.0,0.0
2024-07-05,AG,8000.0,8117.0,7998.0,8086.0,726072,291172,0.0,0.0
2024-07-08,AG,8125.0,8304.0,8088.0,8126.0,1538071,278236,0.0,0.0
2024-07-09,AG,8160.0,8193.0,8015.0,8164.0,967576,271089,0.0,0.0
2024-07-10,AG,8135.0,8185.0,8036.0,8128.0,1090288,265243,0.0,0.0
2024-07-11,AG,8160.0,8207.0,8075.0,8184.0,894583,261518,0.0,0.0
2024-07-12,AG,8317.0,8333.0,8058.0,8080.0,1313263,246413,0.0,0.0
2024-07-15,AG,8013.0,8152.0,8010.0,8048.0,873991,228025,0.0,0.0
2024-07-16,AG,8054.0,8135.0,8025.0,8108.0,742892,224138,0.0,0.0
2024-07-17,AG,8063.0,8231.0,8050.0,8082.0,1130812,220184,0.0,0.0
2024-07-18,AG,8096.0,8124.0,7876.0,7974.0,1032533,206553,0.0,0.0
2024-07-19,AG,7939.0,7950.0,7653.0,7679.0,987800,195141,0.0,0.0
2024-07-22,AG,7618.0,7708.0,7574.0,7602.0,768570,191672,0.0,0.0
2024-07-23,AG,7547.0,7695.0,7525.0,7536.0,681012,179329,0.0,0.0
2024-07-24,AG,7606.0,7691.0,7576.0,7688.0,603785,151270,0.0,0.0
2024-07-25,AG,7698.0,7712.0,7192.0,7220.0,967954,145670,0.0,0.0
2024-07-26,AG,7160.0,7298.0,7143.0,7234.0,614829,110974,0.0,0.0
2024-07-29,AG,7295.0,7369.0,7236.0,7337.0,744019,384639,0.0,0.0
2024-07-30,AG,7340.0,7348.0,7139.0,7301.0,1060071,398999,0.0,0.0
2024-07-31,AG,7274.0,7514.0,7251.0,7467.0,1190560,417610,0.0,0.0
2024-08-01,AG,7480.0,7582.0,7451.0,7524.0,1049306,412982,0.0,0.0
2024-08-02,AG,7545.0,7570.0,7317.0,7498.0,1494910,410078,0.0,0.0
2024-08-05,AG,7535.0,7538.0,7185.0,7249.0,2403431,435512,0.0,0.0
2024-08-06,AG,6934.0,7113.0,6835.0,6907.0,1882196,442232,0.0,0.0
2024-08-07,AG,6883.0,7014.0,6883.0,6954.0,1381610,437628,0.0,0.0
2024-08-08,AG,6978.0,7008.0,6885.0,6929.0,1276448,428590,0.0,0.0
2024-08-09,AG,6952.0,7168.0,6940.0,7079.0,1538809,429095,0.0,0.0
2024-08-12,AG,7088.0,7199.0,7016.0,7197.0,1354909,430945,0.0,0.0
2024-08-13,AG,7205.0,7245.0,7130.0,7152.0,1128704,430679,0.0,0.0
2024-08-14,AG,7147.0,7209.0,7063.0,7159.0,1175279,425790,0.0,0.0
2024-08-15,AG,7147.0,7197.0,6967.0,7194.0,1544054,452151,0.0,0.0
2024-08-16,AG,7205.0,7349.0,7148.0,7286.0,1604655,444983,0.0,0.0
2024-08-19,AG,7318.0,7476.0,7255.0,7449.0,1579250,456769,0.0,0.0
2024-08-20,AG,7430.0,7566.0,7406.0,7554.0,1258724,474386,0.0,0.0
2024-08-21,AG,7620.0,7648.0,7495.0,7562.0,1312677,468785,0.0,0.0
2024-08-22,AG,7574.0,7596.0,7475.0,7512.0,1248813,469530,0.0,0.0
2024-08-23,AG,7553.0,7574.0,7388.0,7493.0,1407539,472273,0.0,0.0
2024-08-26,AG,7508.0,7678.0,7457.0,7676.0,1775958,489696,0.0,0.0
2024-08-27,AG,7658.0,7686.0,7604.0,7657.0,998590,475315,0.0,0.0
2024-08-28,AG,7640.0,7679.0,7501.0,7527.0,1220437,483243,0.0,0.0
2024-08-29,AG,7500.0,7567.0,7437.0,7537.0,1038083,476902,0.0,0.0
2024-08-30,AG,7507.0,7558.0,7454.0,7503.0,1130650,469866,0.0,0.0
2024-09-02,AG,7500.0,7500.0,7215.0,7223.0,1494276,478702,0.0,0.0
2024-09-03,AG,7268.0,7279.0,7184.0,7224.0,803606,472839,0.0,0.0
2024-09-04,AG,7211.0,7227.0,7065.0,7065.0,1144780,487513,0.0,0.0
2024-09-05,AG,7120.0,7175.0,7082.0,7104.0,955642,492972,0.0,0.0
2024-09-06,AG,7198.0,7278.0,7162.0,7245.0,1143682,479159,0.0,0.0
2024-09-09,AG,7260.0,7265.0,6884.0,6977.0,1971643,499827,0.0,0.0
2024-09-10,AG,7006.0,7062.0,6949.0,7055.0,1084221,505043,0.0,0.0
2024-09-11,AG,7075.0,7179.0,6941.0,7177.0,1258139,499151,0.0,0.0
2024-09-12,AG,7109.0,7187.0,7023.0,7157.0,1374324,486857,0.0,0.0
2024-09-13,AG,7220.0,7430.0,7186.0,7424.0,1489627,476615,0.0,0.0
2024-09-18,AG,7527.0,7530.0,7404.0,7449.0,474712,473193,0.0,0.0
2024-09-19,AG,7455.0,7519.0,7255.0,7482.0,1559003,483581,0.0,0.0
2024-09-20,AG,7486.0,7569.0,7428.0,7548.0,1238110,496525,0.0,0.0
2024-09-23,AG,7595.0,7596.0,7430.0,7483.0,1441599,486757,0.0,0.0
2024-09-24,AG,7460.0,7635.0,7415.0,7545.0,1383152,465982,0.0,0.0
2024-09-25,AG,7545.0,7929.0,7532.0,7782.0,1987132,492732,0.0,0.0
2024-09-26,AG,7791.0,7897.0,7766.0,7857.0,1331965,485738,0.0,0.0
2024-09-27,AG,7904.0,7958.0,7795.0,7865.0,1562036,466236,0.0,0.0
2024-09-30,AG,7902.0,7944.0,7704.0,7793.0,1608713,430965,0.0,0.0
2024-10-08,AG,7826.0,7898.0,7663.0,7672.0,740834,430606,0.0,0.0
2024-10-09,AG,7680.0,7732.0,7448.0,7496.0,1313189,421407,0.0,0.0
2024-10-10,AG,7496.0,7584.0,7427.0,7527.0,1098254,418578,0.0,0.0
2024-10-11,AG,7560.0,7741.0,7539.0,7686.0,1108823,417805,0.0,0.0
2024-10-14,AG,7700.0,7834.0,7644.0,7784.0,1063872,416770,0.0,0.0
2024-10-15,AG,7724.0,7780.0,7623.0,7711.0,966085,411387,0.0,0.0
2024-10-16,AG,7674.0,7899.0,7673.0,7889.0,1125200,432568,0.0,0.0
2024-10-17,AG,7910.0,8015.0,7773.0,7814.0,1458740,422537,0.0,0.0
2024-10-18,AG,7850.0,7998.0,7750.0,7896.0,1634516,425539,0.0,0.0
2024-10-21,AG,7971.0,8378.0,7931.0,8343.0,1995674,487458,0.0,0.0
2024-10-22,AG,8368.0,8415.0,8198.0,8333.0,1488412,472889,0.0,0.0
2024-10-23,AG,8394.0,8443.0,8306.0,8350.0,1448155,445746,0.0,0.0
2024-10-24,AG,8290.0,8293.0,8092.0,8230.0,1557933,394511,0.0,0.0
2024-10-25,AG,8224.0,8273.0,8081.0,8140.0,1351214,379475,0.0,0.0
2024-10-28,AG,8131.0,8243.0,8088.0,8213.0,1234584,381598,0.0,0.0
2024-10-29,AG,8194.0,8326.0,8175.0,8279.0,946831,407220,0.0,0.0
2024-10-30,AG,8300.0,8373.0,8252.0,8319.0,887765,384199,0.0,0.0
2024-10-31,AG,8266.0,8284.0,8116.0,8148.0,889705,366028,0.0,0.0
2024-11-01,AG,8100.0,8108.0,7935.0,7964.0,821276,344236,0.0,0.0
2024-11-04,AG,8006.0,8074.0,7903.0,8006.0,766734,325963,0.0,0.0
2024-11-05,AG,8012.0,8025.0,7922.0,7993.0,518967,319237,0.0,0.0
2024-11-06,AG,7996.0,8081.0,7735.0,7780.0,851459,325655,0.0,0.0
2024-11-07,AG,7754.0,7780.0,7623.0,7699.0,762301,309761,0.0,0.0
2024-11-08,AG,7735.0,7858.0,7733.0,7760.0,575857,286218,0.0,0.0
2024-11-11,AG,7762.0,7888.0,7745.0,7800.0,565545,277373,0.0,0.0
2024-11-12,AG,7760.0,7761.0,7547.0,7581.0,510450,260612,0.0,0.0
2024-11-13,AG,7628.0,7746.0,7623.0,7707.0,571310,268966,0.0,0.0
2024-11-14,AG,7705.0,7780.0,7476.0,7504.0,1092578,298369,0.0,0.0
2024-11-15,AG,7511.0,7650.0,7503.0,7591.0,944782,302550,0.0,0.0
2024-11-18,AG,7654.0,7701.0,7562.0,7688.0,1167551,318063,0.0,0.0
2024-11-19,AG,7719.0,7856.0,7709.0,7817.0,976379,326946,0.0,0.0
2024-11-20,AG,7850.0,7854.0,7737.0,7761.0,1035688,330558,0.0,0.0
2024-11-21,AG,7765.0,7841.0,7724.0,7840.0,1091451,343723,0.0,0.0
2024-11-22,AG,7801.0,7830.0,7714.0,7804.0,1430042,343438,0.0,0.0
2024-11-25,AG,7852.0,7875.0,7611.0,7657.0,1643181,367546,0.0,0.0
2024-11-26,AG,7665.0,7687.0,7562.0,7602.0,1197117,362940,0.0,0.0
2024-11-27,AG,7659.0,7678.0,7585.0,7674.0,1112222,353244,0.0,0.0
2024-11-28,AG,7631.0,7677.0,7460.0,7532.0,1507500,376608,0.0,0.0
2024-11-29,AG,7569.0,7717.0,7540.0,7697.0,1083507,371248,0.0,0.0
2024-12-02,AG,7718.0,7748.0,7574.0,7596.0,1016719,362418,0.0,0.0
2024-12-03,AG,7633.0,7816.0,7620.0,7804.0,841386,377283,0.0,0.0
2024-12-04,AG,7788.0,7853.0,7768.0,7814.0,813342,372976,0.0,0.0
2024-12-05,AG,7738.0,7910.0,7720.0,7832.0,1006251,375637,0.0,0.0
2024-12-06,AG,7858.0,7874.0,7735.0,7823.0,879193,371657,0.0,0.0
2024-12-09,AG,7799.0,7848.0,7710.0,7795.0,1183336,344056,0.0,0.0
2024-12-10,AG,7920.0,7996.0,7894.0,7924.0,883754,353809,0.0,0.0
2024-12-11,AG,7940.0,7988.0,7879.0,7914.0,665416,357708,0.0,0.0
2024-12-12,AG,7930.0,8029.0,7885.0,8014.0,736240,374828,0.0,0.0
2024-12-13,AG,7938.0,7976.0,7768.0,7795.0,1004920,354232,0.0,0.0
2024-12-16,AG,7773.0,7793.0,7682.0,7736.0,693294,341256,0.0,0.0
2024-12-17,AG,7751.0,7778.0,7711.0,7717.0,476873,334736,0.0,0.0
2024-12-18,AG,7684.0,7744.0,7654.0,7701.0,568351,330584,0.0,0.0
2024-12-19,AG,7699.0,7709.0,7452.0,7505.0,820669,341927,0.0,0.0
2024-12-20,AG,7461.0,7480.0,7365.0,7444.0,784625,347725,0.0,0.0
2024-12-23,AG,7406.0,7596.0,7404.0,7583.0,782568,313892,0.0,0.0
2024-12-24,AG,7564.0,7594.0,7521.0,7580.0,458809,300376,0.0,0.0
2024-12-25,AG,7548.0,7624.0,7542.0,7582.0,424189,270959,0.0,0.0
2024-12-26,AG,7589.0,7668.0,7555.0,7583.0,335552,267087,0.0,0.0
2024-12-27,AG,7604.0,7638.0,7557.0,7601.0,462752,249409,0.0,0.0
2024-12-30,AG,7562.0,7588.0,7496.0,7560.0,570759,241938,0.0,0.0
2024-12-31,AG,7572.0,7578.0,7452.0,7470.0,497820,236268,0.0,0.0
2025-01-02,AG,7506.0,7627.0,7502.0,7614.0,260072,221998,0.0,0.0
2025-01-03,AG,7631.0,7678.0,7596.0,7637.0,440188,211062,0.0,0.0
2025-01-06,AG,7684.0,7715.0,7595.0,7611.0,523396,199581,0.0,0.0
2025-01-07,AG,7770.0,7778.0,7619.0,7733.0,656966,192811,0.0,0.0
2025-01-08,AG,7788.0,7797.0,7723.0,7759.0,295994,197677,0.0,0.0
2025-01-09,AG,7749.0,7794.0,7710.0,7774.0,358152,206996,0.0,0.0
2025-01-10,AG,7817.0,7830.0,7761.0,7824.0,298461,216283,0.0,0.0
2025-01-13,AG,7832.0,7866.0,7698.0,7788.0,591524,221122,0.0,0.0
2025-01-14,AG,7670.0,7696.0,7589.0,7608.0,619156,261148,0.0,0.0
2025-01-15,AG,7605.0,7691.0,7600.0,7689.0,582146,260755,0.0,0.0
2025-01-16,AG,7699.0,7884.0,7683.0,7872.0,866528,289443,0.0,0.0
2025-01-17,AG,7853.0,7924.0,7804.0,7833.0,722584,292208,0.0,0.0
2025-01-20,AG,7820.0,7824.0,7702.0,7770.0,789980,276277,0.0,0.0
2025-01-21,AG,7728.0,7822.0,7688.0,7783.0,820021,288342,0.0,0.0
2025-01-22,AG,7770.0,7865.0,7746.0,7812.0,733675,303437,0.0,0.0
2025-01-23,AG,7803.0,7819.0,7717.0,7720.0,702753,302681,0.0,0.0
2025-01-24,AG,7667.0,7794.0,7607.0,7778.0,868528,289666,0.0,0.0
2025-01-27,AG,7786.0,7826.0,7640.0,7687.0,736463,278433,0.0,0.0
2025-02-05,AG,8069.0,8125.0,8001.0,8107.0,432032,315547,0.0,0.0
2025-02-06,AG,8120.0,8121.0,8035.0,8042.0,497965,325769,0.0,0.0
2025-02-07,AG,8040.0,8091.0,7977.0,8055.0,526165,328149,0.0,0.0
2025-02-10,AG,8055.0,8146.0,8006.0,8062.0,903108,333012,0.0,0.0
2025-02-11,AG,8085.0,8105.0,7925.0,7972.0,801858,334145,0.0,0.0
2025-02-12,AG,7916.0,7995.0,7839.0,7967.0,700031,330836,0.0,0.0
2025-02-13,AG,7940.0,8055.0,7899.0,8028.0,678940,349099,0.0,0.0
2025-02-14,AG,8028.0,8263.0,7975.0,8254.0,894058,399863,0.0,0.0
2025-02-17,AG,8262.0,8286.0,7960.0,8016.0,1332445,343311,0.0,0.0
2025-02-18,AG,8016.0,8105.0,7990.0,8077.0,551463,341302,0.0,0.0
2025-02-19,AG,8089.0,8159.0,8061.0,8132.0,687386,346644,0.0,0.0
2025-02-20,AG,8136.0,8166.0,8063.0,8147.0,658101,345769,0.0,0.0
2025-02-21,AG,8163.0,8187.0,8066.0,8102.0,832367,331854,0.0,0.0
2025-02-24,AG,8096.0,8137.0,8008.0,8087.0,800695,315263,0.0,0.0
2025-02-25,AG,8072.0,8093.0,7984.0,8017.0,647022,304928,0.0,0.0
2025-02-26,AG,7950.0,8004.0,7864.0,7904.0,783725,273871,0.0,0.0
2025-02-27,AG,7923.0,7949.0,7862.0,7900.0,534895,259346,0.0,0.0
2025-02-28,AG,7950.0,7965.0,7845.0,7869.0,200686,288417,0.0,0.0
2025-03-03,AG,7858.0,7934.0,7822.0,7907.0,188556,292297,0.0,0.0
2025-03-04,AG,7978.0,7994.0,7924.0,7956.0,172136,288953,0.0,0.0
2025-03-05,AG,8000.0,8018.0,7921.0,8006.0,195356,295340,0.0,0.0
2025-03-06,AG,8031.0,8099.0,7959.0,8076.0,246884,301807,0.0,0.0
2025-03-07,AG,8038.0,8093.0,8025.0,8069.0,175093,305867,0.0,0.0
2025-03-10,AG,8044.0,8097.0,7996.0,8076.0,278363,307777,0.0,0.0
2025-03-11,AG,8076.0,8076.0,7934.0,8012.0,228372,314515,0.0,0.0
2025-03-12,AG,8056.0,8122.0,8035.0,8087.0,291996,327979,0.0,0.0
2025-03-13,AG,8160.0,8195.0,8106.0,8152.0,299922,352635,0.0,0.0
2025-03-14,AG,8149.0,8409.0,8138.0,8380.0,580854,398421,0.0,0.0
2025-03-17,AG,8390.0,8402.0,8305.0,8355.0,331396,399571,0.0,0.0
2025-03-18,AG,8310.0,8381.0,8271.0,8369.0,358571,403174,0.0,0.0
2025-03-19,AG,8430.0,8444.0,8357.0,8378.0,477693,422534,0.0,0.0
2025-03-20,AG,8353.0,8392.0,8305.0,8356.0,521519,423012,0.0,0.0
2025-03-21,AG,8300.0,8325.0,8167.0,8207.0,606671,409821,0.0,0.0
2025-03-24,AG,8208.0,8255.0,8142.0,8248.0,519113,401336,0.0,0.0
2025-03-25,AG,8233.0,8259.0,8196.0,8249.0,361891,405318,0.0,0.0
2025-03-26,AG,8298.0,8387.0,8283.0,8366.0,598927,438224,0.0,0.0
2025-03-27,AG,8387.0,8390.0,8330.0,8372.0,411376,444809,0.0,0.0
2025-03-28,AG,8448.0,8545.0,8378.0,8512.0,1054001,488491,0.0,0.0
2025-03-31,AG,8510.0,8515.0,8420.0,8506.0,760503,470575,0.0,0.0
2025-04-01,AG,8470.0,8483.0,8339.0,8432.0,880602,454230,0.0,0.0
2025-04-02,AG,8433.0,8444.0,8358.0,8401.0,714266,442148,0.0,0.0
2025-04-03,AG,8418.0,8461.0,8260.0,8286.0,1044703,414717,0.0,0.0
2025-04-07,AG,7535.0,7815.0,7535.0,7617.0,1004901,360207,0.0,0.0
2025-04-08,AG,7650.0,7745.0,7615.0,7683.0,1025904,345266,0.0,0.0
2025-04-09,AG,7690.0,7782.0,7598.0,7755.0,996524,348959,0.0,0.0
2025-04-10,AG,7746.0,7990.0,7735.0,7974.0,1105330,332956,0.0,0.0
2025-04-11,AG,7908.0,8012.0,7861.0,7970.0,922755,331473,0.0,0.0
2025-04-14,AG,8007.0,8179.0,7985.0,8091.0,1238730,334370,0.0,0.0
2025-04-15,AG,8111.0,8161.0,8054.0,8158.0,638825,339366,0.0,0.0
2025-04-16,AG,8158.0,8246.0,8120.0,8233.0,666713,345538,0.0,0.0
2025-04-17,AG,8271.0,8280.0,8108.0,8161.0,997086,347060,0.0,0.0
2025-04-18,AG,8170.0,8187.0,8072.0,8160.0,746753,343392,0.0,0.0
2025-04-21,AG,8159.0,8255.0,8127.0,8247.0,540406,341774,0.0,0.0
2025-04-22,AG,8284.0,8292.0,8142.0,8174.0,951414,339593,0.0,0.0
2025-04-23,AG,8175.0,8313.0,8138.0,8199.0,1391764,313731,0.0,0.0
2025-04-24,AG,8205.0,8380.0,8182.0,8296.0,1098950,321716,0.0,0.0
2025-04-25,AG,8298.0,8346.0,8246.0,8280.0,638127,312250,0.0,0.0
2025-04-28,AG,8260.0,8260.0,8163.0,8168.0,642831,280886,0.0,0.0
2025-04-29,AG,8190.0,8258.0,8176.0,8215.0,515398,264110,0.0,0.0
2025-04-30,AG,8259.0,8295.0,8172.0,8182.0,533859,240543,0.0,0.0
2025-05-06,AG,8156.0,8280.0,8155.0,8235.0,274975,232012,0.0,0.0
2025-05-07,AG,8240.0,8280.0,8177.0,8252.0,537686,230351,0.0,0.0
2025-05-08,AG,8235.0,8240.0,8073.0,8094.0,714176,228460,0.0,0.0
2025-05-09,AG,8140.0,8205.0,8128.0,8190.0,361708,243734,0.0,0.0
2025-05-12,AG,8200.0,8261.0,8143.0,8255.0,472442,259058,0.0,0.0
2025-05-13,AG,8155.0,8258.0,8126.0,8245.0,537090,271664,0.0,0.0
2025-05-14,AG,8186.0,8245.0,8156.0,8195.0,616045,280768,0.0,0.0
2025-05-15,AG,8090.0,8124.0,7944.0,8008.0,936043,342882,0.0,0.0
2025-05-16,AG,8054.0,8165.0,8052.0,8101.0,720107,325302,0.0,0.0
2025-05-19,AG,8020.0,8157.0,8016.0,8133.0,679297,329013,0.0,0.0
2025-05-20,AG,8125.0,8137.0,8073.0,8074.0,512126,336223,0.0,0.0
2025-05-21,AG,8158.0,8279.0,8130.0,8272.0,882938,363057,0.0,0.0
2025-05-22,AG,8265.0,8342.0,8246.0,8301.0,763503,383990,0.0,0.0
2025-05-23,AG,8236.0,8286.0,8200.0,8263.0,770049,355111,0.0,0.0
2025-05-26,AG,8251.0,8303.0,8230.0,8280.0,687105,371701,0.0,0.0
2025-05-27,AG,8279.0,8314.0,8200.0,8217.0,627779,364419,0.0,0.0
2025-05-28,AG,8180.0,8266.0,8178.0,8225.0,635600,350276,0.0,0.0
2025-05-29,AG,8236.0,8246.0,8166.0,8224.0,659531,345595,0.0,0.0
2025-05-30,AG,8249.0,8259.0,8178.0,8218.0,658243,334026,0.0,0.0
2025-06-03,AG,8520.0,8522.0,8410.0,8456.0,547586,370146,0.0,0.0
2025-06-04,AG,8475.0,8498.0,8451.0,8463.0,449279,379627,0.0,0.0
2025-06-05,AG,8454.0,8492.0,8450.0,8473.0,319303,378282,0.0,0.0
2025-06-06,AG,8719.0,8855.0,8659.0,8850.0,1310024,481044,0.0,0.0
2025-06-09,AG,8846.0,8912.0,8788.0,8909.0,802831,491386,0.0,0.0
2025-06-10,AG,8900.0,9020.0,8858.0,8887.0,969816,465983,0.0,0.0
2025-06-11,AG,8910.0,8942.0,8850.0,8902.0,601366,455232,0.0,0.0
2025-06-12,AG,8859.0,8885.0,8794.0,8819.0,662487,432670,0.0,0.0
2025-06-13,AG,8818.0,8913.0,8765.0,8791.0,804386,413597,0.0,0.0
2025-06-16,AG,8801.0,8894.0,8789.0,8858.0,571364,412329,0.0,0.0
2025-06-17,AG,8864.0,8875.0,8804.0,8864.0,457000,409050,0.0,0.0
2025-06-18,AG,8932.0,9075.0,8910.0,9045.0,776804,445981,0.0,0.0
2025-06-19,AG,9012.0,9025.0,8782.0,8819.0,746980,387527,0.0,0.0
2025-06-20,AG,8811.0,8823.0,8638.0,8664.0,653140,362640,0.0,0.0
2025-06-23,AG,8712.0,8778.0,8698.0,8770.0,436999,348332,0.0,0.0
2025-06-24,AG,8750.0,8811.0,8721.0,8739.0,446808,341851,0.0,0.0
2025-06-25,AG,8701.0,8729.0,8561.0,8726.0,606376,336670,0.0,0.0
2025-06-26,AG,8690.0,8805.0,8664.0,8796.0,427375,331807,0.0,0.0
2025-06-27,AG,8788.0,8858.0,8762.0,8792.0,469549,315448,0.0,0.0
2025-06-30,AG,8716.0,8765.0,8662.0,8762.0,504396,277702,0.0,0.0
2025-07-01,AG,8737.0,8810.0,8701.0,8810.0,342536,264724,0.0,0.0
2025-07-02,AG,8802.0,8825.0,8741.0,8747.0,323881,249023,0.0,0.0
2025-07-03,AG,8784.0,8967.0,8781.0,8944.0,427766,272055,0.0,0.0
2025-07-04,AG,8930.0,8975.0,8904.0,8948.0,357407,300760,0.0,0.0
2025-07-07,AG,8948.0,8980.0,8868.0,8897.0,316551,302244,0.0,0.0
2025-07-08,AG,8856.0,8973.0,8839.0,8953.0,418168,338144,0.0,0.0
2025-07-09,AG,8940.0,8941.0,8845.0,8899.0,613081,327567,0.0,0.0
2025-07-10,AG,8880.0,8920.0,8856.0,8919.0,488322,333179,0.0,0.0
2025-07-11,AG,8955.0,9118.0,8922.0,9040.0,1169445,402953,0.0,0.0
2025-07-14,AG,9118.0,9267.0,9088.0,9207.0,1093003,448095,0.0,0.0
2025-07-15,AG,9178.0,9226.0,9148.0,9225.0,735123,450115,0.0,0.0
2025-07-16,AG,9195.0,9207.0,9105.0,9152.0,764715,430521,0.0,0.0
2025-07-17,AG,9135.0,9191.0,9081.0,9166.0,906865,438247,0.0,0.0
2025-07-18,AG,9110.0,9282.0,9095.0,9273.0,854199,479676,0.0,0.0
2025-07-21,AG,9286.0,9290.0,9213.0,9271.0,694306,467496,0.0,0.0
2025-07-22,AG,9301.0,9437.0,9301.0,9393.0,961563,476010,0.0,0.0
2025-07-23,AG,9442.0,9526.0,9390.0,9492.0,1024798,478279,0.0,0.0
2025-07-24,AG,9507.0,9519.0,9287.0,9386.0,1253182,459484,0.0,0.0
2025-07-25,AG,9300.0,9447.0,9290.0,9392.0,742059,450827,0.0,0.0
2025-07-28,AG,9350.0,9369.0,9123.0,9212.0,1203307,398421,0.0,0.0
2025-07-29,AG,9190.0,9225.0,9152.0,9195.0,591927,392743,0.0,0.0
2025-07-30,AG,9193.0,9256.0,9176.0,9192.0,689866,392370,0.0,0.0
2025-07-31,AG,9145.0,9145.0,8964.0,9008.0,1100640,371110,0.0,0.0
2025-08-01,AG,8930.0,8965.0,8885.0,8918.0,587441,365193,0.0,0.0
2025-08-04,AG,8985.0,9045.0,8950.0,9039.0,513898,371051,0.0,0.0
2025-08-05,AG,9040.0,9105.0,9030.0,9075.0,313491,367528,0.0,0.0
2025-08-06,AG,9104.0,9200.0,9094.0,9182.0,372060,373376,0.0,0.0
2025-08-07,AG,9163.0,9260.0,9155.0,9258.0,326856,378070,0.0,0.0
2025-08-08,AG,9275.0,9318.0,9239.0,9278.0,420357,373954,0.0,0.0
2025-08-11,AG,9260.0,9293.0,9192.0,9210.0,386995,358701,0.0,0.0
2025-08-12,AG,9180.0,9218.0,9140.0,9187.0,291143,349123,0.0,0.0
2025-08-13,AG,9182.0,9310.0,9135.0,9300.0,415237,365333,0.0,0.0
2025-08-14,AG,9332.0,9368.0,9268.0,9286.0,350484,366680,0.0,0.0
2025-08-15,AG,9242.0,9262.0,9166.0,9204.0,420183,346128,0.0,0.0
2025-08-18,AG,9176.0,9260.0,9154.0,9258.0,298755,350742,0.0,0.0
2025-08-19,AG,9263.0,9277.0,9160.0,9187.0,272698,342500,0.0,0.0
2025-08-20,AG,9208.0,9219.0,9031.0,9042.0,515093,318678,0.0,0.0
2025-08-21,AG,9133.0,9197.0,9118.0,9162.0,311337,307098,0.0,0.0
2025-08-22,AG,9187.0,9254.0,9178.0,9192.0,317495,303690,0.0,0.0
2025-08-25,AG,9168.0,9418.0,9152.0,9394.0,631045,322774,0.0,0.0
2025-08-26,AG,9344.0,9380.0,9314.0,9354.0,295939,303822,0.0,0.0
2025-08-27,AG,9300.0,9350.0,9286.0,9305.0,268955,280655,0.0,0.0
2025-08-28,AG,9287.0,9385.0,9253.0,9377.0,337242,278545,0.0,0.0
2025-08-29,AG,9390.0,9409.0,9347.0,9386.0,325315,262871,0.0,0.0
2025-09-01,AG,9423.0,9832.0,9410.0,9798.0,301127,322353,0.0,0.0
2025-09-02,AG,9793.0,9940.0,9785.0,9845.0,197512,330789,0.0,0.0
2025-09-03,AG,9795.0,9887.0,9710.0,9844.0,238141,333080,0.0,0.0
2025-09-04,AG,9872.0,9988.0,9717.0,9793.0,382818,339737,0.0,0.0
2025-09-05,AG,9820.0,9847.0,9718.0,9834.0,193902,338386,0.0,0.0
2025-09-08,AG,9910.0,9943.0,9740.0,9835.0,364530,348554,0.0,0.0
2025-09-09,AG,9905.0,9950.0,9846.0,9867.0,277038,352855,0.0,0.0
2025-09-10,AG,9820.0,9877.0,9735.0,9816.0,284247,351570,0.0,0.0
2025-09-11,AG,9799.0,9871.0,9770.0,9821.0,196315,353668,0.0,0.0
2025-09-12,AG,9804.0,10089.0,9801.0,10061.0,485410,399292,0.0,0.0
2025-09-15,AG,10011.0,10104.0,10003.0,10045.0,274732,404977,0.0,0.0
2025-09-16,AG,10045.0,10178.0,10030.0,10134.0,348285,417082,0.0,0.0
2025-09-17,AG,10149.0,10173.0,9915.0,9933.0,505164,388338,0.0,0.0
2025-09-18,AG,9924.0,10009.0,9799.0,9835.0,646031,395854,0.0,0.0
2025-09-19,AG,9910.0,10038.0,9856.0,9971.0,571883,433982,0.0,0.0
2025-09-22,AG,9971.0,10336.0,9964.0,10317.0,789654,504050,0.0,0.0
2025-09-23,AG,10276.0,10395.0,10225.0,10349.0,811054,508755,0.0,0.0
2025-09-24,AG,10442.0,10482.0,10305.0,10397.0,753535,516112,0.0,0.0
2025-09-25,AG,10405.0,10466.0,10331.0,10411.0,700711,514351,0.0,0.0
2025-09-26,AG,10511.0,10646.0,10430.0,10632.0,957978,544232,0.0,0.0
2025-09-29,AG,10651.0,11008.0,10645.0,10939.0,1527077,508883,0.0,0.0
2025-09-30,AG,10883.0,11029.0,10833.0,10918.0,889020,476244,0.0,0.0
2025-10-09,AG,11200.0,11309.0,11082.0,11169.0,605570,477440,0.0,0.0
2025-10-10,AG,11424.0,11490.0,10962.0,11082.0,1701266,460115,0.0,0.0
2025-10-13,AG,11189.0,11584.0,10937.0,11531.0,1879156,495576,0.0,0.0
2025-10-14,AG,11582.0,12096.0,11368.0,11533.0,2421975,467689,0.0,0.0
2025-10-15,AG,11430.0,11973.0,11368.0,11966.0,2033514,477804,0.0,0.0
2025-10-16,AG,11938.0,12296.0,11835.0,12017.0,2204550,468345,0.0,0.0
2025-10-17,AG,12023.0,12366.0,12023.0,12249.0,2646240,471120,0.0,0.0
2025-10-20,AG,12057.0,12070.0,11592.0,11742.0,2455760,432661,0.0,0.0
2025-10-21,AG,11982.0,11991.0,11690.0,11805.0,1582985,424554,0.0,0.0
2025-10-22,AG,11400.0,11465.0,11205.0,11404.0,1682838,386233,0.0,0.0
2025-10-23,AG,11255.0,11486.0,11239.0,11467.0,977614,377229,0.0,0.0
2025-10-24,AG,11515.0,11575.0,11281.0,11332.0,906642,365976,0.0,0.0
2025-10-27,AG,11310.0,11510.0,11308.0,11394.0,762347,341694,0.0,0.0
2025-10-28,AG,11268.0,11307.0,11001.0,11049.0,1052828,321875,0.0,0.0
2025-10-29,AG,11029.0,11345.0,11020.0,11338.0,747886,304413,0.0,0.0
2025-10-30,AG,11427.0,11438.0,11122.0,11253.0,820874,283229,0.0,0.0
2025-10-31,AG,11245.0,11534.0,11235.0,11441.0,877344,279241,0.0,0.0
2025-11-03,AG,11449.0,11483.0,11245.0,11455.0,752034,261466,0.0,0.0
2025-11-04,AG,11455.0,11504.0,11188.0,11238.0,783853,257090,0.0,0.0
2025-11-05,AG,11230.0,11320.0,11103.0,11276.0,805726,244274,0.0,0.0
2025-11-06,AG,11297.0,11443.0,11255.0,11427.0,571201,245862,0.0,0.0
2025-11-07,AG,11449.0,11493.0,11264.0,11484.0,684427,245517,0.0,0.0
2025-11-10,AG,11455.0,11734.0,11367.0,11719.0,1015852,243107,0.0,0.0
2025-11-11,AG,11840.0,11984.0,11730.0,11907.0,520056,271116,0.0,0.0
2025-11-12,AG,11950.0,12098.0,11845.0,12098.0,604834,290033,0.0,0.0
2025-11-13,AG,12116.0,12664.0,12062.0,12610.0,1012852,320012,0.0,0.0
2025-11-14,AG,12599.0,12600.0,12331.0,12375.0,1038750,313877,0.0,0.0
2025-11-17,AG,12220.0,12251.0,11854.0,11933.0,1558545,311515,0.0,0.0
2025-11-18,AG,11975.0,12027.0,11696.0,11699.0,1157926,322401,0.0,0.0
2025-11-19,AG,11760.0,12173.0,11760.0,12148.0,1360286,340206,0.0,0.0
2025-11-20,AG,12290.0,12306.0,11912.0,12050.0,1878447,349594,0.0,0.0
2025-11-21,AG,12065.0,12145.0,11661.0,11680.0,2141453,346638,0.0,0.0
2025-11-24,AG,11715.0,11977.0,11689.0,11808.0,1574854,347468,0.0,0.0
2025-11-25,AG,11890.0,12227.0,11840.0,12127.0,1369380,366660,0.0,0.0
2025-11-26,AG,12081.0,12276.0,11950.0,12227.0,1643769,385232,0.0,0.0
2025-11-27,AG,12250.0,12540.0,12161.0,12525.0,1827650,427960,0.0,0.0
2025-11-28,AG,12500.0,12755.0,12384.0,12727.0,1631346,467799,0.0,0.0
2025-12-01,AG,12720.0,13520.0,12675.0,13278.0,2703384,473215,0.0,0.0
2025-12-02,AG,13303.0,13787.0,13303.0,13423.0,2464549,459318,0.0,0.0
2025-12-03,AG,13485.0,13866.0,13430.0,13582.0,2664394,458527,0.0,0.0
2025-12-04,AG,13691.0,13826.0,13322.0,13424.0,2280887,452402,0.0,0.0
2025-12-05,AG,13382.0,13750.0,13232.0,13687.0,1704214,452319,0.0,0.0
2025-12-08,AG,13666.0,13918.0,13470.0,13706.0,2033720,435712,0.0,0.0
2025-12-09,AG,13726.0,13759.0,13517.0,13607.0,1308988,417326,0.0,0.0
2025-12-10,AG,13761.0,14419.0,13735.0,14373.0,1814842,450524,0.0,0.0
2025-12-11,AG,14300.0,14665.0,14068.0,14488.0,1633485,423167,0.0,0.0
2025-12-12,AG,14525.0,15033.0,14486.0,14892.0,1726584,414776,0.0,0.0
2025-12-15,AG,14974.0,15192.0,14237.0,14793.0,2357087,381708,0.0,0.0
2025-12-16,AG,14944.0,14957.0,14454.0,14666.0,1571376,364016,0.0,0.0
2025-12-17,AG,14690.0,15555.0,14619.0,15512.0,1627067,388992,0.0,0.0
2025-12-18,AG,15447.0,15666.0,15224.0,15521.0,1571738,363401,0.0,0.0
2025-12-19,AG,15447.0,15519.0,15042.0,15376.0,1904057,337467,0.0,0.0
2025-12-22,AG,15374.0,16282.0,15340.0,16210.0,1704706,341342,0.0,0.0
2025-12-23,AG,16200.0,16573.0,16088.0,16441.0,1230156,340314,0.0,0.0
2025-12-24,AG,16510.0,17671.0,16360.0,17609.0,1366886,348841,0.0,0.0
2025-12-25,AG,17630.0,17650.0,16752.0,17397.0,1313777,304048,0.0,0.0
2025-12-26,AG,17397.0,18658.0,17339.0,18319.0,985185,279608,0.0,0.0
2025-12-29,AG,18210.0,19998.0,17500.0,18205.0,1442771,225900,0.0,0.0
2025-12-30,AG,18000.0,18636.0,17205.0,18140.0,1127382,195040,0.0,0.0
2025-12-31,AG,18518.0,18875.0,16870.0,17074.0,2299500,222890,0.0,0.0
2026-01-05,AG,18200.0,18399.0,17926.0,18247.0,671811,238881,0.0,0.0
2026-01-06,AG,18126.0,19714.0,18082.0,19452.0,1929939,277142,0.0,0.0
2026-01-07,AG,19460.0,20235.0,19050.0,19290.0,2172110,273458,0.0,0.0
2026-01-08,AG,19103.0,19443.0,18313.0,18450.0,2142359,281630,0.0,0.0
2026-01-09,AG,18200.0,18850.0,17803.0,18731.0,1273159,296031,0.0,0.0
2026-01-12,AG,18800.0,20998.0,18743.0,20945.0,1207190,325725,0.0,0.0
2026-01-13,AG,20900.0,21518.0,20600.0,21004.0,1141819,334657,0.0,0.0
2026-01-14,AG,21431.0,22995.0,21358.0,22763.0,1276377,344556,0.0,0.0
2026-01-15,AG,23488.0,23688.0,21580.0,22665.0,1463055,344462,0.0,0.0
2026-01-16,AG,22980.0,23123.0,22007.0,22483.0,1195161,326435,0.0,0.0
2026-01-19,AG,22200.0,23577.0,21447.0,23189.0,1278937,326648,0.0,0.0
2026-01-20,AG,23053.0,23568.0,22777.0,23062.0,715932,314709,0.0,0.0
2026-01-21,AG,23660.0,23690.0,22638.0,23131.0,870530,301907,0.0,0.0
2026-01-22,AG,23037.0,23380.0,22410.0,23339.0,770349,307787,0.0,0.0
2026-01-23,AG,23150.0,25050.0,23101.0,24965.0,753678,316326,0.0,0.0
2026-01-26,AG,25228.0,28226.0,24880.0,27207.0,965900,322562,0.0,0.0
2026-01-27,AG,27300.0,30020.0,27000.0,28300.0,1038660,310209,0.0,0.0
2026-01-28,AG,28601.0,29502.0,27018.0,29219.0,1085480,290131,0.0,0.0
2026-01-29,AG,28900.0,31488.0,28632.0,30891.0,759566,281207,0.0,0.0
2026-01-30,AG,31145.0,32382.0,27611.0,27941.0,1385181,260826,0.0,0.0
2026-02-02,AG,25960.0,26780.0,24832.0,24832.0,674117,252524,0.0,0.0
2026-02-03,AG,22000.0,22300.0,20600.0,21446.0,931055,226334,0.0,0.0
2026-02-04,AG,22000.0,23580.0,21919.0,23511.0,943212,237205,0.0,0.0
2026-02-05,AG,23550.0,24570.0,18500.0,20255.0,1653202,225422,0.0,0.0
2026-02-06,AG,19209.0,19998.0,17900.0,18799.0,1291544,227163,0.0,0.0
2026-02-09,AG,19500.0,21050.0,18850.0,20873.0,1015252,222363,0.0,0.0
2026-02-10,AG,20500.0,20963.0,20103.0,20284.0,611557,216295,0.0,0.0
2026-02-11,AG,20420.0,20968.0,20050.0,20944.0,504072,211818,0.0,0.0
2026-02-12,AG,21718.0,21720.0,20350.0,20626.0,508985,198298,0.0,0.0
2026-02-13,AG,20400.0,20819.0,18930.0,19782.0,556455,181220,0.0,0.0
2026-02-24,AG,22353.0,22660.0,21459.0,22327.0,210731,175096,0.0,0.0
2026-02-25,AG,22205.0,23311.0,21780.0,23029.0,413132,182556,0.0,0.0
2026-02-26,AG,22975.0,23394.0,22324.0,22572.0,357600,173522,0.0,0.0
2026-02-27,AG,22088.0,23138.0,21814.0,23019.0,389182,171167,0.0,0.0
2026-03-02,AG,23080.0,24460.0,22966.0,24431.0,525490,170813,0.0,0.0
2026-03-03,AG,24449.0,24500.0,21140.0,21645.0,713888,161166,0.0,0.0
2026-03-04,AG,21000.0,21780.0,20189.0,21578.0,482764,169813,0.0,0.0
2026-03-05,AG,21688.0,21958.0,20523.0,21369.0,412712,173457,0.0,0.0
2026-03-06,AG,21500.0,21647.0,20830.0,21533.0,356791,178177,0.0,0.0
2026-03-09,AG,21100.0,21850.0,20345.0,21547.0,619645,189060,0.0,0.0
2026-03-10,AG,21547.0,23000.0,21409.0,22758.0,471037,200036,0.0,0.0
2026-03-11,AG,22651.0,22948.0,22206.0,22256.0,394983,204352,0.0,0.0
2026-03-12,AG,21771.0,22148.0,21555.0,22062.0,414009,206073,0.0,0.0
2026-03-13,AG,22311.0,22388.0,20828.0,20923.0,519958,212096,0.0,0.0
2026-03-16,AG,21430.0,21457.0,19800.0,20301.0,723961,216658,0.0,0.0
2026-03-17,AG,20400.0,20780.0,20180.0,20308.0,550109,218466,0.0,0.0
2026-03-18,AG,20309.0,20486.0,19582.0,19980.0,552862,225308,0.0,0.0
2026-03-19,AG,19392.0,19450.0,17701.0,17984.0,774107,227107,0.0,0.0
2026-03-20,AG,16725.0,18598.0,16100.0,17625.0,1134221,219146,0.0,0.0
2026-03-23,AG,17693.0,17899.0,15070.0,15411.0,1259323,222721,0.0,0.0
2026-03-24,AG,17000.0,17518.0,16400.0,17085.0,1247893,211635,0.0,0.0
2026-03-25,AG,16900.0,18580.0,16731.0,18111.0,967928,214737,0.0,0.0
2026-03-26,AG,18089.0,18247.0,17231.0,17472.0,775118,219990,0.0,0.0
2026-03-27,AG,16938.0,17680.0,16808.0,17489.0,873570,225682,0.0,0.0
2026-03-30,AG,17080.0,17970.0,16950.0,17707.0,1060296,233884,0.0,0.0
2026-03-31,AG,17949.0,18599.0,17607.0,18126.0,881875,241055,0.0,0.0
2026-04-01,AG,18300.0,19160.0,18209.0,18918.0,928197,248865,0.0,0.0
2026-04-02,AG,18750.0,18988.0,17330.0,17621.0,1021111,237740,0.0,0.0
2026-04-03,AG,17500.0,18330.0,17258.0,17843.0,877251,229939,0.0,0.0
2026-04-07,AG,17920.0,18185.0,17725.0,17908.0,302892,231562,0.0,0.0
2026-04-08,AG,17766.0,19071.0,17300.0,18988.0,757977,235643,0.0,0.0
2026-04-09,AG,19066.0,19087.0,18005.0,18225.0,674282,234474,0.0,0.0
2026-04-10,AG,18350.0,18868.0,18300.0,18583.0,682983,237225,0.0,0.0
2026-04-13,AG,18723.0,18938.0,18313.0,18429.0,616805,236493,0.0,0.0
2026-04-14,AG,18320.0,19227.0,18261.0,19210.0,641526,248842,0.0,0.0
2026-04-15,AG,19180.0,20113.0,19160.0,19559.0,844915,256166,0.0,0.0
2026-04-16,AG,19470.0,20050.0,19453.0,19925.0,693154,262487,0.0,0.0
2026-04-17,AG,19700.0,19849.0,19350.0,19570.0,676778,255911,0.0,0.0
2026-04-20,AG,20300.0,20559.0,19724.0,19853.0,766604,253245,0.0,0.0
2026-04-21,AG,19835.0,20033.0,19538.0,19653.0,509800,257391,0.0,0.0
2026-04-22,AG,19619.0,19660.0,19000.0,19586.0,663507,253999,0.0,0.0
2026-04-23,AG,19400.0,19612.0,18836.0,18967.0,638253,247550,0.0,0.0
2026-04-24,AG,19092.0,19155.0,18333.0,18442.0,714129,222499,0.0,0.0
2026-04-27,AG,18640.0,18993.0,18590.0,18820.0,577395,208633,0.0,0.0
2026-04-28,AG,18753.0,18773.0,17951.0,18068.0,576563,198465,0.0,0.0
2026-04-29,AG,18122.0,18241.0,17790.0,18099.0,491846,189355,0.0,0.0
2026-04-30,AG,17802.0,18139.0,17554.0,18135.0,545989,176377,0.0,0.0
2026-05-06,AG,18422.0,18887.0,18350.0,18851.0,212844,180229,0.0,0.0
2026-05-07,AG,19026.0,19520.0,18984.0,19493.0,442053,181076,0.0,0.0
2026-05-08,AG,20060.0,20150.0,19517.0,19840.0,618771,178218,0.0,0.0
2026-05-11,AG,20050.0,20126.0,19575.0,19929.0,581789,175256,0.0,0.0
2026-05-12,AG,20600.0,21475.0,20555.0,20779.0,713894,167689,0.0,0.0
2026-05-13,AG,20888.0,21615.0,20567.0,21348.0,466547,188337,0.0,0.0
2026-05-14,AG,21275.0,22134.0,21244.0,21444.0,536603,200806,0.0,0.0
2026-05-15,AG,21335.0,21397.0,19105.0,19234.0,668034,196762,0.0,0.0
2026-05-18,AG,19008.0,19044.0,18164.0,18607.0,597810,198794,0.0,0.0
2026-05-19,AG,18949.0,19185.0,18500.0,18708.0,709099,212402,0.0,0.0
2026-05-20,AG,18651.0,18651.0,17850.0,18484.0,903196,224679,0.0,0.0
2026-05-21,AG,18530.0,18886.0,18201.0,18314.0,934419,231182,0.0,0.0
2026-05-22,AG,18266.0,18900.0,18165.0,18681.0,828347,233074,0.0,0.0
2026-05-25,AG,18634.0,19288.0,18378.0,18995.0,785903,245606,0.0,0.0
2026-05-26,AG,18995.0,19225.0,18485.0,18684.0,640449,255092,0.0,0.0
2026-05-27,AG,18624.0,18928.0,18135.0,18251.0,794258,264047,0.0,0.0
2026-05-28,AG,18080.0,18280.0,17455.0,17790.0,912466,269163,0.0,0.0
2026-05-29,AG,18000.0,18588.0,17800.0,18358.0,973127,265829,0.0,0.0
2026-06-01,AG,18294.0,18485.0,18050.0,18156.0,747027,267921,0.0,0.0
2026-06-02,AG,18253.0,18540.0,17850.0,18522.0,690899,272959,0.0,0.0
2026-06-03,AG,18375.0,18484.0,17920.0,18008.0,551038,279219,0.0,0.0
2026-06-04,AG,17951.0,18036.0,17650.0,17730.0,555102,287231,0.0,0.0
2026-06-05,AG,18038.0,18230.0,17170.0,17528.0,705714,289320,0.0,0.0
