date,10yr,30yr,2yr
1990-12-19,8.0,7.21,8.19
1990-12-20,8.05,7.25,8.22
1990-12-21,8.11,7.3,8.28
1990-12-24,8.2,7.35,8.36
1990-12-26,8.15,7.27,8.3
1990-12-27,8.11,7.25,8.25
1990-12-28,8.14,7.25,8.31
1990-12-31,8.08,7.15,8.26
1991-01-02,7.97,7.08,8.14
1991-01-03,7.93,7.08,8.11
1991-01-04,8.02,7.17,8.2
1991-01-07,8.13,7.2,8.32
1991-01-08,8.16,7.15,8.37
1991-01-09,8.25,7.1,8.46
1991-01-10,8.16,7.14,8.37
1991-01-11,8.2,7.14,8.39
1991-01-14,8.23,7.18,8.41
1991-01-15,8.22,7.16,8.41
1991-01-16,8.24,7.21,8.4
1991-01-17,8.05,7.19,8.18
1991-01-18,8.03,7.14,8.17
1991-01-22,8.07,7.13,8.23
1991-01-23,8.04,7.08,8.21
1991-01-24,8.0,7.04,8.18
1991-01-25,8.06,7.1,8.24
1991-01-28,8.06,7.12,8.23
1991-01-29,8.03,7.1,8.2
1991-01-30,8.05,7.07,8.23
1991-01-31,8.03,7.05,8.21
1991-02-01,7.91,6.83,8.09
1991-02-04,7.88,6.82,8.05
1991-02-05,7.85,6.8,8.02
1991-02-06,7.79,6.82,8.02
1991-02-07,7.82,6.8,8.01
1991-02-08,7.77,6.8,7.95
1991-02-11,7.78,6.78,7.97
1991-02-12,7.78,6.78,7.96
1991-02-13,7.78,6.78,7.97
1991-02-14,7.8,6.77,7.99
1991-02-15,7.78,6.82,7.97
1991-02-19,7.8,6.87,7.99
1991-02-20,7.84,6.87,8.02
1991-02-21,7.88,6.9,8.04
1991-02-22,7.91,6.98,8.07
1991-02-25,7.91,6.99,8.05
1991-02-26,7.96,7.0,8.14
1991-02-27,7.98,7.02,8.15
1991-02-28,8.02,7.04,8.19
1991-03-01,8.12,7.18,8.28
1991-03-04,8.12,7.16,8.29
1991-03-05,8.08,7.13,8.25
1991-03-06,8.11,7.15,8.29
1991-03-07,8.07,7.12,8.23
1991-03-08,8.13,7.08,8.3
1991-03-11,8.06,7.05,8.23
1991-03-12,8.09,7.07,8.26
1991-03-13,8.02,7.0,8.2
1991-03-14,8.02,6.95,8.2
1991-03-15,8.1,7.01,8.3
1991-03-18,8.15,7.09,8.34
1991-03-19,8.25,7.22,8.42
1991-03-20,8.2,7.2,8.37
1991-03-21,8.16,7.13,8.34
1991-03-22,8.13,7.13,8.33
1991-03-25,8.13,7.14,8.32
1991-03-26,8.13,7.16,8.31
1991-03-27,8.08,7.07,8.26
1991-03-28,8.05,7.02,8.24
1991-04-01,8.07,7.01,8.25
1991-04-02,8.03,6.97,8.22
1991-04-03,8.05,6.99,8.24
1991-04-04,8.0,6.94,8.19
1991-04-05,7.99,6.92,8.18
1991-04-08,7.98,6.91,8.16
1991-04-09,8.03,6.94,8.2
1991-04-10,8.1,7.02,8.27
1991-04-11,8.09,6.95,8.27
1991-04-12,7.98,6.88,8.16
1991-04-15,7.95,6.9,8.12
1991-04-16,7.97,6.92,8.13
1991-04-17,7.95,6.9,8.11
1991-04-18,8.02,6.99,8.18
1991-04-19,8.1,7.03,8.24
1991-04-22,8.15,7.07,8.3
1991-04-23,8.12,7.05,8.28
1991-04-24,8.06,6.95,8.22
1991-04-25,8.07,6.93,8.24
1991-04-26,8.06,6.89,8.22
1991-04-29,8.07,6.9,8.23
1991-04-30,8.02,6.8,8.2
1991-05-01,8.01,6.8,8.18
1991-05-02,7.97,6.76,8.14
1991-05-03,8.04,6.8,8.22
1991-05-06,8.05,6.82,8.23
1991-05-07,8.06,6.82,8.24
1991-05-08,8.04,6.84,8.24
1991-05-09,8.02,6.84,8.21
1991-05-10,8.12,6.87,8.33
1991-05-13,8.07,6.84,8.27
1991-05-14,8.14,6.86,8.36
1991-05-15,8.13,6.84,8.34
1991-05-16,8.12,6.84,8.33
1991-05-17,8.08,6.86,8.28
1991-05-20,8.1,6.86,8.3
1991-05-21,8.06,6.84,8.26
1991-05-22,8.06,6.77,8.28
1991-05-23,8.1,6.74,8.31
1991-05-24,8.1,6.69,8.31
1991-05-28,8.07,6.66,8.28
1991-05-29,8.07,6.61,8.29
1991-05-30,8.02,6.6,8.22
1991-05-31,8.06,6.68,8.26
1991-06-03,8.14,6.79,8.34
1991-06-04,8.14,6.79,8.34
1991-06-05,8.19,6.83,8.39
1991-06-06,8.23,6.86,8.42
1991-06-07,8.29,6.98,8.48
1991-06-10,8.29,7.01,8.48
1991-06-11,8.29,6.99,8.48
1991-06-12,8.36,7.08,8.55
1991-06-13,8.34,7.08,8.53
1991-06-14,8.29,7.02,8.47
1991-06-17,8.3,7.02,8.49
1991-06-18,8.32,7.0,8.52
1991-06-19,8.33,6.95,8.52
1991-06-20,8.3,6.87,8.48
1991-06-21,8.32,6.94,8.51
1991-06-24,8.33,6.96,8.51
1991-06-25,8.33,7.04,8.51
1991-06-26,8.33,7.01,8.51
1991-06-27,8.32,7.0,8.49
1991-06-28,8.24,6.9,8.42
1991-07-01,8.26,6.97,8.44
1991-07-02,8.27,7.0,8.44
1991-07-03,8.26,6.97,8.42
1991-07-05,8.34,7.04,8.49
1991-07-08,8.34,7.0,8.51
1991-07-09,8.36,7.0,8.53
1991-07-10,8.35,6.97,8.53
1991-07-11,8.3,6.92,8.47
1991-07-12,8.26,6.88,8.44
1991-07-15,8.26,6.88,8.44
1991-07-16,8.27,6.9,8.46
1991-07-17,8.3,6.94,8.49
1991-07-18,8.31,6.91,8.5
1991-07-19,8.28,6.89,8.48
1991-07-22,8.28,6.91,8.48
1991-07-23,8.31,6.94,8.5
1991-07-24,8.24,6.88,8.42
1991-07-25,8.2,6.87,8.38
1991-07-26,8.2,6.85,8.39
1991-07-29,8.2,6.82,8.39
1991-07-30,8.21,6.84,8.39
1991-07-31,8.2,6.81,8.36
1991-08-01,8.2,6.84,8.38
1991-08-02,8.06,6.69,8.25
1991-08-05,8.04,6.69,8.24
1991-08-06,7.97,6.57,8.18
1991-08-07,7.93,6.54,8.17
1991-08-08,7.98,6.52,8.22
1991-08-09,7.98,6.49,8.23
1991-08-12,7.95,6.49,8.21
1991-08-13,7.91,6.48,8.17
1991-08-14,7.82,6.37,8.08
1991-08-15,7.84,6.33,8.09
1991-08-16,7.84,6.31,8.09
1991-08-19,7.83,6.24,8.11
1991-08-20,7.81,6.17,8.09
1991-08-21,7.8,6.27,8.07
1991-08-22,7.78,6.27,8.05
1991-08-23,7.88,6.46,8.13
1991-08-26,7.91,6.48,8.15
1991-08-27,7.89,6.41,8.14
1991-08-28,7.82,6.3,8.06
1991-08-29,7.74,6.25,7.99
1991-08-30,7.82,6.36,8.06
1991-09-03,7.81,6.33,8.05
1991-09-04,7.81,6.31,8.06
1991-09-05,7.83,6.31,8.09
1991-09-06,7.76,6.26,8.02
1991-09-09,7.73,6.23,8.0
1991-09-10,7.73,6.21,8.01
1991-09-11,7.74,6.23,8.02
1991-09-12,7.67,6.2,7.96
1991-09-13,7.66,6.18,7.95
1991-09-16,7.63,6.17,7.93
1991-09-17,7.62,6.18,7.92
1991-09-18,7.62,6.18,7.92
1991-09-19,7.61,6.2,7.92
1991-09-20,7.57,6.18,7.89
1991-09-23,7.55,6.17,7.88
1991-09-24,7.56,6.11,7.89
1991-09-25,7.58,6.12,7.91
1991-09-26,7.56,6.05,7.89
1991-09-27,7.49,6.02,7.83
1991-09-30,7.47,5.99,7.82
1991-10-01,7.45,5.99,7.81
1991-10-02,7.47,5.99,7.83
1991-10-03,7.47,5.98,7.84
1991-10-04,7.39,5.91,7.79
1991-10-07,7.4,5.93,7.79
1991-10-08,7.43,5.89,7.82
1991-10-09,7.51,5.93,7.91
1991-10-10,7.58,5.98,7.98
1991-10-11,7.49,5.91,7.9
1991-10-15,7.46,5.85,7.87
1991-10-16,7.45,5.86,7.88
1991-10-17,7.55,5.93,8.0
1991-10-18,7.53,5.95,7.97
1991-10-21,7.62,5.99,8.06
1991-10-22,7.67,6.02,8.1
1991-10-23,7.69,6.01,8.09
1991-10-24,7.65,5.93,8.03
1991-10-25,7.68,5.93,8.05
1991-10-28,7.65,5.88,8.03
1991-10-29,7.51,5.78,7.91
1991-10-30,7.48,5.73,7.9
1991-10-31,7.47,5.7,7.91
1991-11-01,7.48,5.65,7.93
1991-11-04,7.5,5.63,7.95
1991-11-05,7.56,5.7,8.02
1991-11-06,7.51,5.63,8.01
1991-11-07,7.43,5.62,7.92
1991-11-08,7.41,5.63,7.88
1991-11-12,7.37,5.65,7.8
1991-11-13,7.41,5.65,7.88
1991-11-14,7.35,5.6,7.82
1991-11-15,7.33,5.54,7.84
1991-11-18,7.33,5.55,7.84
1991-11-19,7.37,5.5,7.9
1991-11-20,7.38,5.52,7.92
1991-11-21,7.39,5.5,7.96
1991-11-22,7.44,5.49,7.99
1991-11-25,7.45,5.5,7.99
1991-11-26,7.42,5.45,7.95
1991-11-27,7.42,5.43,7.97
1991-11-29,7.38,5.38,7.94
1991-12-02,7.32,5.33,7.92
1991-12-03,7.28,5.29,7.9
1991-12-04,7.17,5.22,7.84
1991-12-05,7.21,5.22,7.86
1991-12-06,7.26,5.19,7.78
1991-12-09,7.22,5.09,7.78
1991-12-10,7.21,5.07,7.79
1991-12-11,7.22,5.04,7.81
1991-12-12,7.19,5.06,7.77
1991-12-13,7.22,5.09,7.79
1991-12-16,7.21,5.06,7.77
1991-12-17,7.18,5.02,7.75
1991-12-18,7.19,5.11,7.76
1991-12-19,7.11,5.05,7.68
1991-12-20,6.97,4.8,7.59
1991-12-23,6.88,4.79,7.53
1991-12-24,6.88,4.84,7.53
1991-12-26,6.85,4.85,7.51
1991-12-27,6.82,4.85,7.52
1991-12-30,6.76,4.8,7.45
1991-12-31,6.71,4.77,7.41
1992-01-02,6.78,4.77,7.46
1992-01-03,6.85,4.8,7.48
1992-01-06,6.82,4.76,7.44
1992-01-07,6.76,4.67,7.39
1992-01-08,6.77,4.66,7.41
1992-01-09,6.79,4.77,7.42
1992-01-10,6.85,4.85,7.47
1992-01-13,6.92,4.93,7.49
1992-01-14,7.03,5.0,7.54
1992-01-15,7.05,5.07,7.57
1992-01-16,7.13,5.07,7.65
1992-01-17,7.09,5.02,7.61
1992-01-21,7.03,4.97,7.57
1992-01-22,7.09,4.95,7.62
1992-01-23,7.2,5.02,7.71
1992-01-24,7.25,5.13,7.71
1992-01-27,7.24,5.15,7.71
1992-01-28,7.16,5.1,7.66
1992-01-29,7.25,5.15,7.75
1992-01-30,7.31,5.17,7.79
1992-01-31,7.31,5.11,7.77
1992-02-03,7.36,5.15,7.82
1992-02-04,7.29,5.12,7.76
1992-02-05,7.21,5.07,7.74
1992-02-06,7.2,5.05,7.75
1992-02-07,7.2,4.97,7.77
1992-02-10,7.21,4.94,7.79
1992-02-11,7.23,5.01,7.79
1992-02-12,7.3,5.08,7.81
1992-02-13,7.4,5.22,7.92
1992-02-14,7.41,5.27,7.91
1992-02-18,7.47,5.24,7.97
1992-02-19,7.42,5.28,7.93
1992-02-20,7.41,5.3,7.91
1992-02-21,7.45,5.46,7.95
1992-02-24,7.47,5.46,7.97
1992-02-25,7.44,5.43,7.94
1992-02-26,7.33,5.37,7.85
1992-02-27,7.35,5.34,7.86
1992-02-28,7.27,5.27,7.8
1992-03-02,7.38,5.45,7.9
1992-03-03,7.43,5.48,7.93
1992-03-04,7.43,5.5,7.9
1992-03-05,7.51,5.62,7.95
1992-03-06,7.48,5.6,7.93
1992-03-09,7.42,5.54,7.88
1992-03-10,7.43,5.56,7.89
1992-03-11,7.51,5.58,7.96
1992-03-12,7.62,5.74,8.04
1992-03-13,7.71,5.86,8.06
1992-03-16,7.69,5.87,8.07
1992-03-17,7.62,5.83,8.02
1992-03-18,7.62,5.84,8.01
1992-03-19,7.57,5.79,7.98
1992-03-20,7.64,5.86,8.05
1992-03-23,7.62,5.87,8.04
1992-03-24,7.53,5.78,7.94
1992-03-25,7.53,5.72,7.94
1992-03-26,7.57,5.69,7.99
1992-03-27,7.54,5.68,7.94
1992-03-30,7.54,5.61,7.95
1992-03-31,7.54,5.6,7.96
1992-04-01,7.46,5.53,7.9
1992-04-02,7.47,5.55,7.92
1992-04-03,7.42,5.37,7.88
1992-04-06,7.41,5.36,7.88
1992-04-07,7.41,5.34,7.9
1992-04-08,7.44,5.33,7.94
1992-04-09,7.35,5.09,7.85
1992-04-10,7.37,5.16,7.89
1992-04-13,7.33,5.11,7.86
1992-04-14,7.35,5.15,7.88
1992-04-15,7.37,5.22,7.87
1992-04-16,7.45,5.34,7.93
1992-04-20,7.59,5.45,8.02
1992-04-21,7.58,5.41,8.03
1992-04-22,7.57,5.41,8.04
1992-04-23,7.59,5.41,8.06
1992-04-24,7.55,5.33,8.06
1992-04-27,7.6,5.42,8.1
1992-04-28,7.57,5.4,8.06
1992-04-29,7.6,5.39,8.08
1992-04-30,7.61,5.46,8.06
1992-05-01,7.56,5.33,8.01
1992-05-04,7.58,5.32,8.03
1992-05-05,7.56,5.3,8.01
1992-05-06,7.46,5.25,7.97
1992-05-07,7.49,5.34,8.0
1992-05-08,7.41,5.29,7.9
1992-05-11,7.4,5.24,7.9
1992-05-12,7.36,5.19,7.86
1992-05-13,7.34,5.14,7.85
1992-05-14,7.34,5.13,7.87
1992-05-15,7.28,5.11,7.81
1992-05-18,7.28,5.12,7.82
1992-05-19,7.2,5.0,7.77
1992-05-20,7.25,5.13,7.79
1992-05-21,7.39,5.34,7.86
1992-05-22,7.35,5.24,7.83
1992-05-26,7.46,5.35,7.92
1992-05-27,7.44,5.28,7.91
1992-05-28,7.36,5.22,7.87
1992-05-29,7.33,5.19,7.84
1992-06-01,7.39,5.29,7.9
1992-06-02,7.35,5.23,7.87
1992-06-03,7.34,5.2,7.88
1992-06-04,7.34,5.22,7.88
1992-06-05,7.31,5.13,7.84
1992-06-08,7.31,5.11,7.84
1992-06-09,7.33,5.11,7.88
1992-06-10,7.35,5.13,7.9
1992-06-11,7.33,5.09,7.88
1992-06-12,7.29,5.06,7.85
1992-06-15,7.28,5.05,7.85
1992-06-16,7.24,5.02,7.84
1992-06-17,7.23,5.0,7.82
1992-06-18,7.19,4.94,7.8
1992-06-19,7.24,5.0,7.83
1992-06-22,7.24,4.99,7.84
1992-06-23,7.25,5.1,7.85
1992-06-24,7.2,4.96,7.83
1992-06-25,7.14,4.89,7.78
1992-06-26,7.15,4.88,7.79
1992-06-29,7.12,4.83,7.78
1992-06-30,7.14,4.83,7.79
1992-07-01,7.1,4.82,7.76
1992-07-02,6.93,4.55,7.63
1992-07-06,6.9,4.46,7.62
1992-07-07,6.87,4.4,7.61
1992-07-08,6.91,4.4,7.61
1992-07-09,6.91,4.4,7.61
1992-07-10,6.93,4.38,7.64
1992-07-13,6.97,4.4,7.67
1992-07-14,6.97,4.32,7.69
1992-07-15,6.9,4.25,7.64
1992-07-16,6.87,4.25,7.62
1992-07-17,6.9,4.27,7.68
1992-07-20,6.9,4.3,7.66
1992-07-21,6.89,4.34,7.67
1992-07-22,6.85,4.29,7.62
1992-07-23,6.72,4.2,7.54
1992-07-24,6.73,4.25,7.57
1992-07-27,6.69,4.27,7.53
1992-07-28,6.63,4.27,7.44
1992-07-29,6.6,4.25,7.43
1992-07-30,6.69,4.33,7.46
1992-07-31,6.72,4.42,7.46
1992-08-03,6.72,4.4,7.46
1992-08-04,6.66,4.31,7.43
1992-08-05,6.64,4.29,7.43
1992-08-06,6.65,4.29,7.45
1992-08-07,6.57,4.18,7.4
1992-08-10,6.52,4.12,7.37
1992-08-11,6.5,4.15,7.33
1992-08-12,6.48,4.19,7.33
1992-08-13,6.55,4.19,7.36
1992-08-14,6.53,4.14,7.33
1992-08-17,6.56,4.13,7.37
1992-08-18,6.48,4.04,7.33
1992-08-19,6.47,4.06,7.33
1992-08-20,6.46,4.04,7.32
1992-08-21,6.53,4.13,7.36
1992-08-24,6.68,4.27,7.44
1992-08-25,6.73,4.32,7.47
1992-08-26,6.68,4.26,7.43
1992-08-27,6.64,4.23,7.42
1992-08-28,6.63,4.16,7.42
1992-08-31,6.62,4.15,7.42
1992-09-01,6.56,4.12,7.38
1992-09-02,6.54,4.1,7.37
1992-09-03,6.54,4.09,7.37
1992-09-04,6.4,3.89,7.29
1992-09-08,6.29,3.83,7.23
1992-09-09,6.31,3.85,7.25
1992-09-10,6.31,3.83,7.24
1992-09-11,6.37,3.87,7.3
1992-09-14,6.32,3.8,7.26
1992-09-15,6.4,3.89,7.33
1992-09-16,6.41,3.87,7.35
1992-09-17,6.4,3.86,7.34
1992-09-18,6.41,3.86,7.32
1992-09-21,6.42,3.91,7.35
1992-09-22,6.5,3.98,7.45
1992-09-23,6.54,3.97,7.48
1992-09-24,6.48,3.91,7.42
1992-09-25,6.41,3.78,7.35
1992-09-28,6.37,3.77,7.34
1992-09-29,6.37,3.8,7.36
1992-09-30,6.37,3.8,7.38
1992-10-01,6.23,3.67,7.3
1992-10-02,6.26,3.71,7.33
1992-10-05,6.24,3.68,7.34
1992-10-06,6.3,3.74,7.41
1992-10-07,6.46,3.88,7.48
1992-10-08,6.41,3.83,7.45
1992-10-09,6.52,4.0,7.52
1992-10-13,6.51,3.99,7.53
1992-10-14,6.51,4.02,7.5
1992-10-15,6.53,4.02,7.51
1992-10-16,6.6,4.04,7.54
1992-10-19,6.69,4.15,7.57
1992-10-20,6.86,4.34,7.65
1992-10-21,6.8,4.29,7.63
1992-10-22,6.74,4.24,7.61
1992-10-23,6.83,4.37,7.65
1992-10-26,6.83,4.39,7.66
1992-10-27,6.78,4.32,7.62
1992-10-28,6.76,4.33,7.64
1992-10-29,6.71,4.33,7.6
1992-10-30,6.8,4.4,7.63
1992-11-02,6.88,4.47,7.66
1992-11-03,6.87,4.44,7.65
1992-11-04,6.89,4.44,7.69
1992-11-05,6.87,4.39,7.69
1992-11-06,6.97,4.48,7.76
1992-11-09,7.0,4.57,7.75
1992-11-10,6.91,4.5,7.68
1992-11-12,6.79,4.44,7.57
1992-11-13,6.82,4.54,7.57
1992-11-16,6.9,4.68,7.56
1992-11-17,6.86,4.67,7.55
1992-11-18,6.78,4.58,7.51
1992-11-19,6.81,4.59,7.54
1992-11-20,6.84,4.66,7.54
1992-11-23,6.86,4.69,7.56
1992-11-24,6.82,4.61,7.53
1992-11-25,6.84,4.7,7.54
1992-11-27,6.93,4.77,7.59
1992-11-30,6.95,4.79,7.59
1992-12-01,6.94,4.81,7.57
1992-12-02,6.93,4.81,7.57
1992-12-03,6.91,4.78,7.57
1992-12-04,6.84,4.7,7.5
1992-12-07,6.78,4.62,7.45
1992-12-08,6.73,4.59,7.44
1992-12-09,6.76,4.61,7.44
1992-12-10,6.77,4.67,7.42
1992-12-11,6.8,4.78,7.44
1992-12-14,6.83,4.8,7.45
1992-12-15,6.83,4.77,7.45
1992-12-16,6.77,4.67,7.44
1992-12-17,6.77,4.69,7.43
1992-12-18,6.76,4.66,7.43
1992-12-21,6.71,4.64,7.38
1992-12-22,6.65,4.64,7.34
1992-12-23,6.68,4.63,7.36
1992-12-24,6.69,4.6,7.36
1992-12-28,6.72,4.64,7.4
1992-12-29,6.69,4.61,7.37
1992-12-30,6.68,4.54,7.39
1992-12-31,6.7,4.56,7.4
1993-01-04,6.6,4.48,7.33
1993-01-05,6.61,4.48,7.33
1993-01-06,6.63,4.52,7.34
1993-01-07,6.76,4.64,7.45
1993-01-08,6.75,4.5,7.47
1993-01-11,6.71,4.48,7.47
1993-01-12,6.72,4.48,7.48
1993-01-13,6.71,4.46,7.45
1993-01-14,6.65,4.4,7.41
1993-01-15,6.6,4.31,7.35
1993-01-19,6.59,4.39,7.31
1993-01-20,6.61,4.41,7.32
1993-01-21,6.6,4.36,7.31
1993-01-22,6.57,4.3,7.3
1993-01-25,6.48,4.26,7.22
1993-01-26,6.5,4.3,7.26
1993-01-27,6.48,4.24,7.25
1993-01-28,6.44,4.2,7.23
1993-01-29,6.39,4.2,7.21
1993-02-01,6.38,4.19,7.21
1993-02-02,6.46,4.25,7.25
1993-02-03,6.45,4.27,7.23
1993-02-04,6.39,4.19,7.19
1993-02-05,6.32,4.07,7.17
1993-02-08,6.37,4.16,7.18
1993-02-09,6.41,4.2,7.2
1993-02-10,6.4,4.27,7.26
1993-02-11,6.37,4.2,7.15
1993-02-12,6.35,4.2,7.13
1993-02-16,6.34,4.14,7.14
1993-02-17,6.28,4.06,7.11
1993-02-18,6.17,3.95,7.02
1993-02-19,6.15,3.99,7.01
1993-02-22,6.09,3.99,6.95
1993-02-23,5.92,3.9,6.83
1993-02-24,6.01,3.97,6.88
1993-02-25,6.03,3.95,6.89
1993-02-26,6.03,3.92,6.9
1993-03-01,5.94,3.88,6.83
1993-03-02,5.95,3.88,6.84
1993-03-03,5.88,3.81,6.78
1993-03-04,5.83,3.75,6.73
1993-03-05,5.9,3.91,6.76
1993-03-08,5.85,3.97,6.72
1993-03-09,5.91,4.02,6.73
1993-03-10,5.97,4.05,6.75
1993-03-11,5.96,4.01,6.75
1993-03-12,6.11,4.11,6.86
1993-03-15,6.17,4.1,6.91
1993-03-16,6.06,4.02,6.87
1993-03-17,6.02,3.98,6.86
1993-03-18,5.93,3.91,6.8
1993-03-19,5.95,3.95,6.81
1993-03-22,5.96,3.92,6.81
1993-03-23,5.91,3.88,6.77
1993-03-24,5.95,3.93,6.81
1993-03-25,5.98,3.92,6.83
1993-03-26,6.09,4.02,6.94
1993-03-29,6.06,3.95,6.9
1993-03-30,6.02,3.91,6.91
1993-03-31,6.03,3.96,6.93
1993-04-01,6.06,3.94,6.97
1993-04-02,6.16,3.99,7.06
1993-04-05,6.13,3.96,7.04
1993-04-06,6.08,3.93,6.97
1993-04-07,6.07,3.93,6.96
1993-04-08,5.97,3.85,6.85
1993-04-12,5.92,3.82,6.79
1993-04-13,5.93,3.82,6.8
1993-04-14,5.9,3.78,6.76
1993-04-15,5.88,3.79,6.73
1993-04-16,5.89,3.8,6.76
1993-04-19,5.87,3.78,6.73
1993-04-20,5.87,3.78,6.76
1993-04-21,5.86,3.77,6.75
1993-04-22,5.85,3.75,6.75
1993-04-23,5.89,3.75,6.79
1993-04-26,5.94,3.79,6.83
1993-04-27,6.02,3.88,6.9
1993-04-28,6.03,3.86,6.91
1993-04-29,5.99,3.79,6.88
1993-04-30,6.05,3.83,6.95
1993-05-03,5.96,3.75,6.86
1993-05-04,5.92,3.75,6.81
1993-05-05,5.93,3.8,6.82
1993-05-06,5.89,3.8,6.8
1993-05-07,5.92,3.79,6.85
1993-05-10,5.89,3.79,6.81
1993-05-11,5.89,3.79,6.82
1993-05-12,5.96,3.82,6.86
1993-05-13,6.02,3.91,6.96
1993-05-14,6.03,3.97,6.95
1993-05-17,6.07,4.05,6.97
1993-05-18,6.15,4.08,7.02
1993-05-19,6.11,4.03,6.98
1993-05-20,6.09,4.03,6.99
1993-05-21,6.16,4.14,7.03
1993-05-24,6.16,4.19,6.99
1993-05-25,6.17,4.19,7.01
1993-05-26,6.12,4.2,6.94
1993-05-27,6.11,4.22,6.93
1993-05-28,6.16,4.24,6.98
1993-06-01,6.07,4.16,6.88
1993-06-02,6.06,4.18,6.88
1993-06-03,6.02,4.14,6.86
1993-06-04,6.11,4.31,6.91
1993-06-07,6.08,4.3,6.88
1993-06-08,6.09,4.33,6.91
1993-06-09,6.07,4.29,6.87
1993-06-10,6.07,4.29,6.88
1993-06-11,5.97,4.15,6.8
1993-06-14,5.97,4.13,6.81
1993-06-15,5.96,4.11,6.83
1993-06-16,5.96,4.09,6.82
1993-06-17,5.93,4.08,6.81
1993-06-18,5.97,4.16,6.82
1993-06-21,5.92,4.16,6.78
1993-06-22,5.91,4.15,6.78
1993-06-23,5.91,4.2,6.77
1993-06-24,5.88,4.15,6.74
1993-06-25,5.84,4.1,6.71
1993-06-28,5.8,4.06,6.67
1993-06-29,5.79,4.03,6.67
1993-06-30,5.8,4.03,6.68
1993-07-01,5.8,3.99,6.69
1993-07-02,5.76,3.93,6.67
1993-07-06,5.8,4.0,6.68
1993-07-07,5.8,4.0,6.68
1993-07-08,5.78,4.0,6.66
1993-07-09,5.76,3.98,6.64
1993-07-12,5.75,3.99,6.62
1993-07-13,5.78,4.04,6.62
1993-07-14,5.72,3.97,6.56
1993-07-15,5.72,3.99,6.55
1993-07-16,5.71,3.99,6.54
1993-07-19,5.71,3.99,6.54
1993-07-20,5.75,4.09,6.55
1993-07-21,5.83,4.15,6.62
1993-07-22,5.9,4.22,6.65
1993-07-23,5.95,4.25,6.71
1993-07-26,5.93,4.22,6.68
1993-07-27,5.92,4.25,6.68
1993-07-28,5.9,4.21,6.66
1993-07-29,5.81,4.12,6.57
1993-07-30,5.83,4.13,6.57
1993-08-02,5.85,4.19,6.56
1993-08-03,5.83,4.17,6.53
1993-08-04,5.87,4.16,6.54
1993-08-05,5.86,4.12,6.53
1993-08-06,5.86,4.09,6.53
1993-08-09,5.82,4.06,6.47
1993-08-10,5.82,4.1,6.45
1993-08-11,5.75,4.1,6.44
1993-08-12,5.77,4.06,6.37
1993-08-13,5.72,4.0,6.35
1993-08-16,5.68,3.98,6.31
1993-08-17,5.7,4.02,6.31
1993-08-18,5.69,3.98,6.26
1993-08-19,5.64,3.93,6.21
1993-08-20,5.61,3.93,6.22
1993-08-23,5.6,3.97,6.22
1993-08-24,5.54,3.89,6.2
1993-08-25,5.51,3.85,6.18
1993-08-26,5.42,3.82,6.09
1993-08-27,5.48,3.87,6.13
1993-08-30,5.44,3.86,6.12
1993-08-31,5.45,3.88,6.09
1993-09-01,5.46,3.88,6.09
1993-09-02,5.41,3.83,6.04
1993-09-03,5.31,3.71,5.95
1993-09-07,5.23,3.7,5.88
1993-09-08,5.23,3.78,5.86
1993-09-09,5.35,3.88,5.96
1993-09-10,5.29,3.8,5.89
1993-09-13,5.26,3.82,5.86
1993-09-14,5.37,3.91,5.97
1993-09-15,5.39,3.89,6.0
1993-09-16,5.37,3.88,6.01
1993-09-17,5.38,3.89,6.04
1993-09-20,5.42,3.92,6.08
1993-09-21,5.47,3.9,6.14
1993-09-22,5.45,3.9,6.1
1993-09-23,5.42,3.87,6.06
1993-09-24,5.42,3.9,6.06
1993-09-27,5.3,3.81,5.97
1993-09-28,5.28,3.79,5.94
1993-09-29,5.35,3.84,6.0
1993-09-30,5.4,3.89,6.04
1993-10-01,5.34,3.84,5.98
1993-10-04,5.34,3.85,5.99
1993-10-05,5.35,3.86,6.01
1993-10-06,5.35,3.85,6.01
1993-10-07,5.33,3.83,6.01
1993-10-08,5.26,3.78,5.92
1993-10-12,5.27,3.82,5.92
1993-10-13,5.27,3.84,5.92
1993-10-14,5.23,3.82,5.86
1993-10-15,5.19,3.81,5.78
1993-10-18,5.27,3.84,5.85
1993-10-19,5.27,3.86,5.85
1993-10-20,5.26,3.86,5.83
1993-10-21,5.35,3.89,5.92
1993-10-22,5.42,3.91,5.98
1993-10-25,5.47,3.95,6.02
1993-10-26,5.43,3.93,6.0
1993-10-27,5.44,3.99,6.0
1993-10-28,5.41,3.97,5.97
1993-10-29,5.43,3.99,5.96
1993-11-01,5.56,4.11,6.02
1993-11-02,5.63,4.16,6.07
1993-11-03,5.67,4.13,6.11
1993-11-04,5.67,4.13,6.19
1993-11-05,5.75,4.2,6.22
1993-11-08,5.7,4.13,6.22
1993-11-09,5.64,4.12,6.16
1993-11-10,5.72,4.17,6.21
1993-11-12,5.66,4.11,6.15
1993-11-15,5.69,4.11,6.17
1993-11-16,5.66,4.1,6.17
1993-11-17,5.65,4.09,6.19
1993-11-18,5.72,4.15,6.23
1993-11-19,5.84,4.22,6.34
1993-11-22,5.89,4.26,6.36
1993-11-23,5.82,4.19,6.3
1993-11-24,5.84,4.18,6.31
1993-11-26,5.78,4.16,6.26
1993-11-29,5.76,4.17,6.23
1993-11-30,5.83,4.22,6.29
1993-12-01,5.82,4.2,6.28
1993-12-02,5.81,4.22,6.27
1993-12-03,5.8,4.24,6.25
1993-12-06,5.72,4.19,6.17
1993-12-07,5.71,4.17,6.17
1993-12-08,5.71,4.18,6.17
1993-12-09,5.68,4.18,6.15
1993-12-10,5.73,4.21,6.19
1993-12-13,5.78,4.23,6.24
1993-12-14,5.82,4.25,6.29
1993-12-15,5.83,4.22,6.29
1993-12-16,5.84,4.23,6.31
1993-12-17,5.81,4.2,6.29
1993-12-20,5.83,4.22,6.3
1993-12-21,5.85,4.26,6.32
1993-12-22,5.74,4.19,6.22
1993-12-23,5.72,4.18,6.22
1993-12-27,5.72,4.2,6.23
1993-12-28,5.72,4.2,6.24
1993-12-29,5.74,4.2,6.25
1993-12-30,5.82,4.25,6.34
1993-12-31,5.83,4.25,6.35
1994-01-03,5.92,4.3,6.41
1994-01-04,5.88,4.29,6.37
1994-01-05,5.9,4.31,6.4
1994-01-06,5.84,4.24,6.36
1994-01-07,5.7,4.09,6.24
1994-01-10,5.67,4.08,6.24
1994-01-11,5.67,4.08,6.25
1994-01-12,5.6,4.05,6.17
1994-01-13,5.71,4.13,6.26
1994-01-14,5.78,4.17,6.3
1994-01-18,5.74,4.14,6.28
1994-01-19,5.76,4.12,6.3
1994-01-20,5.71,4.07,6.27
1994-01-21,5.73,4.09,6.29
1994-01-24,5.74,4.09,6.3
1994-01-25,5.78,4.11,6.34
1994-01-26,5.77,4.13,6.33
1994-01-27,5.73,4.11,6.27
1994-01-28,5.68,4.08,6.21
1994-01-31,5.7,4.12,6.23
1994-02-01,5.77,4.2,6.31
1994-02-02,5.77,4.2,6.29
1994-02-03,5.81,4.28,6.31
1994-02-04,5.94,4.42,6.37
1994-02-07,5.96,4.41,6.38
1994-02-08,6.01,4.44,6.44
1994-02-09,5.92,4.43,6.43
1994-02-10,5.91,4.45,6.45
1994-02-11,5.88,4.44,6.41
1994-02-14,5.9,4.44,6.45
1994-02-15,5.88,4.44,6.45
1994-02-16,5.89,4.44,6.46
1994-02-17,6.0,4.5,6.54
1994-02-18,6.09,4.57,6.63
1994-02-22,6.05,4.57,6.6
1994-02-23,6.13,4.67,6.65
1994-02-24,6.22,4.72,6.75
1994-02-25,6.21,4.72,6.73
1994-02-28,6.15,4.67,6.67
1994-03-01,6.28,4.81,6.79
1994-03-02,6.3,4.79,6.79
1994-03-03,6.35,4.83,6.84
1994-03-04,6.38,4.88,6.85
1994-03-07,6.32,4.87,6.8
1994-03-08,6.38,4.92,6.85
1994-03-09,6.38,4.96,6.85
1994-03-10,6.48,4.96,6.94
1994-03-11,6.46,4.95,6.91
1994-03-14,6.5,4.99,6.93
1994-03-15,6.47,4.99,6.9
1994-03-16,6.4,4.96,6.82
1994-03-17,6.4,4.94,6.82
1994-03-18,6.49,5.03,6.9
1994-03-21,6.55,5.09,6.94
1994-03-22,6.44,5.03,6.85
1994-03-23,6.44,5.0,6.85
1994-03-24,6.58,5.08,6.98
1994-03-25,6.61,5.1,6.99
1994-03-28,6.63,5.12,6.98
1994-03-29,6.71,5.19,7.06
1994-03-30,6.78,5.19,7.1
1994-03-31,6.77,5.21,7.11
1994-04-04,7.16,5.57,7.43
1994-04-05,6.97,5.45,7.28
1994-04-06,6.93,5.4,7.25
1994-04-07,6.86,5.37,7.21
1994-04-08,6.94,5.43,7.26
1994-04-11,6.92,5.43,7.24
1994-04-12,6.87,5.4,7.2
1994-04-13,6.93,5.43,7.26
1994-04-14,6.97,5.49,7.29
1994-04-15,6.97,5.51,7.29
1994-04-18,7.14,5.7,7.41
1994-04-19,7.1,5.7,7.37
1994-04-20,7.05,5.67,7.33
1994-04-21,6.91,5.59,7.22
1994-04-22,6.93,5.62,7.21
1994-04-25,6.86,5.61,7.14
1994-04-26,6.86,5.59,7.12
1994-04-28,7.04,5.75,7.29
1994-04-29,7.06,5.73,7.31
1994-05-02,7.09,5.81,7.33
1994-05-03,7.13,5.86,7.35
1994-05-04,7.14,5.89,7.35
1994-05-05,7.11,5.88,7.33
1994-05-06,7.35,6.12,7.53
1994-05-09,7.49,6.26,7.63
1994-05-10,7.33,6.13,7.5
1994-05-11,7.4,6.2,7.6
1994-05-12,7.36,6.13,7.57
1994-05-13,7.29,6.05,7.5
1994-05-16,7.24,6.03,7.46
1994-05-17,7.03,5.88,7.27
1994-05-18,7.03,5.83,7.27
1994-05-19,6.96,5.73,7.24
1994-05-20,7.02,5.8,7.3
1994-05-23,7.19,5.94,7.44
1994-05-24,7.17,5.94,7.41
1994-05-25,7.14,5.95,7.37
1994-05-26,7.09,5.92,7.37
1994-05-27,7.12,5.97,7.4
1994-05-31,7.17,6.01,7.44
1994-06-01,7.12,5.98,7.39
1994-06-02,7.07,5.93,7.35
1994-06-03,6.98,5.84,7.26
1994-06-06,6.91,5.78,7.21
1994-06-07,6.95,5.8,7.26
1994-06-08,6.96,5.78,7.28
1994-06-09,6.98,5.8,7.28
1994-06-10,7.03,5.85,7.32
1994-06-13,7.07,5.91,7.36
1994-06-14,7.0,5.81,7.31
1994-06-15,7.1,5.88,7.41
1994-06-16,7.07,5.83,7.38
1994-06-17,7.14,5.88,7.45
1994-06-20,7.16,5.92,7.46
1994-06-21,7.22,6.04,7.51
1994-06-22,7.13,5.97,7.41
1994-06-23,7.1,5.94,7.4
1994-06-24,7.22,6.06,7.52
1994-06-27,7.18,6.05,7.46
1994-06-28,7.26,6.13,7.53
1994-06-29,7.24,6.12,7.51
1994-06-30,7.34,6.19,7.63
1994-07-01,7.34,6.19,7.62
1994-07-05,7.31,6.14,7.6
1994-07-06,7.32,6.11,7.61
1994-07-07,7.3,6.11,7.6
1994-07-08,7.42,6.25,7.7
1994-07-11,7.47,6.29,7.73
1994-07-12,7.43,6.24,7.69
1994-07-13,7.41,6.22,7.68
1994-07-14,7.25,6.05,7.54
1994-07-15,7.25,6.04,7.55
1994-07-18,7.2,5.99,7.51
1994-07-19,7.15,5.94,7.47
1994-07-20,7.25,6.06,7.55
1994-07-21,7.27,6.11,7.55
1994-07-22,7.29,6.15,7.56
1994-07-25,7.27,6.13,7.53
1994-07-26,7.28,6.16,7.55
1994-07-27,7.34,6.22,7.6
1994-07-28,7.29,6.21,7.55
1994-07-29,7.12,5.99,7.39
1994-08-01,7.13,6.03,7.41
1994-08-02,7.11,5.98,7.4
1994-08-03,7.09,5.96,7.38
1994-08-04,7.12,5.98,7.4
1994-08-05,7.28,6.18,7.54
1994-08-08,7.28,6.22,7.53
1994-08-09,7.33,6.26,7.57
1994-08-10,7.3,6.21,7.58
1994-08-11,7.36,6.26,7.56
1994-08-12,7.27,6.22,7.48
1994-08-15,7.3,6.26,7.51
1994-08-16,7.19,6.21,7.39
1994-08-17,7.15,6.14,7.39
1994-08-18,7.28,6.23,7.5
1994-08-19,7.27,6.23,7.5
1994-08-22,7.31,6.27,7.56
1994-08-23,7.28,6.26,7.54
1994-08-24,7.22,6.18,7.47
1994-08-25,7.29,6.24,7.55
1994-08-26,7.24,6.21,7.49
1994-08-29,7.24,6.2,7.5
1994-08-30,7.2,6.18,7.47
1994-08-31,7.19,6.17,7.46
1994-09-01,7.19,6.15,7.46
1994-09-02,7.21,6.17,7.5
1994-09-06,7.27,6.22,7.55
1994-09-07,7.29,6.22,7.58
1994-09-08,7.3,6.22,7.58
1994-09-09,7.44,6.35,7.71
1994-09-12,7.46,6.37,7.72
1994-09-13,7.44,6.35,7.7
1994-09-14,7.41,6.33,7.68
1994-09-15,7.35,6.28,7.64
1994-09-16,7.52,6.42,7.78
1994-09-19,7.49,6.39,7.75
1994-09-20,7.53,6.44,7.78
1994-09-21,7.56,6.52,7.8
1994-09-22,7.56,6.5,7.79
1994-09-23,7.57,6.52,7.8
1994-09-26,7.57,6.54,7.8
1994-09-27,7.61,6.52,7.85
1994-09-28,7.57,6.51,7.81
1994-09-29,7.64,6.6,7.86
1994-09-30,7.62,6.62,7.82
1994-10-03,7.66,6.69,7.86
1994-10-04,7.7,6.68,7.89
1994-10-05,7.77,6.73,7.95
1994-10-06,7.78,6.71,7.95
1994-10-07,7.7,6.65,7.91
1994-10-11,7.65,6.63,7.86
1994-10-12,7.69,6.67,7.89
1994-10-13,7.64,6.63,7.84
1994-10-14,7.61,6.57,7.83
1994-10-17,7.62,6.61,7.83
1994-10-18,7.64,6.61,7.86
1994-10-19,7.68,6.66,7.9
1994-10-20,7.8,6.77,8.0
1994-10-21,7.81,6.8,7.99
1994-10-24,7.86,6.84,8.04
1994-10-25,7.88,6.87,8.06
1994-10-26,7.88,6.9,8.06
1994-10-27,7.88,6.89,8.05
1994-10-28,7.82,6.82,7.96
1994-10-31,7.81,6.84,7.97
1994-11-01,7.91,6.93,8.06
1994-11-02,7.96,6.96,8.09
1994-11-03,7.96,6.98,8.11
1994-11-04,8.04,7.05,8.16
1994-11-07,8.05,7.06,8.16
1994-11-08,8.01,7.02,8.12
1994-11-09,7.94,7.01,8.09
1994-11-10,7.98,7.06,8.15
1994-11-14,7.94,7.06,8.09
1994-11-15,7.92,7.1,8.05
1994-11-16,7.97,7.15,8.09
1994-11-17,8.03,7.21,8.14
1994-11-18,8.01,7.23,8.14
1994-11-21,8.03,7.3,8.14
1994-11-22,8.0,7.29,8.11
1994-11-23,7.81,7.18,7.96
1994-11-25,7.8,7.19,7.94
1994-11-28,7.88,7.35,7.99
1994-11-29,7.95,7.44,8.05
1994-11-30,7.91,7.4,7.99
1994-12-01,7.92,7.42,8.02
1994-12-02,7.81,7.44,7.92
1994-12-05,7.83,7.58,7.94
1994-12-06,7.73,7.44,7.84
1994-12-07,7.81,7.48,7.9
1994-12-08,7.79,7.51,7.88
1994-12-09,7.79,7.53,7.86
1994-12-12,7.85,7.62,7.92
1994-12-13,7.83,7.71,7.86
1994-12-14,7.8,7.59,7.86
1994-12-15,7.79,7.54,7.86
1994-12-16,7.81,7.59,7.86
1994-12-19,7.81,7.59,7.84
1994-12-20,7.81,7.56,7.85
1994-12-21,7.8,7.58,7.84
1994-12-22,7.84,7.7,7.87
1994-12-23,7.85,7.74,7.85
1994-12-27,7.76,7.67,7.76
1994-12-28,7.8,7.71,7.83
1994-12-29,7.82,7.69,7.85
1994-12-30,7.84,7.69,7.89
1994-12-31,nan,nan,nan
1995-01-03,7.88,7.73,7.93
1995-01-04,7.82,7.62,7.85
1995-01-05,7.88,7.66,7.91
1995-01-06,7.87,7.64,7.87
1995-01-09,7.89,7.68,7.9
1995-01-10,7.84,7.63,7.87
1995-01-11,7.79,7.58,7.85
1995-01-12,7.8,7.56,7.88
1995-01-13,7.69,7.39,7.8
1995-01-17,7.7,7.44,7.78
1995-01-18,7.71,7.48,7.78
1995-01-19,7.74,7.49,7.82
1995-01-20,7.82,7.5,7.9
1995-01-23,7.83,7.5,7.91
1995-01-24,7.86,7.57,7.93
1995-01-25,7.8,7.5,7.88
1995-01-26,7.76,7.39,7.85
1995-01-27,7.66,7.29,7.75
1995-01-30,7.65,7.23,7.76
1995-01-31,7.6,7.26,7.71
1995-02-01,7.66,7.33,7.75
1995-02-02,7.68,7.4,7.76
1995-02-03,7.49,7.14,7.61
1995-02-06,7.53,7.18,7.64
1995-02-07,7.52,7.19,7.65
1995-02-08,7.53,7.18,7.66
1995-02-09,7.58,7.23,7.65
1995-02-10,7.62,7.33,7.68
1995-02-13,7.61,7.32,7.67
1995-02-14,7.51,7.21,7.61
1995-02-15,7.45,7.12,7.58
1995-02-16,7.4,7.02,7.57
1995-02-17,7.43,7.07,7.59
1995-02-21,7.44,7.09,7.61
1995-02-22,7.34,6.92,7.54
1995-02-23,7.34,6.92,7.56
1995-02-24,7.33,6.89,7.54
1995-02-27,7.24,6.79,7.49
1995-02-28,7.22,6.79,7.46
1995-03-01,7.23,6.81,7.45
1995-03-02,7.3,6.88,7.5
1995-03-03,7.36,6.89,7.56
1995-03-06,7.41,6.96,7.59
1995-03-07,7.44,7.0,7.64
1995-03-08,7.36,6.93,7.56
1995-03-09,7.3,6.83,7.53
1995-03-10,7.23,6.83,7.46
1995-03-13,7.19,6.76,7.45
1995-03-14,7.09,6.69,7.35
1995-03-15,7.09,6.71,7.36
1995-03-16,7.05,6.68,7.33
1995-03-17,7.12,6.69,7.37
1995-03-20,7.12,6.69,7.4
1995-03-21,7.16,6.71,7.43
1995-03-22,7.21,6.75,7.46
1995-03-23,7.21,6.75,7.47
1995-03-24,7.09,6.64,7.38
1995-03-27,7.05,6.62,7.33
1995-03-28,7.16,6.73,7.41
1995-03-29,7.16,6.73,7.4
1995-03-30,7.18,6.76,7.43
1995-03-31,7.2,6.8,7.44
1995-04-03,7.14,6.75,7.39
1995-04-04,7.12,6.71,7.38
1995-04-05,7.12,6.7,7.38
1995-04-06,7.09,6.66,7.36
1995-04-07,7.11,6.65,7.39
1995-04-10,7.12,6.66,7.39
1995-04-11,7.09,6.65,7.37
1995-04-12,7.06,6.61,7.36
1995-04-13,7.03,6.51,7.34
1995-04-17,7.04,6.48,7.39
1995-04-18,7.04,6.44,7.4
1995-04-19,7.06,6.51,7.37
1995-04-20,7.02,6.43,7.35
1995-04-21,7.01,6.44,7.34
1995-04-24,7.01,6.46,7.32
1995-04-25,7.01,6.48,7.33
1995-04-26,7.01,6.5,7.32
1995-04-27,7.04,6.55,7.33
1995-04-28,7.07,6.6,7.34
1995-05-01,7.09,6.62,7.35
1995-05-02,7.04,6.55,7.33
1995-05-03,6.96,6.47,7.25
1995-05-04,6.85,6.35,7.15
1995-05-05,6.69,6.16,7.02
1995-05-08,6.7,6.18,7.02
1995-05-09,6.61,6.08,6.94
1995-05-10,6.66,6.11,6.97
1995-05-11,6.68,6.2,6.99
1995-05-12,6.67,6.2,7.0
1995-05-15,6.62,6.16,6.95
1995-05-16,6.57,6.11,6.87
1995-05-17,6.53,6.11,6.86
1995-05-18,6.61,6.18,6.91
1995-05-19,6.61,6.19,6.91
1995-05-22,6.63,6.19,6.92
1995-05-23,6.57,6.15,6.87
1995-05-24,6.44,6.01,6.77
1995-05-25,6.39,5.99,6.73
1995-05-26,6.4,5.97,6.75
1995-05-30,6.3,5.89,6.67
1995-05-31,6.3,5.89,6.67
1995-06-01,6.2,5.71,6.61
1995-06-02,6.1,5.54,6.52
1995-06-05,6.08,5.54,6.51
1995-06-06,6.08,5.57,6.51
1995-06-07,6.2,5.74,6.53
1995-06-08,6.22,5.82,6.57
1995-06-09,6.4,6.01,6.72
1995-06-12,6.37,5.96,6.71
1995-06-13,6.14,5.63,6.56
1995-06-14,6.15,5.67,6.57
1995-06-15,6.18,5.73,6.61
1995-06-16,6.21,5.77,6.62
1995-06-19,6.13,5.65,6.56
1995-06-20,6.16,5.72,6.57
1995-06-21,6.13,5.68,6.55
1995-06-22,6.04,5.61,6.48
1995-06-23,6.06,5.64,6.51
1995-06-26,6.11,5.71,6.54
1995-06-27,6.15,5.7,6.56
1995-06-28,6.1,5.67,6.52
1995-06-29,6.28,5.89,6.65
1995-06-30,6.21,5.79,6.63
1995-07-03,6.21,5.79,6.63
1995-07-05,6.19,5.78,6.61
1995-07-06,6.05,5.56,6.51
1995-07-07,6.04,5.54,6.52
1995-07-10,6.04,5.56,6.51
1995-07-11,6.09,5.59,6.57
1995-07-12,6.1,5.59,6.55
1995-07-13,6.09,5.61,6.55
1995-07-14,6.15,5.7,6.6
1995-07-17,6.22,5.77,6.67
1995-07-18,6.25,5.77,6.73
1995-07-19,6.43,5.89,6.89
1995-07-20,6.43,5.91,6.87
1995-07-21,6.53,5.95,6.96
1995-07-24,6.46,5.97,6.9
1995-07-25,6.43,5.94,6.84
1995-07-26,6.48,5.97,6.9
1995-07-27,6.43,5.91,6.84
1995-07-28,6.49,5.92,6.91
1995-07-31,6.45,5.88,6.86
1995-08-01,6.5,5.94,6.92
1995-08-02,6.44,5.86,6.86
1995-08-03,6.53,5.94,6.93
1995-08-04,6.5,5.91,6.9
1995-08-07,6.48,5.9,6.89
1995-08-08,6.47,5.9,6.89
1995-08-09,6.47,5.93,6.93
1995-08-10,6.51,5.95,6.9
1995-08-11,6.59,6.05,6.98
1995-08-14,6.59,6.05,6.96
1995-08-15,6.57,6.11,6.92
1995-08-16,6.54,6.07,6.89
1995-08-17,6.57,6.12,6.9
1995-08-18,6.57,6.13,6.91
1995-08-21,6.54,6.08,6.87
1995-08-22,6.57,6.1,6.89
1995-08-23,6.6,6.11,6.92
1995-08-24,6.5,6.0,6.84
1995-08-25,6.38,5.9,6.72
1995-08-28,6.34,5.85,6.7
1995-08-29,6.36,5.93,6.72
1995-08-30,6.33,5.88,6.7
1995-08-31,6.28,5.85,6.65
1995-09-01,6.22,5.78,6.61
1995-09-05,6.18,5.77,6.57
1995-09-06,6.17,5.76,6.57
1995-09-07,6.21,5.8,6.6
1995-09-08,6.24,5.85,6.6
1995-09-11,6.24,5.83,6.6
1995-09-12,6.16,5.77,6.51
1995-09-13,6.18,5.8,6.52
1995-09-14,6.08,5.68,6.45
1995-09-15,6.11,5.71,6.47
1995-09-18,6.17,5.77,6.53
1995-09-19,6.14,5.75,6.49
1995-09-20,6.1,5.73,6.46
1995-09-21,6.21,5.83,6.56
1995-09-22,6.25,5.85,6.59
1995-09-25,6.26,5.89,6.58
1995-09-26,6.28,5.88,6.58
1995-09-27,6.3,5.92,6.61
1995-09-28,6.28,5.92,6.59
1995-09-29,6.17,5.83,6.49
1995-10-02,6.15,5.82,6.48
1995-10-03,6.13,5.8,6.46
1995-10-04,6.12,5.75,6.44
1995-10-05,6.06,5.72,6.43
1995-10-06,6.06,5.73,6.43
1995-10-10,6.07,5.74,6.43
1995-10-11,6.09,5.75,6.44
1995-10-12,6.07,5.72,6.41
1995-10-13,5.97,5.67,6.3
1995-10-16,5.97,5.67,6.32
1995-10-17,5.97,5.65,6.3
1995-10-18,5.99,5.67,6.32
1995-10-19,5.98,5.67,6.31
1995-10-20,6.04,5.72,6.35
1995-10-23,6.07,5.76,6.38
1995-10-24,6.02,5.68,6.33
1995-10-25,6.0,5.64,6.32
1995-10-26,6.06,5.61,6.38
1995-10-27,6.05,5.64,6.35
1995-10-30,6.04,5.62,6.35
1995-10-31,6.03,5.61,6.34
1995-11-01,5.98,5.52,6.29
1995-11-02,5.92,5.46,6.25
1995-11-03,5.94,5.49,6.28
1995-11-06,5.96,5.51,6.29
1995-11-07,5.99,5.54,6.31
1995-11-08,5.92,5.47,6.25
1995-11-09,5.97,5.49,6.29
1995-11-10,6.0,5.52,6.33
1995-11-13,5.98,5.49,6.28
1995-11-14,5.97,5.47,6.3
1995-11-15,6.0,5.53,6.3
1995-11-16,5.93,5.46,6.24
1995-11-17,5.92,5.46,6.23
1995-11-20,5.93,5.46,6.25
1995-11-21,5.92,5.49,6.27
1995-11-22,5.93,5.51,6.28
1995-11-24,5.91,5.49,6.25
1995-11-27,5.88,5.46,6.23
1995-11-28,5.88,5.45,6.24
1995-11-29,5.85,5.42,6.22
1995-11-30,5.76,5.36,6.14
1995-12-01,5.71,5.32,6.1
1995-12-04,5.63,5.27,6.01
1995-12-05,5.65,5.29,6.04
1995-12-06,5.67,5.32,6.03
1995-12-07,5.72,5.39,6.07
1995-12-08,5.73,5.39,6.06
1995-12-11,5.71,5.38,6.04
1995-12-12,5.72,5.39,6.05
1995-12-13,5.74,5.39,6.07
1995-12-14,5.74,5.38,6.08
1995-12-15,5.75,5.36,6.09
1995-12-18,5.85,5.43,6.2
1995-12-19,5.81,5.36,6.14
1995-12-20,5.76,5.33,6.11
1995-12-21,5.77,5.33,6.11
1995-12-22,5.71,5.28,6.06
1995-12-26,5.69,5.27,6.04
1995-12-27,5.66,5.23,6.01
1995-12-28,5.63,5.2,5.98
1995-12-29,5.58,5.18,5.96
1995-12-31,nan,nan,nan
1996-01-02,5.6,5.18,5.97
1996-01-03,5.58,5.17,5.96
1996-01-04,5.65,5.17,6.03
1996-01-05,5.69,5.2,6.05
1996-01-08,5.68,5.2,6.04
1996-01-09,5.7,5.18,6.06
1996-01-10,5.8,5.22,6.16
1996-01-11,5.78,5.22,6.16
1996-01-12,5.75,5.17,6.16
1996-01-16,5.66,5.08,6.09
1996-01-17,5.58,5.05,6.0
1996-01-18,5.53,5.01,5.98
1996-01-19,5.54,5.03,5.97
1996-01-22,5.61,5.08,6.04
1996-01-23,5.66,5.09,6.09
1996-01-24,5.62,5.07,6.02
1996-01-25,5.7,5.11,6.11
1996-01-26,5.65,5.08,6.04
1996-01-29,5.69,5.1,6.09
1996-01-30,5.63,5.02,6.04
1996-01-31,5.6,4.93,6.03
1996-02-01,5.63,4.93,6.08
1996-02-02,5.66,4.9,6.15
1996-02-05,5.7,4.95,6.15
1996-02-06,5.68,4.93,6.14
1996-02-07,5.66,4.92,6.15
1996-02-08,5.66,4.9,6.09
1996-02-09,5.66,4.85,6.11
1996-02-12,5.61,4.83,6.05
1996-02-13,5.58,4.8,6.02
1996-02-14,5.62,4.82,6.07
1996-02-15,5.7,4.87,6.16
1996-02-16,5.76,4.9,6.23
1996-02-20,6.01,5.18,6.39
1996-02-21,5.98,5.16,6.39
1996-02-22,5.92,5.11,6.36
1996-02-23,5.97,5.13,6.42
1996-02-26,6.01,5.18,6.45
1996-02-27,6.06,5.28,6.47
1996-02-28,6.11,5.43,6.48
1996-02-29,6.13,5.44,6.48
1996-03-01,5.99,5.26,6.38
1996-03-04,5.92,5.21,6.34
1996-03-05,5.96,5.28,6.39
1996-03-06,6.05,5.36,6.44
1996-03-07,6.07,5.4,6.46
1996-03-08,6.41,5.73,6.7
1996-03-11,6.33,5.71,6.63
1996-03-12,6.36,5.78,6.66
1996-03-13,6.35,5.73,6.68
1996-03-14,6.36,5.7,6.68
1996-03-15,6.46,5.87,6.75
1996-03-18,6.43,5.89,6.71
1996-03-19,6.41,5.85,6.7
1996-03-20,6.34,5.76,6.65
1996-03-21,6.28,5.72,6.62
1996-03-22,6.32,5.74,6.65
1996-03-25,6.26,5.69,6.58
1996-03-26,6.25,5.72,6.59
1996-03-27,6.34,5.81,6.68
1996-03-28,6.41,5.88,6.73
1996-03-29,6.34,5.79,6.67
1996-04-01,6.31,5.79,6.66
1996-04-02,6.25,5.74,6.62
1996-04-03,6.27,5.77,6.63
1996-04-04,6.33,5.83,6.66
1996-04-05,6.57,6.09,6.83
1996-04-08,6.63,6.11,6.88
1996-04-09,6.56,6.06,6.84
1996-04-10,6.63,6.1,6.91
1996-04-11,6.68,6.12,6.95
1996-04-12,6.52,5.96,6.81
1996-04-15,6.47,5.93,6.79
1996-04-16,6.48,5.91,6.78
1996-04-17,6.52,5.96,6.81
1996-04-18,6.58,6.02,6.84
1996-04-19,6.53,5.95,6.8
1996-04-22,6.48,5.92,6.75
1996-04-23,6.52,5.93,6.78
1996-04-24,6.57,5.95,6.81
1996-04-25,6.56,5.99,6.81
1996-04-26,6.54,5.92,6.79
1996-04-29,6.59,5.98,6.83
1996-04-30,6.66,6.03,6.89
1996-05-01,6.68,6.03,6.91
1996-05-02,6.85,6.16,7.05
1996-05-03,6.9,6.2,7.12
1996-05-06,6.86,6.15,7.07
1996-05-07,6.87,6.2,7.08
1996-05-08,6.78,6.15,7.0
1996-05-09,6.84,6.14,7.02
1996-05-10,6.75,6.04,6.93
1996-05-13,6.72,6.06,6.9
1996-05-14,6.66,6.01,6.85
1996-05-15,6.65,6.01,6.84
1996-05-16,6.7,6.08,6.9
1996-05-17,6.65,6.04,6.84
1996-05-20,6.62,6.02,6.82
1996-05-21,6.65,6.03,6.85
1996-05-22,6.63,6.03,6.81
1996-05-23,6.68,6.05,6.87
1996-05-24,6.65,6.03,6.84
1996-05-28,6.67,6.05,6.85
1996-05-29,6.77,6.16,6.94
1996-05-30,6.78,6.18,6.92
1996-05-31,6.85,6.27,7.0
1996-06-03,6.87,6.26,7.01
1996-06-04,6.86,6.24,7.0
1996-06-05,6.82,6.24,6.96
1996-06-06,6.76,6.16,6.91
1996-06-07,6.93,6.4,7.05
1996-06-10,6.97,6.4,7.1
1996-06-11,6.99,6.37,7.13
1996-06-12,7.03,6.39,7.18
1996-06-13,7.01,6.36,7.15
1996-06-14,6.95,6.29,7.1
1996-06-17,6.9,6.27,7.06
1996-06-18,6.93,6.28,7.09
1996-06-19,6.96,6.31,7.12
1996-06-20,6.98,6.38,7.12
1996-06-21,6.96,6.35,7.11
1996-06-24,6.94,6.32,7.09
1996-06-25,6.91,6.3,7.06
1996-06-26,6.91,6.3,7.05
1996-06-27,6.83,6.21,6.99
1996-06-28,6.73,6.11,6.9
1996-07-01,6.74,6.15,6.91
1996-07-02,6.8,6.22,6.94
1996-07-03,6.78,6.2,6.94
1996-07-05,7.06,6.44,7.19
1996-07-08,7.05,6.43,7.19
1996-07-09,7.0,6.41,7.15
1996-07-10,6.95,6.34,7.1
1996-07-11,6.9,6.28,7.07
1996-07-12,6.85,6.26,7.03
1996-07-15,6.89,6.32,7.07
1996-07-16,6.84,6.23,7.03
1996-07-17,6.83,6.23,7.02
1996-07-18,6.72,6.16,6.92
1996-07-19,6.78,6.18,6.97
1996-07-22,6.84,6.23,7.01
1996-07-23,6.8,6.23,6.97
1996-07-24,6.87,6.26,7.04
1996-07-25,6.87,6.28,7.04
1996-07-26,6.85,6.25,7.02
1996-07-29,6.93,6.32,7.09
1996-07-30,6.89,6.3,7.05
1996-07-31,6.8,6.22,6.98
1996-08-01,6.65,6.08,6.84
1996-08-02,6.51,5.91,6.74
1996-08-05,6.53,5.93,6.75
1996-08-06,6.54,5.93,6.76
1996-08-07,6.55,5.97,6.78
1996-08-08,6.56,5.97,6.76
1996-08-09,6.5,5.93,6.7
1996-08-12,6.49,5.92,6.7
1996-08-13,6.57,5.97,6.78
1996-08-14,6.58,5.97,6.78
1996-08-15,6.62,6.0,6.82
1996-08-16,6.56,5.95,6.77
1996-08-19,6.59,5.97,6.8
1996-08-20,6.59,5.97,6.8
1996-08-21,6.61,5.99,6.83
1996-08-22,6.62,6.0,6.84
1996-08-23,6.72,6.09,6.93
1996-08-26,6.8,6.18,7.0
1996-08-27,6.78,6.17,6.97
1996-08-28,6.79,6.17,6.99
1996-08-29,6.86,6.23,7.05
1996-08-30,6.96,6.34,7.13
1996-09-03,6.92,6.35,7.07
1996-09-04,6.94,6.38,7.1
1996-09-05,6.98,6.38,7.15
1996-09-06,6.94,6.33,7.12
1996-09-09,6.9,6.32,7.08
1996-09-10,6.94,6.34,7.13
1996-09-11,6.94,6.34,7.12
1996-09-12,6.88,6.27,7.08
1996-09-13,6.74,6.1,6.95
1996-09-16,6.73,6.14,6.95
1996-09-17,6.81,6.22,7.0
1996-09-18,6.83,6.26,7.02
1996-09-19,6.87,6.29,7.05
1996-09-20,6.85,6.26,7.04
1996-09-23,6.83,6.24,7.02
1996-09-24,6.77,6.16,6.99
1996-09-25,6.71,6.08,6.93
1996-09-26,6.66,6.05,6.88
1996-09-27,6.68,6.07,6.91
1996-09-30,6.72,6.1,6.93
1996-10-01,6.65,6.03,6.88
1996-10-02,6.61,5.98,6.84
1996-10-03,6.61,6.0,6.84
1996-10-04,6.48,5.85,6.74
1996-10-07,6.53,5.89,6.78
1996-10-08,6.53,5.9,6.79
1996-10-09,6.55,5.96,6.83
1996-10-10,6.61,6.01,6.89
1996-10-11,6.55,5.92,6.84
1996-10-15,6.56,5.93,6.85
1996-10-16,6.57,5.94,6.86
1996-10-17,6.51,5.89,6.81
1996-10-18,6.5,5.89,6.79
1996-10-21,6.52,5.91,6.81
1996-10-22,6.56,5.95,6.85
1996-10-23,6.56,5.94,6.84
1996-10-24,6.57,5.94,6.85
1996-10-25,6.54,5.9,6.82
1996-10-28,6.56,5.92,6.83
1996-10-29,6.4,5.77,6.7
1996-10-30,6.4,5.79,6.69
1996-10-31,6.37,5.77,6.66
1996-11-01,6.38,5.79,6.68
1996-11-04,6.36,5.78,6.67
1996-11-05,6.28,5.74,6.6
1996-11-06,6.3,5.76,6.61
1996-11-07,6.26,5.75,6.48
1996-11-08,6.29,5.76,6.51
1996-11-12,6.19,5.73,6.44
1996-11-13,6.2,5.71,6.46
1996-11-14,6.15,5.66,6.42
1996-11-15,6.19,5.68,6.46
1996-11-18,6.2,5.7,6.46
1996-11-19,6.17,5.68,6.44
1996-11-20,6.14,5.65,6.41
1996-11-21,6.15,5.67,6.42
1996-11-22,6.15,5.69,6.44
1996-11-25,6.13,5.67,6.42
1996-11-26,6.13,5.66,6.43
1996-11-27,6.14,5.66,6.44
1996-11-29,6.06,5.59,6.36
1996-12-02,6.08,5.61,6.36
1996-12-03,6.06,5.61,6.35
1996-12-04,6.11,5.64,6.4
1996-12-05,6.22,5.71,6.5
1996-12-06,6.26,5.73,6.53
1996-12-09,6.21,5.7,6.48
1996-12-10,6.23,5.71,6.49
1996-12-11,6.38,5.82,6.61
1996-12-12,6.4,5.84,6.64
1996-12-13,6.33,5.77,6.58
1996-12-16,6.39,5.82,6.63
1996-12-17,6.42,5.87,6.66
1996-12-18,6.46,5.89,6.69
1996-12-19,6.36,5.83,6.6
1996-12-20,6.35,5.83,6.59
1996-12-23,6.34,5.85,6.58
1996-12-24,6.36,5.85,6.59
1996-12-26,6.35,5.85,6.59
1996-12-27,6.3,5.81,6.54
1996-12-30,6.31,5.8,6.54
1996-12-31,6.43,5.88,6.65
1997-01-02,6.54,5.97,6.75
1997-01-03,6.52,5.95,6.74
1997-01-06,6.54,5.97,6.77
1997-01-07,6.57,5.98,6.8
1997-01-08,6.6,6.01,6.83
1997-01-09,6.52,5.94,6.76
1997-01-10,6.63,6.06,6.86
1997-01-13,6.63,6.07,6.85
1997-01-14,6.53,5.98,6.77
1997-01-15,6.53,5.98,6.79
1997-01-16,6.57,6.0,6.83
1997-01-17,6.56,6.0,6.83
1997-01-21,6.52,5.99,6.78
1997-01-22,6.56,6.0,6.83
1997-01-23,6.6,6.06,6.85
1997-01-24,6.64,6.07,6.89
1997-01-27,6.69,6.11,6.94
1997-01-28,6.64,6.04,6.91
1997-01-29,6.63,6.04,6.9
1997-01-30,6.61,6.01,6.88
1997-01-31,6.53,5.94,6.8
1997-02-03,6.47,5.89,6.74
1997-02-04,6.45,5.88,6.72
1997-02-05,6.47,5.91,6.75
1997-02-06,6.49,5.91,6.76
1997-02-07,6.43,5.86,6.72
1997-02-10,6.43,5.87,6.71
1997-02-11,6.43,5.88,6.71
1997-02-12,6.39,5.9,6.72
1997-02-13,6.32,5.83,6.58
1997-02-14,6.28,5.79,6.53
1997-02-18,6.28,5.8,6.55
1997-02-19,6.3,5.82,6.57
1997-02-20,6.38,5.85,6.64
1997-02-21,6.36,5.85,6.63
1997-02-24,6.39,5.89,6.66
1997-02-25,6.4,5.9,6.66
1997-02-26,6.56,6.06,6.8
1997-02-27,6.58,6.09,6.82
1997-02-28,6.56,6.09,6.8
1997-03-03,6.58,6.11,6.83
1997-03-04,6.6,6.11,6.86
1997-03-05,6.6,6.13,6.85
1997-03-06,6.62,6.15,6.89
1997-03-07,6.57,6.1,6.83
1997-03-10,6.56,6.1,6.83
1997-03-11,6.57,6.09,6.84
1997-03-12,6.6,6.12,6.87
1997-03-13,6.72,6.21,6.98
1997-03-14,6.71,6.18,6.95
1997-03-17,6.72,6.22,6.96
1997-03-18,6.72,6.22,6.96
1997-03-19,6.74,6.24,6.99
1997-03-20,6.75,6.27,6.97
1997-03-21,6.74,6.29,6.96
1997-03-24,6.72,6.29,6.94
1997-03-25,6.75,6.33,6.95
1997-03-26,6.8,6.38,7.0
1997-03-27,6.9,6.45,7.09
1997-03-31,6.92,6.45,7.1
1997-04-01,6.9,6.42,7.09
1997-04-02,6.88,6.42,7.08
1997-04-03,6.86,6.4,7.08
1997-04-04,6.92,6.44,7.14
1997-04-07,6.87,6.41,7.08
1997-04-08,6.91,6.44,7.11
1997-04-09,6.91,6.44,7.11
1997-04-10,6.91,6.46,7.11
1997-04-11,6.98,6.53,7.17
1997-04-14,6.98,6.54,7.17
1997-04-15,6.88,6.45,7.1
1997-04-16,6.9,6.49,7.11
1997-04-17,6.86,6.44,7.07
1997-04-18,6.84,6.42,7.06
1997-04-21,6.87,6.46,7.09
1997-04-22,6.84,6.43,7.05
1997-04-23,6.89,6.47,7.09
1997-04-24,6.93,6.52,7.13
1997-04-25,6.94,6.54,7.14
1997-04-28,6.92,6.51,7.12
1997-04-29,6.77,6.34,6.99
1997-04-30,6.72,6.29,6.95
1997-05-01,6.69,6.27,6.93
1997-05-02,6.68,6.26,6.9
1997-05-05,6.67,6.28,6.9
1997-05-06,6.67,6.29,6.89
1997-05-07,6.76,6.36,6.96
1997-05-08,6.72,6.33,6.92
1997-05-09,6.67,6.24,6.89
1997-05-12,6.65,6.23,6.88
1997-05-13,6.71,6.3,6.92
1997-05-14,6.68,6.26,6.9
1997-05-15,6.67,6.25,6.88
1997-05-16,6.7,6.28,6.91
1997-05-19,6.71,6.28,6.92
1997-05-20,6.7,6.25,6.92
1997-05-21,6.74,6.25,6.97
1997-05-22,6.76,6.27,7.0
1997-05-23,6.74,6.25,6.99
1997-05-27,6.79,6.3,7.03
1997-05-28,6.8,6.34,7.03
1997-05-29,6.75,6.3,6.99
1997-05-30,6.67,6.22,6.92
1997-06-02,6.66,6.23,6.9
1997-06-03,6.63,6.2,6.88
1997-06-04,6.62,6.2,6.88
1997-06-05,6.62,6.2,6.88
1997-06-06,6.51,6.12,6.78
1997-06-09,6.55,6.15,6.83
1997-06-10,6.57,6.17,6.84
1997-06-11,6.56,6.19,6.83
1997-06-12,6.48,6.07,6.77
1997-06-13,6.43,6.03,6.73
1997-06-16,6.4,6.02,6.7
1997-06-17,6.43,6.05,6.72
1997-06-18,6.4,6.02,6.69
1997-06-19,6.4,6.04,6.68
1997-06-20,6.37,6.02,6.65
1997-06-23,6.4,6.04,6.69
1997-06-24,6.42,6.03,6.7
1997-06-25,6.45,6.05,6.74
1997-06-26,6.5,6.05,6.78
1997-06-27,6.46,6.03,6.75
1997-06-30,6.51,6.08,6.8
1997-07-01,6.45,6.02,6.74
1997-07-02,6.42,6.02,6.72
1997-07-03,6.31,5.93,6.63
1997-07-07,6.27,5.92,6.58
1997-07-08,6.27,5.92,6.59
1997-07-09,6.25,5.9,6.56
1997-07-10,6.26,5.91,6.56
1997-07-11,6.23,5.89,6.53
1997-07-14,6.26,5.94,6.55
1997-07-15,6.26,5.92,6.55
1997-07-16,6.2,5.87,6.48
1997-07-17,6.19,5.87,6.49
1997-07-18,6.24,5.91,6.52
1997-07-21,6.27,5.94,6.55
1997-07-22,6.15,5.9,6.43
1997-07-23,6.14,5.85,6.42
1997-07-24,6.16,5.87,6.43
1997-07-25,6.18,5.87,6.45
1997-07-28,6.16,5.86,6.43
1997-07-29,6.11,5.79,6.38
1997-07-30,6.05,5.76,6.33
1997-07-31,6.02,5.74,6.3
1997-08-01,6.2,5.89,6.46
1997-08-04,6.23,5.91,6.48
1997-08-05,6.23,5.93,6.49
1997-08-06,6.21,5.91,6.48
1997-08-07,6.24,5.93,6.51
1997-08-08,6.38,6.02,6.64
1997-08-11,6.36,5.99,6.64
1997-08-12,6.39,6.0,6.66
1997-08-13,6.36,5.95,6.64
1997-08-14,6.27,5.92,6.56
1997-08-15,6.27,5.87,6.57
1997-08-18,6.21,5.82,6.53
1997-08-19,6.21,5.85,6.51
1997-08-20,6.24,5.88,6.54
1997-08-21,6.3,5.95,6.6
1997-08-22,6.38,5.98,6.67
1997-08-25,6.39,6.01,6.67
1997-08-26,6.38,5.99,6.66
1997-08-27,6.38,6.01,6.66
1997-08-28,6.3,5.94,6.57
1997-08-29,6.34,5.97,6.61
1997-09-02,6.31,5.94,6.58
1997-09-03,6.33,5.96,6.6
1997-09-04,6.33,5.98,6.61
1997-09-05,6.37,5.98,6.65
1997-09-08,6.33,5.98,6.62
1997-09-09,6.34,5.98,6.63
1997-09-10,6.37,6.0,6.66
1997-09-11,6.39,6.0,6.68
1997-09-12,6.29,5.93,6.59
1997-09-15,6.28,5.93,6.58
1997-09-16,6.11,5.81,6.41
1997-09-17,6.1,5.79,6.39
1997-09-18,6.11,5.81,6.4
1997-09-19,6.09,5.81,6.38
1997-09-22,6.06,5.79,6.35
1997-09-23,6.1,5.8,6.38
1997-09-24,6.04,5.78,6.32
1997-09-25,6.13,5.85,6.4
1997-09-26,6.08,5.8,6.37
1997-09-29,6.1,5.8,6.39
1997-09-30,6.12,5.8,6.41
1997-10-01,6.04,5.75,6.33
1997-10-02,6.01,5.73,6.31
1997-10-03,6.01,5.72,6.3
1997-10-06,5.96,5.68,6.27
1997-10-07,5.94,5.67,6.24
1997-10-08,6.08,5.79,6.37
1997-10-09,6.09,5.8,6.38
1997-10-10,6.15,5.86,6.44
1997-10-14,6.07,5.81,6.36
1997-10-15,6.1,5.84,6.39
1997-10-16,6.09,5.84,6.39
1997-10-17,6.17,5.91,6.44
1997-10-20,6.15,5.9,6.42
1997-10-21,6.14,5.92,6.42
1997-10-22,6.12,5.91,6.41
1997-10-23,6.04,5.79,6.33
1997-10-24,6.01,5.79,6.3
1997-10-27,5.91,5.62,6.24
1997-10-28,5.98,5.74,6.29
1997-10-29,5.91,5.67,6.23
1997-10-30,5.84,5.61,6.17
1997-10-31,5.84,5.63,6.15
1997-11-03,5.91,5.69,6.21
1997-11-04,5.95,5.73,6.25
1997-11-05,5.95,5.73,6.24
1997-11-06,5.9,5.7,6.15
1997-11-07,5.9,5.71,6.14
1997-11-10,5.91,5.73,6.15
1997-11-12,5.89,5.7,6.13
1997-11-13,5.87,5.7,6.11
1997-11-14,5.86,5.7,6.09
1997-11-17,5.85,5.7,6.07
1997-11-18,5.85,5.71,6.07
1997-11-19,5.82,5.7,6.03
1997-11-20,5.84,5.73,6.05
1997-11-21,5.82,5.68,6.04
1997-11-24,5.86,5.71,6.08
1997-11-25,5.85,5.71,6.06
1997-11-26,5.86,5.74,6.06
1997-11-28,5.86,5.76,6.04
1997-12-01,5.86,5.78,6.04
1997-12-02,5.86,5.78,6.03
1997-12-03,5.83,5.74,6.02
1997-12-04,5.84,5.71,6.04
1997-12-05,5.92,5.8,6.09
1997-12-08,5.96,5.85,6.14
1997-12-09,5.95,5.81,6.14
1997-12-10,5.9,5.75,6.1
1997-12-11,5.82,5.68,6.02
1997-12-12,5.74,5.63,5.94
1997-12-15,5.78,5.68,5.97
1997-12-16,5.77,5.68,5.96
1997-12-17,5.81,5.7,5.99
1997-12-18,5.76,5.68,5.94
1997-12-19,5.72,5.66,5.92
1997-12-22,5.72,5.69,5.89
1997-12-23,5.73,5.69,5.9
1997-12-24,5.76,5.67,5.91
1997-12-26,5.75,5.69,5.9
1997-12-29,5.76,5.69,5.93
1997-12-30,5.8,5.71,5.98
1997-12-31,5.75,5.66,5.93
1998-01-02,5.67,5.59,5.86
1998-01-05,5.52,5.47,5.74
1998-01-06,5.49,5.39,5.73
1998-01-07,5.55,5.42,5.8
1998-01-08,5.49,5.31,5.75
1998-01-09,5.4,5.17,5.71
1998-01-12,5.39,5.2,5.7
1998-01-13,5.41,5.25,5.71
1998-01-14,5.45,5.29,5.74
1998-01-15,5.48,5.29,5.74
1998-01-16,5.54,5.35,5.81
1998-01-20,5.57,5.37,5.83
1998-01-21,5.54,5.33,5.81
1998-01-22,5.56,5.3,5.85
1998-01-23,5.7,5.42,5.98
1998-01-26,5.63,5.39,5.9
1998-01-27,5.7,5.46,5.95
1998-01-28,5.69,5.46,5.94
1998-01-29,5.58,5.36,5.85
1998-01-30,5.53,5.32,5.82
1998-02-02,5.57,5.36,5.87
1998-02-03,5.56,5.34,5.86
1998-02-04,5.57,5.32,5.87
1998-02-05,5.62,5.36,5.92
1998-02-06,5.62,5.38,5.92
1998-02-09,5.65,5.41,5.94
1998-02-10,5.64,5.41,5.93
1998-02-11,5.53,5.39,5.86
1998-02-12,5.52,5.39,5.87
1998-02-13,5.49,5.36,5.85
1998-02-17,5.44,5.34,5.8
1998-02-18,5.49,5.37,5.84
1998-02-19,5.51,5.39,5.85
1998-02-20,5.54,5.41,5.87
1998-02-23,5.58,5.46,5.91
1998-02-24,5.69,5.57,5.97
1998-02-25,5.63,5.55,5.93
1998-02-26,5.65,5.58,5.95
1998-02-27,5.62,5.55,5.92
1998-03-02,5.72,5.6,6.03
1998-03-03,5.77,5.64,6.07
1998-03-04,5.76,5.63,6.05
1998-03-05,5.78,5.62,6.07
1998-03-06,5.73,5.58,6.02
1998-03-09,5.67,5.57,5.97
1998-03-10,5.67,5.55,5.97
1998-03-11,5.63,5.53,5.93
1998-03-12,5.56,5.5,5.87
1998-03-13,5.58,5.5,5.89
1998-03-16,5.54,5.47,5.86
1998-03-17,5.56,5.5,5.89
1998-03-18,5.58,5.52,5.91
1998-03-19,5.58,5.52,5.9
1998-03-20,5.57,5.52,5.89
1998-03-23,5.57,5.52,5.88
1998-03-24,5.58,5.5,5.88
1998-03-25,5.64,5.58,5.94
1998-03-26,5.68,5.62,5.96
1998-03-27,5.68,5.63,5.96
1998-03-30,5.72,5.65,5.98
1998-03-31,5.67,5.6,5.94
1998-04-01,5.62,5.55,5.9
1998-04-02,5.56,5.52,5.85
1998-04-03,5.47,5.42,5.78
1998-04-06,5.51,5.45,5.82
1998-04-07,5.53,5.45,5.84
1998-04-08,5.58,5.49,5.9
1998-04-09,5.59,5.5,5.88
1998-04-13,5.66,5.59,5.94
1998-04-14,5.63,5.57,5.91
1998-04-15,5.6,5.55,5.89
1998-04-16,5.59,5.53,5.87
1998-04-17,5.59,5.54,5.88
1998-04-20,5.65,5.57,5.92
1998-04-21,5.68,5.6,5.96
1998-04-22,5.68,5.6,5.96
1998-04-23,5.69,5.61,5.98
1998-04-24,5.67,5.61,5.95
1998-04-27,5.8,5.71,6.07
1998-04-28,5.8,5.69,6.07
1998-04-29,5.81,5.71,6.08
1998-04-30,5.68,5.59,5.95
1998-05-01,5.67,5.59,5.94
1998-05-04,5.67,5.59,5.94
1998-05-05,5.7,5.61,5.98
1998-05-06,5.67,5.56,5.94
1998-05-07,5.67,5.56,5.95
1998-05-08,5.71,5.61,5.98
1998-05-11,5.79,5.66,6.04
1998-05-12,5.7,5.59,5.96
1998-05-13,5.64,5.59,5.95
1998-05-14,5.67,5.63,5.98
1998-05-15,5.68,5.63,5.97
1998-05-18,5.64,5.59,5.92
1998-05-19,5.65,5.59,5.94
1998-05-20,5.61,5.57,5.89
1998-05-21,5.65,5.63,5.93
1998-05-22,5.64,5.63,5.9
1998-05-26,5.59,5.61,5.85
1998-05-27,5.56,5.53,5.83
1998-05-28,5.58,5.57,5.83
1998-05-29,5.56,5.53,5.81
1998-06-01,5.53,5.52,5.78
1998-06-02,5.56,5.53,5.8
1998-06-03,5.57,5.55,5.8
1998-06-04,5.59,5.58,5.82
1998-06-05,5.58,5.58,5.79
1998-06-08,5.58,5.58,5.79
1998-06-09,5.59,5.6,5.79
1998-06-10,5.51,5.55,5.7
1998-06-11,5.44,5.45,5.65
1998-06-12,5.43,5.43,5.66
1998-06-15,5.38,5.43,5.61
1998-06-16,5.45,5.5,5.65
1998-06-17,5.54,5.55,5.74
1998-06-18,5.5,5.53,5.7
1998-06-19,5.47,5.52,5.67
1998-06-22,5.46,5.52,5.66
1998-06-23,5.45,5.49,5.64
1998-06-24,5.46,5.49,5.66
1998-06-25,5.46,5.53,5.66
1998-06-26,5.46,5.51,5.64
1998-06-29,5.47,5.51,5.65
1998-06-30,5.44,5.49,5.62
1998-07-01,5.44,5.46,5.63
1998-07-02,5.42,5.44,5.6
1998-07-06,5.39,5.43,5.57
1998-07-07,5.42,5.44,5.6
1998-07-08,5.43,5.44,5.63
1998-07-09,5.41,5.43,5.6
1998-07-10,5.42,5.41,5.63
1998-07-13,5.46,5.44,5.68
1998-07-14,5.49,5.46,5.72
1998-07-15,5.48,5.46,5.7
1998-07-16,5.5,5.46,5.72
1998-07-17,5.51,5.46,5.75
1998-07-20,5.48,5.46,5.71
1998-07-21,5.45,5.46,5.67
1998-07-22,5.46,5.48,5.68
1998-07-23,5.45,5.46,5.66
1998-07-24,5.45,5.48,5.68
1998-07-27,5.47,5.48,5.7
1998-07-28,5.5,5.46,5.74
1998-07-29,5.52,5.49,5.77
1998-07-30,5.5,5.49,5.73
1998-07-31,5.5,5.49,5.72
1998-08-03,5.46,5.46,5.67
1998-08-04,5.43,5.43,5.65
1998-08-05,5.43,5.39,5.66
1998-08-06,5.44,5.39,5.67
1998-08-07,5.4,5.34,5.63
1998-08-10,5.41,5.34,5.63
1998-08-11,5.37,5.31,5.6
1998-08-12,5.4,5.32,5.62
1998-08-13,5.44,5.37,5.6
1998-08-14,5.4,5.34,5.55
1998-08-17,5.4,5.34,5.56
1998-08-18,5.41,5.36,5.56
1998-08-19,5.42,5.34,5.56
1998-08-20,5.38,5.32,5.52
1998-08-21,5.32,5.25,5.46
1998-08-24,5.3,5.22,5.48
1998-08-25,5.25,5.18,5.44
1998-08-26,5.26,5.12,5.44
1998-08-27,5.12,4.98,5.38
1998-08-28,5.09,4.93,5.37
1998-08-31,5.05,4.91,5.3
1998-09-01,5.05,4.86,5.34
1998-09-02,5.1,4.96,5.34
1998-09-03,5.03,4.91,5.31
1998-09-04,5.02,4.91,5.29
1998-09-08,5.04,4.91,5.34
1998-09-09,4.95,4.79,5.28
1998-09-10,4.76,4.57,5.18
1998-09-11,4.85,4.68,5.23
1998-09-14,4.87,4.72,5.23
1998-09-15,4.9,4.73,5.25
1998-09-16,4.88,4.75,5.23
1998-09-17,4.8,4.7,5.18
1998-09-18,4.7,4.61,5.15
1998-09-21,4.69,4.63,5.12
1998-09-22,4.73,4.66,5.16
1998-09-23,4.69,4.52,5.16
1998-09-24,4.64,4.43,5.15
1998-09-25,4.6,4.43,5.13
1998-09-28,4.61,4.45,5.15
1998-09-29,4.59,4.47,5.1
1998-09-30,4.44,4.3,4.98
1998-10-01,4.33,4.17,4.9
1998-10-02,4.31,4.17,4.85
1998-10-05,4.16,4.04,4.7
1998-10-06,4.24,4.1,4.75
1998-10-07,4.34,4.12,4.83
1998-10-08,4.56,4.1,4.99
1998-10-09,4.77,4.19,5.13
1998-10-13,4.73,4.13,5.1
1998-10-14,4.58,4.08,5.0
1998-10-15,4.58,4.13,5.02
1998-10-16,4.44,3.86,4.96
1998-10-19,4.47,3.9,4.98
1998-10-20,4.57,3.98,5.06
1998-10-21,4.59,4.12,5.08
1998-10-22,4.62,4.16,5.13
1998-10-23,4.7,4.2,5.16
1998-10-26,4.73,4.23,5.13
1998-10-27,4.63,4.12,5.08
1998-10-28,4.6,4.01,5.13
1998-10-29,4.54,4.0,5.09
1998-10-30,4.64,4.12,5.15
1998-11-02,4.77,4.26,5.23
1998-11-03,4.78,4.25,5.22
1998-11-04,4.83,4.43,5.34
1998-11-05,4.82,4.47,5.29
1998-11-06,4.93,4.59,5.37
1998-11-09,4.88,4.57,5.28
1998-11-10,4.81,4.5,5.27
1998-11-12,4.77,4.47,5.25
1998-11-13,4.82,4.54,5.26
1998-11-16,4.85,4.56,5.28
1998-11-17,4.87,4.58,5.3
1998-11-18,4.85,4.63,5.25
1998-11-19,4.85,4.66,5.25
1998-11-20,4.82,4.66,5.22
1998-11-23,4.84,4.63,5.25
1998-11-24,4.85,4.64,5.23
1998-11-25,4.83,4.66,5.19
1998-11-27,4.81,4.62,5.16
1998-11-30,4.74,4.54,5.08
1998-12-01,4.67,4.44,5.06
1998-12-02,4.59,4.36,5.03
1998-12-03,4.58,4.36,5.02
1998-12-04,4.62,4.46,5.05
1998-12-07,4.69,4.54,5.05
1998-12-08,4.6,4.46,5.0
1998-12-09,4.56,4.42,4.97
1998-12-10,4.53,4.39,4.95
1998-12-11,4.61,4.46,5.02
1998-12-14,4.58,4.42,4.99
1998-12-15,4.62,4.47,5.03
1998-12-16,4.58,4.4,5.01
1998-12-17,4.58,4.42,5.01
1998-12-18,4.58,4.45,5.01
1998-12-21,4.64,4.56,5.07
1998-12-22,4.7,4.59,5.13
1998-12-23,4.81,4.73,5.2
1998-12-24,4.86,4.78,5.23
1998-12-28,4.78,4.73,5.17
1998-12-29,4.71,4.6,5.12
1998-12-30,4.65,4.56,5.09
1998-12-31,4.65,4.54,5.09
1999-01-04,4.69,4.58,5.15
1999-01-05,4.74,4.64,5.21
1999-01-06,4.73,4.62,5.17
1999-01-07,4.77,4.63,5.23
1999-01-08,4.86,4.71,5.26
1999-01-11,4.9,4.74,5.29
1999-01-12,4.82,4.68,5.23
1999-01-13,4.74,4.61,5.16
1999-01-14,4.63,4.47,5.07
1999-01-15,4.66,4.56,5.1
1999-01-19,4.71,4.62,5.14
1999-01-20,4.76,4.66,5.18
1999-01-21,4.7,4.63,5.14
1999-01-22,4.64,4.59,5.09
1999-01-25,4.67,4.59,5.12
1999-01-26,4.69,4.63,5.12
1999-01-27,4.68,4.57,5.14
1999-01-28,4.67,4.58,5.11
1999-01-29,4.66,4.58,5.09
1999-02-01,4.75,4.65,5.19
1999-02-02,4.79,4.7,5.24
1999-02-03,4.83,4.72,5.25
1999-02-04,4.89,4.77,5.3
1999-02-05,4.94,4.8,5.34
1999-02-08,4.94,4.8,5.35
1999-02-09,4.91,4.79,5.33
1999-02-10,4.9,4.77,5.34
1999-02-11,4.93,4.8,5.29
1999-02-12,5.06,4.91,5.42
1999-02-16,5.03,4.93,5.35
1999-02-17,4.98,4.89,5.32
1999-02-18,5.04,4.93,5.37
1999-02-19,5.07,4.95,5.38
1999-02-22,5.03,4.91,5.36
1999-02-23,5.1,5.0,5.42
1999-02-24,5.18,5.05,5.51
1999-02-25,5.32,5.15,5.61
1999-02-26,5.29,5.13,5.57
1999-03-01,5.4,5.2,5.67
1999-03-02,5.35,5.18,5.63
1999-03-03,5.39,5.19,5.68
1999-03-04,5.41,5.2,5.69
1999-03-05,5.34,5.14,5.6
1999-03-08,5.29,5.12,5.6
1999-03-09,5.18,5.02,5.54
1999-03-10,5.2,5.04,5.56
1999-03-11,5.21,5.05,5.57
1999-03-12,5.16,5.0,5.54
1999-03-15,5.15,4.99,5.51
1999-03-16,5.11,4.97,5.48
1999-03-17,5.14,5.01,5.51
1999-03-18,5.11,4.99,5.49
1999-03-19,5.17,5.04,5.53
1999-03-22,5.21,5.08,5.57
1999-03-23,5.2,5.03,5.57
1999-03-24,5.17,4.98,5.54
1999-03-25,5.21,5.02,5.59
1999-03-26,5.21,4.99,5.61
1999-03-29,5.28,5.02,5.65
1999-03-30,5.21,4.97,5.59
1999-03-31,5.25,4.99,5.63
1999-04-01,5.27,5.01,5.67
1999-04-02,5.2,4.96,5.59
1999-04-05,5.2,4.96,5.59
1999-04-06,5.13,4.93,5.52
1999-04-07,5.14,4.93,5.51
1999-04-08,5.03,4.86,5.44
1999-04-09,5.05,4.88,5.46
1999-04-12,5.06,4.93,5.45
1999-04-13,5.12,4.94,5.5
1999-04-14,5.13,4.95,5.51
1999-04-15,5.18,4.97,5.53
1999-04-16,5.23,5.02,5.57
1999-04-19,5.18,4.99,5.55
1999-04-20,5.16,4.95,5.52
1999-04-21,5.17,4.99,5.52
1999-04-22,5.25,5.05,5.61
1999-04-23,5.26,5.04,5.6
1999-04-26,5.23,5.04,5.57
1999-04-27,5.22,5.04,5.55
1999-04-28,5.27,5.02,5.58
1999-04-29,5.22,4.95,5.53
1999-04-30,5.36,5.08,5.68
1999-05-03,5.38,5.08,5.67
1999-05-04,5.42,5.12,5.72
1999-05-05,5.4,5.09,5.71
1999-05-06,5.52,5.19,5.8
1999-05-07,5.54,5.19,5.82
1999-05-10,5.54,5.15,5.79
1999-05-11,5.59,5.19,5.85
1999-05-12,5.51,5.19,5.83
1999-05-13,5.41,5.12,5.75
1999-05-14,5.62,5.3,5.92
1999-05-17,5.66,5.31,5.91
1999-05-18,5.68,5.38,5.9
1999-05-19,5.6,5.37,5.81
1999-05-20,5.6,5.35,5.83
1999-05-21,5.52,5.3,5.78
1999-05-24,5.5,5.28,5.77
1999-05-25,5.49,5.3,5.76
1999-05-26,5.55,5.33,5.8
1999-05-27,5.62,5.43,5.85
1999-05-28,5.64,5.42,5.84
1999-06-01,5.78,5.54,5.94
1999-06-02,5.8,5.55,5.94
1999-06-03,5.8,5.54,5.96
1999-06-04,5.82,5.56,5.97
1999-06-07,5.81,5.56,5.97
1999-06-08,5.83,5.57,6.0
1999-06-09,5.87,5.61,6.02
1999-06-10,5.92,5.66,6.05
1999-06-11,6.02,5.7,6.13
1999-06-14,5.98,5.66,6.11
1999-06-15,5.98,5.66,6.11
1999-06-16,5.94,5.61,6.08
1999-06-17,5.79,5.49,5.95
1999-06-18,5.84,5.56,5.98
1999-06-21,5.9,5.62,6.03
1999-06-22,5.94,5.65,6.07
1999-06-23,6.0,5.7,6.13
1999-06-24,6.05,5.75,6.17
1999-06-25,6.02,5.73,6.16
1999-06-28,5.96,5.68,6.1
1999-06-29,5.93,5.68,6.07
1999-06-30,5.81,5.53,5.98
1999-07-01,5.85,5.58,6.02
1999-07-02,5.82,5.58,6.0
1999-07-06,5.88,5.64,6.05
1999-07-07,5.92,5.64,6.08
1999-07-08,5.85,5.59,6.01
1999-07-09,5.84,5.61,6.01
1999-07-12,5.74,5.53,5.92
1999-07-13,5.71,5.5,5.9
1999-07-14,5.74,5.55,5.92
1999-07-15,5.72,5.53,5.91
1999-07-16,5.68,5.5,5.9
1999-07-19,5.66,5.46,5.9
1999-07-20,5.65,5.43,5.89
1999-07-21,5.66,5.45,5.91
1999-07-22,5.78,5.52,5.97
1999-07-23,5.84,5.58,6.02
1999-07-26,5.86,5.61,6.04
1999-07-27,5.82,5.56,6.01
1999-07-28,5.81,5.54,6.01
1999-07-29,5.88,5.62,6.07
1999-07-30,5.92,5.63,6.11
1999-08-02,5.92,5.65,6.13
1999-08-03,5.95,5.65,6.15
1999-08-04,5.96,5.64,6.12
1999-08-05,5.88,5.55,6.05
1999-08-06,6.02,5.69,6.16
1999-08-09,6.13,5.79,6.23
1999-08-10,6.16,5.79,6.25
1999-08-11,6.05,5.76,6.22
1999-08-12,6.08,5.78,6.18
1999-08-13,5.98,5.71,6.09
1999-08-16,5.98,5.75,6.1
1999-08-17,5.89,5.68,6.02
1999-08-18,5.88,5.66,6.01
1999-08-19,5.9,5.66,6.03
1999-08-20,5.88,5.65,5.99
1999-08-23,5.89,5.66,5.98
1999-08-24,5.85,5.65,5.95
1999-08-25,5.73,5.53,5.87
1999-08-26,5.75,5.56,5.88
1999-08-27,5.85,5.65,5.96
1999-08-30,5.95,5.73,6.07
1999-08-31,5.98,5.73,6.07
1999-09-01,5.99,5.74,6.08
1999-09-02,6.03,5.74,6.15
1999-09-03,5.89,5.64,6.03
1999-09-07,5.95,5.69,6.07
1999-09-08,5.93,5.67,6.07
1999-09-09,5.97,5.71,6.1
1999-09-10,5.89,5.64,6.03
1999-09-13,5.92,5.66,6.06
1999-09-14,5.96,5.71,6.11
1999-09-15,5.94,5.67,6.11
1999-09-16,5.9,5.63,6.08
1999-09-17,5.87,5.63,6.05
1999-09-20,5.91,5.67,6.08
1999-09-21,5.94,5.67,6.1
1999-09-22,5.92,5.67,6.1
1999-09-23,5.87,5.63,6.05
1999-09-24,5.75,5.55,5.95
1999-09-27,5.83,5.62,6.02
1999-09-28,5.89,5.65,6.07
1999-09-29,5.97,5.68,6.13
1999-09-30,5.9,5.63,6.06
1999-10-01,6.0,5.73,6.15
1999-10-04,5.95,5.7,6.1
1999-10-05,6.02,5.78,6.17
1999-10-06,6.04,5.81,6.17
1999-10-07,6.05,5.82,6.19
1999-10-08,6.04,5.8,6.2
1999-10-12,6.07,5.82,6.23
1999-10-13,6.12,5.87,6.29
1999-10-14,6.17,5.9,6.32
1999-10-15,6.09,5.82,6.26
1999-10-18,6.12,5.85,6.3
1999-10-19,6.18,5.92,6.35
1999-10-20,6.19,5.94,6.34
1999-10-21,6.2,5.93,6.36
1999-10-22,6.21,5.96,6.36
1999-10-25,6.22,5.98,6.36
1999-10-26,6.24,6.02,6.38
1999-10-27,6.19,5.94,6.33
1999-10-28,6.12,5.87,6.25
1999-10-29,6.02,5.79,6.16
1999-11-01,6.06,5.83,6.19
1999-11-02,6.04,5.81,6.15
1999-11-03,6.01,5.79,6.14
1999-11-04,5.95,5.74,6.09
1999-11-05,5.92,5.72,6.05
1999-11-08,5.95,5.74,6.06
1999-11-09,5.97,5.77,6.07
1999-11-10,6.0,5.81,6.09
1999-11-12,5.93,5.78,6.03
1999-11-15,5.94,5.79,6.04
1999-11-16,5.97,5.85,6.06
1999-11-17,6.04,5.9,6.13
1999-11-18,6.06,5.9,6.17
1999-11-19,6.07,5.92,6.17
1999-11-22,6.09,5.95,6.2
1999-11-23,6.08,5.93,6.2
1999-11-24,6.09,5.97,6.22
1999-11-26,6.12,5.99,6.24
1999-11-29,6.21,6.04,6.31
1999-11-30,6.18,6.01,6.29
1999-12-01,6.21,6.04,6.3
1999-12-02,6.24,6.06,6.31
1999-12-03,6.17,5.99,6.27
1999-12-06,6.16,5.98,6.25
1999-12-07,6.11,5.95,6.21
1999-12-08,6.15,5.98,6.23
1999-12-09,6.14,5.96,6.22
1999-12-10,6.08,5.93,6.17
1999-12-13,6.11,5.96,6.2
1999-12-14,6.22,6.07,6.31
1999-12-15,6.25,6.1,6.34
1999-12-16,6.31,6.15,6.39
1999-12-17,6.3,6.15,6.38
1999-12-20,6.36,6.21,6.44
1999-12-21,6.38,6.21,6.46
1999-12-22,6.39,6.24,6.47
1999-12-23,6.41,6.24,6.48
1999-12-27,6.4,6.21,6.46
1999-12-28,6.43,6.23,6.48
1999-12-29,6.4,6.21,6.45
1999-12-30,6.39,6.19,6.43
1999-12-31,6.45,6.24,6.48
2000-01-03,6.58,6.38,6.61
2000-01-04,6.49,6.3,6.53
2000-01-05,6.62,6.38,6.64
2000-01-06,6.57,6.35,6.58
2000-01-07,6.52,6.31,6.55
2000-01-10,6.57,6.38,6.59
2000-01-11,6.67,6.45,6.68
2000-01-12,6.72,6.49,6.71
2000-01-13,6.63,6.4,6.65
2000-01-14,6.69,6.44,6.69
2000-01-18,6.75,6.47,6.75
2000-01-19,6.73,6.46,6.72
2000-01-20,6.79,6.49,6.74
2000-01-21,6.79,6.48,6.71
2000-01-24,6.69,6.43,6.65
2000-01-25,6.7,6.44,6.64
2000-01-26,6.69,6.45,6.6
2000-01-27,6.68,6.51,6.53
2000-01-28,6.66,6.58,6.45
2000-01-31,6.68,6.61,6.49
2000-02-01,6.62,6.6,6.43
2000-02-02,6.6,6.63,6.32
2000-02-03,6.49,6.56,6.17
2000-02-04,6.53,6.63,6.23
2000-02-07,6.64,6.68,6.34
2000-02-08,6.59,6.69,6.22
2000-02-09,6.56,6.69,6.32
2000-02-10,6.67,6.67,6.35
2000-02-11,6.63,6.65,6.29
2000-02-14,6.56,6.62,6.22
2000-02-15,6.56,6.66,6.26
2000-02-16,6.56,6.63,6.27
2000-02-17,6.58,6.69,6.23
2000-02-18,6.49,6.66,6.16
2000-02-22,6.36,6.57,6.08
2000-02-23,6.44,6.61,6.14
2000-02-24,6.36,6.52,6.13
2000-02-25,6.36,6.45,6.17
2000-02-28,6.37,6.47,6.16
2000-02-29,6.42,6.53,6.15
2000-03-01,6.39,6.52,6.16
2000-03-02,6.4,6.52,6.15
2000-03-03,6.39,6.5,6.13
2000-03-06,6.42,6.55,6.16
2000-03-07,6.39,6.48,6.16
2000-03-08,6.38,6.5,6.17
2000-03-09,6.35,6.48,6.16
2000-03-10,6.39,6.55,6.19
2000-03-13,6.36,6.52,6.17
2000-03-14,6.31,6.48,6.11
2000-03-15,6.29,6.5,6.07
2000-03-16,6.26,6.5,6.05
2000-03-17,6.2,6.5,6.01
2000-03-20,6.18,6.52,5.99
2000-03-21,6.13,6.5,5.97
2000-03-22,6.13,6.5,5.97
2000-03-23,6.08,6.52,5.92
2000-03-24,6.2,6.64,6.0
2000-03-27,6.21,6.66,5.99
2000-03-28,6.17,6.6,5.98
2000-03-29,6.18,6.59,5.99
2000-03-30,6.06,6.52,5.89
2000-03-31,6.03,6.5,5.84
2000-04-03,6.0,6.45,5.84
2000-04-04,5.9,6.35,5.77
2000-04-05,5.9,6.35,5.81
2000-04-06,5.93,6.38,5.8
2000-04-07,5.86,6.38,5.71
2000-04-10,5.8,6.31,5.69
2000-04-11,5.89,6.36,5.77
2000-04-12,5.97,6.4,5.84
2000-04-13,5.94,6.4,5.81
2000-04-14,5.85,6.27,5.79
2000-04-17,6.01,6.33,5.92
2000-04-18,6.05,6.33,5.92
2000-04-19,5.99,6.33,5.85
2000-04-20,5.99,6.38,5.83
2000-04-24,6.0,6.36,5.86
2000-04-25,6.14,6.48,5.95
2000-04-26,6.14,6.5,5.95
2000-04-27,6.23,6.63,6.0
2000-04-28,6.23,6.68,5.97
2000-05-01,6.29,6.73,5.98
2000-05-02,6.32,6.72,6.03
2000-05-03,6.4,6.73,6.11
2000-05-04,6.46,6.77,6.19
2000-05-05,6.51,6.84,6.2
2000-05-08,6.57,6.87,6.25
2000-05-09,6.53,6.86,6.22
2000-05-10,6.47,6.84,6.18
2000-05-11,6.43,6.82,6.16
2000-05-12,6.51,6.91,6.2
2000-05-15,6.47,6.88,6.17
2000-05-16,6.43,6.89,6.12
2000-05-17,6.48,6.9,6.18
2000-05-18,6.56,6.93,6.24
2000-05-19,6.51,6.86,6.22
2000-05-22,6.44,6.81,6.18
2000-05-23,6.45,6.83,6.17
2000-05-24,6.47,6.79,6.19
2000-05-25,6.39,6.71,6.11
2000-05-26,6.33,6.69,6.06
2000-05-30,6.38,6.74,6.09
2000-05-31,6.29,6.69,6.02
2000-06-01,6.2,6.61,5.95
2000-06-02,6.15,6.52,5.94
2000-06-05,6.12,6.49,5.91
2000-06-06,6.14,6.51,5.91
2000-06-07,6.13,6.52,5.89
2000-06-08,6.13,6.56,5.89
2000-06-09,6.13,6.56,5.89
2000-06-12,6.09,6.52,5.88
2000-06-13,6.11,6.49,5.94
2000-06-14,6.06,6.44,5.91
2000-06-15,6.05,6.44,5.93
2000-06-16,5.99,6.38,5.88
2000-06-19,6.0,6.4,5.89
2000-06-20,6.03,6.43,5.9
2000-06-21,6.11,6.5,5.96
2000-06-22,6.12,6.5,5.98
2000-06-23,6.19,6.55,6.04
2000-06-26,6.11,6.5,5.99
2000-06-27,6.1,6.5,5.95
2000-06-28,6.11,6.43,5.97
2000-06-29,6.04,6.37,5.88
2000-06-30,6.03,6.38,5.9
2000-07-03,6.0,6.31,5.87
2000-07-05,5.99,6.29,5.86
2000-07-06,6.05,6.34,5.91
2000-07-07,6.01,6.29,5.87
2000-07-10,6.04,6.31,5.88
2000-07-11,6.06,6.32,5.89
2000-07-12,6.09,6.34,5.89
2000-07-13,6.01,6.31,5.81
2000-07-14,6.1,6.41,5.88
2000-07-17,6.17,6.46,5.93
2000-07-18,6.16,6.44,5.92
2000-07-19,6.16,6.46,5.92
2000-07-20,6.01,6.32,5.81
2000-07-21,6.01,6.32,5.79
2000-07-24,6.04,6.35,5.81
2000-07-25,6.04,6.35,5.81
2000-07-26,6.04,6.29,5.82
2000-07-27,6.02,6.27,5.78
2000-07-28,6.04,6.3,5.78
2000-07-31,6.04,6.3,5.79
2000-08-01,6.0,6.27,5.74
2000-08-02,5.98,6.23,5.77
2000-08-03,5.95,6.22,5.74
2000-08-04,5.91,6.15,5.72
2000-08-07,5.97,6.2,5.76
2000-08-08,5.93,6.16,5.73
2000-08-09,5.81,6.18,5.73
2000-08-10,5.76,6.16,5.68
2000-08-11,5.79,6.25,5.72
2000-08-14,5.78,6.25,5.7
2000-08-15,5.81,6.28,5.72
2000-08-16,5.83,6.3,5.73
2000-08-17,5.81,6.3,5.72
2000-08-18,5.78,6.27,5.69
2000-08-21,5.79,6.28,5.71
2000-08-22,5.78,6.27,5.71
2000-08-23,5.73,6.2,5.68
2000-08-24,5.73,6.19,5.67
2000-08-25,5.73,6.19,5.67
2000-08-28,5.78,6.23,5.72
2000-08-29,5.81,6.26,5.75
2000-08-30,5.81,6.24,5.74
2000-08-31,5.73,6.18,5.67
2000-09-01,5.68,6.09,5.67
2000-09-05,5.69,6.09,5.67
2000-09-06,5.72,6.11,5.71
2000-09-07,5.76,6.14,5.72
2000-09-08,5.73,6.11,5.7
2000-09-11,5.77,6.12,5.73
2000-09-12,5.78,6.12,5.76
2000-09-13,5.74,6.09,5.73
2000-09-14,5.79,6.11,5.81
2000-09-15,5.84,6.07,5.9
2000-09-18,5.88,6.04,5.96
2000-09-19,5.86,6.05,5.92
2000-09-20,5.91,6.11,5.97
2000-09-21,5.88,6.11,5.93
2000-09-22,5.85,6.09,5.92
2000-09-25,5.84,6.11,5.9
2000-09-26,5.81,6.07,5.86
2000-09-27,5.83,6.0,5.9
2000-09-28,5.82,6.02,5.89
2000-09-29,5.8,5.98,5.88
2000-10-02,5.83,5.98,5.93
2000-10-03,5.87,6.0,5.94
2000-10-04,5.9,6.03,5.95
2000-10-05,5.87,6.02,5.91
2000-10-06,5.82,5.98,5.85
2000-10-10,5.8,5.98,5.83
2000-10-11,5.77,5.93,5.83
2000-10-12,5.73,5.86,5.82
2000-10-13,5.73,5.84,5.8
2000-10-16,5.74,5.89,5.81
2000-10-17,5.68,5.83,5.77
2000-10-18,5.66,5.82,5.77
2000-10-19,5.66,5.86,5.76
2000-10-20,5.64,5.84,5.73
2000-10-23,5.59,5.82,5.68
2000-10-24,5.63,5.86,5.71
2000-10-25,5.67,5.87,5.75
2000-10-26,5.69,5.9,5.74
2000-10-27,5.72,5.94,5.74
2000-10-30,5.74,5.97,5.76
2000-10-31,5.77,5.94,5.79
2000-11-01,5.74,5.88,5.78
2000-11-02,5.74,5.87,5.79
2000-11-03,5.83,5.94,5.86
2000-11-06,5.87,5.99,5.89
2000-11-07,5.87,5.99,5.9
2000-11-08,5.87,5.99,5.89
2000-11-09,5.82,5.94,5.85
2000-11-10,5.82,5.92,5.88
2000-11-13,5.77,5.9,5.85
2000-11-14,5.76,5.92,5.81
2000-11-15,5.72,5.9,5.77
2000-11-16,5.68,5.87,5.75
2000-11-17,5.71,5.88,5.78
2000-11-20,5.68,5.87,5.76
2000-11-21,5.67,5.86,5.74
2000-11-22,5.62,5.85,5.68
2000-11-24,5.63,5.86,5.67
2000-11-27,5.64,5.86,5.71
2000-11-28,5.59,5.79,5.67
2000-11-29,5.55,5.69,5.66
2000-11-30,5.48,5.61,5.6
2000-12-01,5.52,5.62,5.64
2000-12-04,5.53,5.59,5.66
2000-12-05,5.43,5.49,5.59
2000-12-06,5.32,5.42,5.52
2000-12-07,5.32,5.45,5.51
2000-12-08,5.35,5.5,5.55
2000-12-11,5.37,5.52,5.54
2000-12-12,5.36,5.54,5.53
2000-12-13,5.29,5.45,5.48
2000-12-14,5.23,5.43,5.45
2000-12-15,5.2,5.38,5.44
2000-12-18,5.17,5.33,5.44
2000-12-19,5.19,5.35,5.47
2000-12-20,5.08,5.24,5.42
2000-12-21,5.03,5.14,5.41
2000-12-22,5.02,5.1,5.4
2000-12-26,5.04,5.1,5.41
2000-12-27,5.11,5.1,5.45
2000-12-28,5.13,5.18,5.44
2000-12-29,5.12,5.11,5.46
2000-12-31,nan,nan,nan
2001-01-02,4.92,4.87,5.35
2001-01-03,5.14,4.92,5.49
2001-01-04,5.03,4.77,5.44
2001-01-05,4.93,4.56,5.41
2001-01-08,4.94,4.54,5.42
2001-01-09,4.98,4.64,5.43
2001-01-10,5.1,4.76,5.49
2001-01-11,5.14,4.77,5.55
2001-01-12,5.25,4.9,5.63
2001-01-16,5.24,4.89,5.6
2001-01-17,5.19,4.84,5.52
2001-01-18,5.12,4.72,5.47
2001-01-19,5.19,4.75,5.56
2001-01-22,5.25,4.75,5.61
2001-01-23,5.3,4.82,5.65
2001-01-24,5.33,4.81,5.67
2001-01-25,5.29,4.78,5.61
2001-01-26,5.29,4.78,5.64
2001-01-29,5.32,4.77,5.69
2001-01-30,5.24,4.7,5.59
2001-01-31,5.19,4.62,5.54
2001-02-01,5.1,4.55,5.46
2001-02-02,5.17,4.65,5.51
2001-02-05,5.18,4.68,5.48
2001-02-06,5.22,4.72,5.51
2001-02-07,5.1,4.7,5.52
2001-02-08,5.1,4.73,5.44
2001-02-09,5.03,4.67,5.38
2001-02-12,5.05,4.67,5.42
2001-02-13,5.07,4.75,5.43
2001-02-14,5.13,4.84,5.44
2001-02-15,5.19,4.89,5.5
2001-02-16,5.11,4.75,5.46
2001-02-20,5.11,4.73,5.46
2001-02-21,5.14,4.68,5.49
2001-02-22,5.15,4.63,5.52
2001-02-23,5.1,4.53,5.49
2001-02-26,5.05,4.46,5.45
2001-02-27,4.96,4.44,5.34
2001-02-28,4.92,4.41,5.34
2001-03-01,4.87,4.41,5.29
2001-03-02,4.95,4.48,5.38
2001-03-05,4.98,4.49,5.36
2001-03-06,4.99,4.49,5.38
2001-03-07,4.92,4.43,5.32
2001-03-08,4.89,4.43,5.3
2001-03-09,4.95,4.47,5.32
2001-03-12,4.92,4.46,5.31
2001-03-13,4.95,4.46,5.34
2001-03-14,4.84,4.32,5.28
2001-03-15,4.81,4.22,5.29
2001-03-16,4.78,4.26,5.28
2001-03-19,4.82,4.32,5.3
2001-03-20,4.78,4.24,5.27
2001-03-21,4.77,4.21,5.28
2001-03-22,4.73,4.17,5.25
2001-03-23,4.8,4.24,5.3
2001-03-26,4.85,4.27,5.36
2001-03-27,5.0,4.41,5.45
2001-03-28,4.97,4.3,5.47
2001-03-29,4.98,4.27,5.48
2001-03-30,4.93,4.18,5.46
2001-04-02,4.98,4.22,5.49
2001-04-03,4.94,4.15,5.48
2001-04-04,4.94,4.12,5.5
2001-04-05,4.98,4.19,5.53
2001-04-06,4.89,4.07,5.46
2001-04-09,4.93,4.1,5.5
2001-04-10,5.09,4.24,5.63
2001-04-11,5.12,4.29,5.6
2001-04-12,5.17,4.36,5.61
2001-04-16,5.28,4.49,5.7
2001-04-17,5.21,4.41,5.65
2001-04-18,5.14,4.26,5.65
2001-04-19,5.27,4.29,5.77
2001-04-20,5.29,4.26,5.79
2001-04-23,5.2,4.15,5.73
2001-04-24,5.22,4.16,5.75
2001-04-25,5.28,4.2,5.78
2001-04-26,5.2,4.14,5.71
2001-04-27,5.34,4.28,5.81
2001-04-30,5.35,4.3,5.78
2001-05-01,5.3,4.23,5.75
2001-05-02,5.31,4.27,5.71
2001-05-03,5.22,4.22,5.64
2001-05-04,5.21,4.14,5.65
2001-05-07,5.21,4.12,5.68
2001-05-08,5.24,4.1,5.72
2001-05-09,5.2,4.07,5.67
2001-05-10,5.31,4.17,5.75
2001-05-11,5.51,4.36,5.88
2001-05-14,5.46,4.29,5.85
2001-05-15,5.5,4.28,5.89
2001-05-16,5.48,4.25,5.86
2001-05-17,5.46,4.33,5.8
2001-05-18,5.41,4.37,5.76
2001-05-21,5.41,4.37,5.75
2001-05-22,5.42,4.34,5.78
2001-05-23,5.41,4.29,5.79
2001-05-24,5.52,4.32,5.87
2001-05-25,5.52,4.31,5.86
2001-05-29,5.54,4.33,5.86
2001-05-30,5.54,4.34,5.86
2001-05-31,5.43,4.22,5.78
2001-06-01,5.39,4.22,5.71
2001-06-04,5.35,4.19,5.69
2001-06-05,5.29,4.12,5.66
2001-06-06,5.27,4.12,5.65
2001-06-07,5.33,4.14,5.72
2001-06-08,5.38,4.17,5.73
2001-06-11,5.32,4.11,5.69
2001-06-12,5.27,4.09,5.65
2001-06-13,5.28,4.08,5.66
2001-06-14,5.26,4.04,5.65
2001-06-15,5.27,4.01,5.68
2001-06-18,5.27,3.98,5.7
2001-06-19,5.26,3.99,5.69
2001-06-20,5.24,3.98,5.67
2001-06-21,5.22,3.99,5.64
2001-06-22,5.14,3.93,5.58
2001-06-25,5.16,3.96,5.59
2001-06-26,5.24,4.03,5.65
2001-06-27,5.26,4.06,5.62
2001-06-28,5.35,4.22,5.68
2001-06-29,5.42,4.25,5.75
2001-07-02,5.37,4.21,5.7
2001-07-03,5.41,4.24,5.73
2001-07-05,5.44,4.24,5.76
2001-07-06,5.41,4.16,5.75
2001-07-09,5.37,4.15,5.7
2001-07-10,5.32,4.08,5.68
2001-07-11,5.31,4.07,5.69
2001-07-12,5.27,4.07,5.65
2001-07-13,5.27,4.12,5.64
2001-07-16,5.21,4.07,5.59
2001-07-17,5.22,4.09,5.59
2001-07-18,5.12,3.96,5.52
2001-07-19,5.13,3.98,5.53
2001-07-20,5.15,3.98,5.54
2001-07-23,5.13,3.98,5.53
2001-07-24,5.13,3.97,5.52
2001-07-25,5.2,3.98,5.58
2001-07-26,5.19,3.94,5.59
2001-07-27,5.13,3.87,5.55
2001-07-30,5.11,3.86,5.53
2001-07-31,5.07,3.79,5.51
2001-08-01,5.11,3.83,5.53
2001-08-02,5.17,3.89,5.57
2001-08-03,5.2,3.91,5.59
2001-08-06,5.19,3.88,5.59
2001-08-07,5.2,3.9,5.6
2001-08-08,4.99,3.77,5.52
2001-08-09,5.04,3.77,5.54
2001-08-10,4.99,3.73,5.52
2001-08-13,4.97,3.7,5.52
2001-08-14,4.97,3.74,5.51
2001-08-15,5.0,3.8,5.52
2001-08-16,4.95,3.75,5.48
2001-08-17,4.84,3.67,5.43
2001-08-20,4.91,3.74,5.46
2001-08-21,4.87,3.69,5.44
2001-08-22,4.91,3.76,5.44
2001-08-23,4.89,3.72,5.41
2001-08-24,4.93,3.76,5.45
2001-08-27,4.94,3.78,5.47
2001-08-28,4.85,3.71,5.41
2001-08-29,4.78,3.67,5.36
2001-08-30,4.79,3.61,5.37
2001-08-31,4.85,3.64,5.39
2001-09-04,4.99,3.83,5.5
2001-09-05,4.97,3.79,5.48
2001-09-06,4.86,3.65,5.41
2001-09-07,4.8,3.53,5.39
2001-09-10,4.84,3.53,5.43
2001-09-13,4.64,2.99,5.39
2001-09-14,4.57,2.87,5.35
2001-09-17,4.63,2.96,5.41
2001-09-18,4.72,2.96,5.55
2001-09-19,4.69,2.81,5.56
2001-09-20,4.75,2.91,5.62
2001-09-21,4.7,2.91,5.59
2001-09-24,4.73,2.94,5.58
2001-09-25,4.72,2.88,5.58
2001-09-26,4.65,2.82,5.5
2001-09-27,4.58,2.78,5.45
2001-09-28,4.6,2.86,5.42
2001-10-01,4.55,2.82,5.38
2001-10-02,4.53,2.77,5.34
2001-10-03,4.5,2.77,5.32
2001-10-04,4.53,2.75,5.31
2001-10-05,4.52,2.71,5.31
2001-10-09,4.62,2.74,5.39
2001-10-10,4.61,2.78,5.36
2001-10-11,4.69,2.88,5.41
2001-10-12,4.68,2.81,5.42
2001-10-15,4.62,2.78,5.38
2001-10-16,4.59,2.77,5.35
2001-10-17,4.59,2.8,5.32
2001-10-18,4.58,2.77,5.32
2001-10-19,4.63,2.77,5.36
2001-10-22,4.63,2.79,5.36
2001-10-23,4.66,2.81,5.38
2001-10-24,4.61,2.72,5.32
2001-10-25,4.56,2.63,5.28
2001-10-26,4.53,2.63,5.27
2001-10-29,4.5,2.55,5.25
2001-10-30,4.44,2.48,5.22
2001-10-31,4.3,2.44,4.89
2001-11-01,4.24,2.49,4.79
2001-11-02,4.37,2.48,4.96
2001-11-05,4.31,2.46,4.86
2001-11-06,4.3,2.37,4.86
2001-11-07,4.22,2.32,4.79
2001-11-08,4.32,2.42,4.87
2001-11-09,4.34,2.45,4.88
2001-11-13,4.41,2.54,4.92
2001-11-14,4.54,2.7,5.02
2001-11-15,4.79,2.98,5.22
2001-11-16,4.91,3.09,5.3
2001-11-19,4.8,2.92,5.22
2001-11-20,4.88,2.96,5.3
2001-11-21,4.98,3.11,5.35
2001-11-23,5.04,3.2,5.39
2001-11-26,5.05,3.22,5.39
2001-11-27,4.98,3.11,5.37
2001-11-28,4.98,3.12,5.36
2001-11-29,4.79,2.87,5.24
2001-11-30,4.78,2.84,5.27
2001-12-03,4.75,2.82,5.26
2001-12-04,4.7,2.81,5.22
2001-12-05,4.92,3.07,5.35
2001-12-06,5.04,3.19,5.47
2001-12-07,5.2,3.19,5.6
2001-12-10,5.17,3.1,5.58
2001-12-11,5.13,3.03,5.55
2001-12-12,5.02,2.97,5.47
2001-12-13,5.13,3.09,5.53
2001-12-14,5.24,3.2,5.59
2001-12-17,5.26,3.21,5.61
2001-12-18,5.16,3.13,5.52
2001-12-19,5.08,3.11,5.45
2001-12-20,5.08,3.15,5.43
2001-12-21,5.12,3.17,5.45
2001-12-24,5.18,3.22,5.49
2001-12-26,5.22,3.26,5.52
2001-12-27,5.13,3.19,5.49
2001-12-28,5.15,3.16,5.54
2001-12-31,5.07,3.07,5.48
2002-01-02,5.2,3.22,5.56
2002-01-03,5.16,3.19,5.54
2002-01-04,5.18,3.19,5.57
2002-01-07,5.09,3.08,5.49
2002-01-08,5.1,3.07,5.51
2002-01-09,5.1,3.03,5.51
2002-01-10,5.0,2.94,5.42
2002-01-11,4.92,2.76,5.37
2002-01-14,4.91,2.79,5.38
2002-01-15,4.88,2.79,5.34
2002-01-16,4.88,2.84,5.36
2002-01-17,4.98,2.96,5.41
2002-01-18,4.94,2.91,5.36
2002-01-21,nan,nan,nan
2002-01-22,4.96,2.97,5.39
2002-01-23,5.05,3.07,5.48
2002-01-24,5.07,3.15,5.47
2002-01-25,5.1,3.17,5.47
2002-01-28,5.12,3.19,5.47
2002-01-29,5.02,3.05,5.4
2002-01-30,5.02,3.06,5.41
2002-01-31,5.07,3.16,5.44
2002-02-01,5.02,3.08,5.4
2002-02-04,4.94,2.99,5.35
2002-02-05,4.92,2.99,5.35
2002-02-06,4.92,2.98,5.38
2002-02-07,4.93,2.99,5.42
2002-02-08,4.9,2.95,5.39
2002-02-09,nan,nan,nan
2002-02-10,nan,nan,nan
2002-02-11,4.91,2.95,5.41
2002-02-12,4.97,3.04,5.45
2002-02-13,5.01,3.09,5.47
2002-02-14,4.95,3.07,5.42
2002-02-15,4.86,2.97,5.37
2002-02-19,4.88,2.98,nan
2002-02-20,4.88,3.0,nan
2002-02-21,4.88,3.0,nan
2002-02-22,4.84,2.97,nan
2002-02-25,4.86,3.01,nan
2002-02-26,4.93,3.08,nan
2002-02-27,4.84,3.09,nan
2002-02-28,4.88,3.06,nan
2002-03-01,4.98,3.18,nan
2002-03-04,5.02,3.24,nan
2002-03-05,5.02,3.25,nan
2002-03-06,5.06,3.26,nan
2002-03-07,5.22,3.36,nan
2002-03-08,5.33,3.6,nan
2002-03-11,5.33,3.59,nan
2002-03-12,5.32,3.56,nan
2002-03-13,5.28,3.49,nan
2002-03-14,5.4,3.63,nan
2002-03-15,5.35,3.63,nan
2002-03-18,5.32,3.67,nan
2002-03-19,5.33,3.64,nan
2002-03-20,5.4,3.71,nan
2002-03-21,5.39,3.73,nan
2002-03-22,5.4,3.77,nan
2002-03-25,5.41,3.78,nan
2002-03-26,5.35,3.68,nan
2002-03-27,5.35,3.66,nan
2002-03-28,5.42,3.72,nan
2002-03-29,nan,nan,nan
2002-04-01,5.44,3.74,nan
2002-04-02,5.36,3.63,nan
2002-04-03,5.3,3.55,nan
2002-04-04,5.28,3.57,nan
2002-04-05,5.22,3.49,nan
2002-04-08,5.25,3.51,nan
2002-04-09,5.22,3.48,nan
2002-04-10,5.24,3.48,nan
2002-04-11,5.22,3.47,nan
2002-04-12,5.18,3.41,nan
2002-04-15,5.15,3.38,nan
2002-04-16,5.2,3.43,nan
2002-04-17,5.24,3.41,nan
2002-04-18,5.23,3.38,nan
2002-04-19,5.21,3.36,nan
2002-04-22,5.19,3.37,nan
2002-04-23,5.18,3.39,nan
2002-04-24,5.11,3.28,nan
2002-04-25,5.1,3.25,nan
2002-04-26,5.08,3.22,nan
2002-04-27,nan,nan,nan
2002-04-28,nan,nan,nan
2002-04-29,5.13,3.26,nan
2002-04-30,5.11,3.24,nan
2002-05-01,5.08,3.21,nan
2002-05-02,5.13,3.25,nan
2002-05-03,5.08,3.17,nan
2002-05-06,5.1,3.19,nan
2002-05-07,5.09,3.14,nan
2002-05-08,5.24,3.32,nan
2002-05-09,5.2,3.27,nan
2002-05-10,5.15,3.19,nan
2002-05-13,5.23,3.28,nan
2002-05-14,5.32,3.4,nan
2002-05-15,5.28,3.37,nan
2002-05-16,5.2,3.28,nan
2002-05-17,5.27,3.41,nan
2002-05-20,5.21,3.33,nan
2002-05-21,5.18,3.28,nan
2002-05-22,5.13,3.23,nan
2002-05-23,5.16,3.28,nan
2002-05-24,5.16,3.28,nan
2002-05-27,nan,nan,nan
2002-05-28,5.16,3.3,nan
2002-05-29,5.11,3.24,nan
2002-05-30,5.06,3.17,nan
2002-05-31,5.08,3.22,nan
2002-06-03,5.06,3.19,nan
2002-06-04,5.04,3.13,nan
2002-06-05,5.08,3.16,nan
2002-06-06,5.04,3.13,nan
2002-06-07,5.1,3.16,nan
2002-06-10,5.07,3.15,nan
2002-06-11,5.02,3.09,nan
2002-06-12,4.98,3.05,nan
2002-06-13,4.94,3.0,nan
2002-06-14,4.83,2.92,nan
2002-06-17,4.89,2.96,nan
2002-06-18,4.88,2.93,nan
2002-06-19,4.76,2.81,nan
2002-06-20,4.85,2.93,nan
2002-06-21,4.79,2.88,nan
2002-06-24,4.87,2.93,nan
2002-06-25,4.88,2.92,nan
2002-06-26,4.75,2.77,nan
2002-06-27,4.84,2.85,nan
2002-06-28,4.86,2.9,nan
2002-07-01,4.85,2.88,nan
2002-07-02,4.77,2.78,nan
2002-07-03,4.78,2.78,nan
2002-07-04,nan,nan,nan
2002-07-05,4.9,2.9,nan
2002-07-08,4.84,2.84,nan
2002-07-09,4.78,2.74,nan
2002-07-10,4.66,2.61,nan
2002-07-11,4.66,2.61,nan
2002-07-12,4.63,2.56,nan
2002-07-15,4.66,2.55,nan
2002-07-16,4.75,2.66,nan
2002-07-17,4.71,2.63,nan
2002-07-18,4.66,2.55,nan
2002-07-19,4.61,2.48,nan
2002-07-22,4.51,2.4,nan
2002-07-23,4.47,2.34,nan
2002-07-24,4.49,2.38,nan
2002-07-25,4.43,2.28,nan
2002-07-26,4.43,2.2,nan
2002-07-29,4.62,2.41,nan
2002-07-30,4.65,2.44,nan
2002-07-31,4.51,2.23,nan
2002-08-01,4.47,2.15,nan
2002-08-02,4.33,1.99,nan
2002-08-05,4.29,1.93,nan
2002-08-06,4.42,2.11,nan
2002-08-07,4.35,1.98,nan
2002-08-08,4.4,2.1,nan
2002-08-09,4.27,2.1,nan
2002-08-12,4.22,2.1,nan
2002-08-13,4.12,2.0,nan
2002-08-14,4.06,2.12,nan
2002-08-15,4.17,2.22,nan
2002-08-16,4.32,2.28,nan
2002-08-19,4.29,2.25,nan
2002-08-20,4.17,2.12,nan
2002-08-21,4.2,2.12,nan
2002-08-22,4.3,2.22,nan
2002-08-23,4.25,2.19,nan
2002-08-26,4.22,2.19,nan
2002-08-27,4.29,2.26,nan
2002-08-28,4.22,2.23,nan
2002-08-29,4.16,2.14,nan
2002-08-30,4.14,2.14,nan
2002-09-02,nan,nan,nan
2002-09-03,3.98,2.01,nan
2002-09-04,3.96,2.02,nan
2002-09-05,3.91,1.95,nan
2002-09-06,4.05,2.08,nan
2002-09-09,4.05,2.13,nan
2002-09-10,4.0,2.12,nan
2002-09-11,4.07,2.18,nan
2002-09-12,3.98,2.12,nan
2002-09-13,3.92,2.07,nan
2002-09-16,3.9,2.07,nan
2002-09-17,3.87,2.06,nan
2002-09-18,3.86,2.04,nan
2002-09-19,3.79,1.93,nan
2002-09-20,3.79,1.94,nan
2002-09-23,3.7,1.93,nan
2002-09-24,3.69,1.93,nan
2002-09-25,3.77,2.0,nan
2002-09-26,3.79,1.97,nan
2002-09-27,3.69,1.82,nan
2002-09-28,nan,nan,nan
2002-09-29,nan,nan,nan
2002-09-30,3.63,1.72,nan
2002-10-01,3.72,1.8,nan
2002-10-02,3.71,1.75,nan
2002-10-03,3.7,1.75,nan
2002-10-04,3.69,1.78,nan
2002-10-07,3.64,1.77,nan
2002-10-08,3.65,1.8,nan
2002-10-09,3.61,1.72,nan
2002-10-10,3.68,1.75,nan
2002-10-11,3.83,1.85,nan
2002-10-14,nan,nan,nan
2002-10-15,4.07,2.08,nan
2002-10-16,4.06,2.02,nan
2002-10-17,4.16,2.1,nan
2002-10-18,4.14,2.09,nan
2002-10-21,4.24,2.23,nan
2002-10-22,4.27,2.21,nan
2002-10-23,4.26,2.2,nan
2002-10-24,4.16,2.09,nan
2002-10-25,4.12,1.98,nan
2002-10-28,4.1,1.88,nan
2002-10-29,3.97,1.79,nan
2002-10-30,3.99,1.74,nan
2002-10-31,3.93,1.68,nan
2002-11-01,4.01,1.76,nan
2002-11-04,4.07,1.79,nan
2002-11-05,4.1,1.82,nan
2002-11-06,4.09,1.87,nan
2002-11-07,3.88,1.86,nan
2002-11-08,3.85,1.87,nan
2002-11-11,nan,nan,nan
2002-11-12,3.84,1.79,nan
2002-11-13,3.84,1.76,nan
2002-11-14,4.03,1.89,nan
2002-11-15,4.05,1.91,nan
2002-11-18,4.02,1.91,nan
2002-11-19,3.99,1.91,nan
2002-11-20,4.08,1.98,nan
2002-11-21,4.14,2.05,nan
2002-11-22,4.18,2.1,nan
2002-11-25,4.19,2.09,nan
2002-11-26,4.08,1.97,nan
2002-11-27,4.26,2.13,nan
2002-11-28,nan,nan,nan
2002-11-29,4.22,2.08,nan
2002-12-02,4.22,2.07,nan
2002-12-03,4.24,2.08,nan
2002-12-04,4.18,2.02,nan
2002-12-05,4.13,1.97,nan
2002-12-06,4.09,1.89,nan
2002-12-09,4.06,1.88,nan
2002-12-10,4.06,1.9,nan
2002-12-11,4.01,1.85,nan
2002-12-12,4.01,1.85,nan
2002-12-13,4.07,1.87,nan
2002-12-16,4.15,1.94,nan
2002-12-17,4.13,1.89,nan
2002-12-18,4.06,1.81,nan
2002-12-19,3.96,1.74,nan
2002-12-20,3.97,1.76,nan
2002-12-23,3.98,1.79,nan
2002-12-24,3.95,1.73,nan
2002-12-25,nan,nan,nan
2002-12-26,3.93,1.7,nan
2002-12-27,3.83,1.6,nan
2002-12-30,3.82,1.61,nan
2002-12-31,3.83,1.61,nan
2003-01-02,4.07,1.8,nan
2003-01-03,4.05,1.79,nan
2003-01-06,4.09,1.84,nan
2003-01-07,4.04,1.77,nan
2003-01-08,4.0,1.71,nan
2003-01-09,4.19,1.87,nan
2003-01-10,4.16,1.79,nan
2003-01-13,4.15,1.81,nan
2003-01-14,4.1,1.76,nan
2003-01-15,4.1,1.75,nan
2003-01-16,4.1,1.75,nan
2003-01-17,4.05,1.7,nan
2003-01-20,nan,nan,nan
2003-01-21,4.01,1.67,nan
2003-01-22,3.95,1.66,nan
2003-01-23,3.98,1.69,nan
2003-01-24,3.94,1.66,nan
2003-01-27,3.98,1.7,nan
2003-01-28,4.0,1.7,nan
2003-01-29,4.06,1.77,nan
2003-01-30,4.0,1.7,nan
2003-01-31,4.0,1.72,nan
2003-02-03,4.01,1.72,nan
2003-02-04,3.96,1.68,nan
2003-02-05,4.02,1.73,nan
2003-02-06,3.97,1.68,nan
2003-02-07,3.96,1.63,nan
2003-02-08,nan,nan,nan
2003-02-09,nan,nan,nan
2003-02-10,3.99,1.68,nan
2003-02-11,3.98,1.65,nan
2003-02-12,3.93,1.62,nan
2003-02-13,3.89,1.57,nan
2003-02-14,3.95,1.62,nan
2003-02-17,nan,nan,nan
2003-02-18,3.94,1.66,nan
2003-02-19,3.88,1.61,nan
2003-02-20,3.85,1.59,nan
2003-02-21,3.9,1.63,nan
2003-02-24,3.86,1.6,nan
2003-02-25,3.81,1.58,nan
2003-02-26,3.78,1.57,nan
2003-02-27,3.76,1.58,nan
2003-02-28,3.71,1.53,nan
2003-03-03,3.68,1.52,nan
2003-03-04,3.65,1.49,nan
2003-03-05,3.63,1.46,nan
2003-03-06,3.67,1.47,nan
2003-03-07,3.63,1.39,nan
2003-03-10,3.59,1.35,nan
2003-03-11,3.6,1.38,nan
2003-03-12,3.6,1.45,nan
2003-03-13,3.74,1.59,nan
2003-03-14,3.72,1.56,nan
2003-03-17,3.82,1.63,nan
2003-03-18,3.91,1.72,nan
2003-03-19,3.98,1.72,nan
2003-03-20,4.01,1.75,nan
2003-03-21,4.11,1.8,nan
2003-03-24,3.98,1.71,nan
2003-03-25,3.97,1.69,nan
2003-03-26,3.96,1.68,nan
2003-03-27,3.95,1.62,nan
2003-03-28,3.92,1.56,nan
2003-03-31,3.83,1.51,nan
2003-04-01,3.84,1.5,nan
2003-04-02,3.94,1.6,nan
2003-04-03,3.93,1.55,nan
2003-04-04,3.96,1.55,nan
2003-04-07,4.03,1.65,nan
2003-04-08,3.95,1.59,nan
2003-04-09,3.93,1.55,nan
2003-04-10,3.95,1.6,nan
2003-04-11,4.0,1.65,nan
2003-04-14,4.04,1.74,nan
2003-04-15,3.98,1.69,nan
2003-04-16,3.96,1.67,nan
2003-04-17,3.98,1.71,nan
2003-04-18,nan,nan,nan
2003-04-21,4.0,1.71,nan
2003-04-22,4.01,1.7,nan
2003-04-23,4.02,1.7,nan
2003-04-24,3.93,1.62,nan
2003-04-25,3.91,1.57,nan
2003-04-28,3.92,1.59,nan
2003-04-29,3.96,1.62,nan
2003-04-30,3.89,1.51,nan
2003-05-01,3.88,1.5,nan
2003-05-02,3.94,1.56,nan
2003-05-05,3.92,1.55,nan
2003-05-06,3.84,1.45,nan
2003-05-07,3.72,1.45,nan
2003-05-08,3.7,1.49,nan
2003-05-09,3.69,1.45,nan
2003-05-12,3.64,1.46,nan
2003-05-13,3.63,1.47,nan
2003-05-14,3.53,1.41,nan
2003-05-15,3.53,1.46,nan
2003-05-16,3.46,1.38,nan
2003-05-19,3.46,1.35,nan
2003-05-20,3.38,1.31,nan
2003-05-21,3.39,1.38,nan
2003-05-22,3.34,1.36,nan
2003-05-23,3.34,1.38,nan
2003-05-26,nan,nan,nan
2003-05-27,3.41,1.33,nan
2003-05-28,3.44,1.35,nan
2003-05-29,3.34,1.3,nan
2003-05-30,3.37,1.33,nan
2003-06-02,3.43,1.33,nan
2003-06-03,3.34,1.2,nan
2003-06-04,3.3,1.2,nan
2003-06-05,3.34,1.25,nan
2003-06-06,3.37,1.27,nan
2003-06-09,3.29,1.19,nan
2003-06-10,3.2,1.13,nan
2003-06-11,3.21,1.16,nan
2003-06-12,3.18,1.13,nan
2003-06-13,3.13,1.1,nan
2003-06-16,3.18,1.18,nan
2003-06-17,3.27,1.25,nan
2003-06-18,3.37,1.27,nan
2003-06-19,3.35,1.17,nan
2003-06-20,3.4,1.22,nan
2003-06-23,3.32,1.17,nan
2003-06-24,3.29,1.14,nan
2003-06-25,3.38,1.3,nan
2003-06-26,3.55,1.41,nan
2003-06-27,3.58,1.38,nan
2003-06-30,3.54,1.32,nan
2003-07-01,3.56,1.3,nan
2003-07-02,3.56,1.3,nan
2003-07-03,3.67,1.32,nan
2003-07-04,nan,nan,nan
2003-07-07,3.74,1.36,nan
2003-07-08,3.75,1.39,nan
2003-07-09,3.73,1.37,nan
2003-07-10,3.7,1.33,nan
2003-07-11,3.66,1.29,nan
2003-07-14,3.74,1.35,nan
2003-07-15,3.94,1.45,nan
2003-07-16,3.97,1.49,nan
2003-07-17,3.98,1.47,nan
2003-07-18,4.0,1.51,nan
2003-07-21,4.19,1.61,nan
2003-07-22,4.17,1.57,nan
2003-07-23,4.12,1.54,nan
2003-07-24,4.2,1.54,nan
2003-07-25,4.22,1.52,nan
2003-07-28,4.31,1.61,nan
2003-07-29,4.42,1.67,nan
2003-07-30,4.34,1.64,nan
2003-07-31,4.49,1.8,nan
2003-08-01,4.44,1.85,nan
2003-08-04,4.35,1.71,nan
2003-08-05,4.47,1.88,nan
2003-08-06,4.32,1.78,nan
2003-08-07,4.3,1.74,nan
2003-08-08,4.27,1.72,nan
2003-08-11,4.38,1.81,nan
2003-08-12,4.37,1.71,nan
2003-08-13,4.58,1.86,nan
2003-08-14,4.55,1.86,nan
2003-08-15,4.55,1.85,nan
2003-08-18,4.49,1.87,nan
2003-08-19,4.38,1.81,nan
2003-08-20,4.45,1.84,nan
2003-08-21,4.53,1.98,nan
2003-08-22,4.48,1.97,nan
2003-08-25,4.53,2.02,nan
2003-08-26,4.5,1.96,nan
2003-08-27,4.54,2.05,nan
2003-08-28,4.42,1.93,nan
2003-08-29,4.45,1.95,nan
2003-09-01,nan,nan,nan
2003-09-02,4.61,2.04,nan
2003-09-03,4.6,2.02,nan
2003-09-04,4.52,1.91,nan
2003-09-05,4.35,1.72,nan
2003-09-08,4.41,1.75,nan
2003-09-09,4.37,1.71,nan
2003-09-10,4.28,1.64,nan
2003-09-11,4.35,1.71,nan
2003-09-12,4.27,1.66,nan
2003-09-15,4.28,1.63,nan
2003-09-16,4.29,1.63,nan
2003-09-17,4.2,1.63,nan
2003-09-18,4.19,1.68,nan
2003-09-19,4.17,1.7,nan
2003-09-22,4.26,1.7,nan
2003-09-23,4.24,1.68,nan
2003-09-24,4.16,1.66,nan
2003-09-25,4.12,1.65,nan
2003-09-26,4.04,1.6,nan
2003-09-27,nan,nan,nan
2003-09-28,nan,nan,nan
2003-09-29,4.09,1.61,nan
2003-09-30,3.96,1.5,nan
2003-10-01,3.96,1.47,nan
2003-10-02,4.03,1.48,nan
2003-10-03,4.21,1.65,nan
2003-10-06,4.17,1.6,nan
2003-10-07,4.27,1.67,nan
2003-10-08,4.27,1.65,nan
2003-10-09,4.32,1.69,nan
2003-10-10,4.29,1.65,nan
2003-10-13,nan,nan,nan
2003-10-14,4.37,1.73,nan
2003-10-15,4.43,1.79,nan
2003-10-16,4.47,1.96,nan
2003-10-17,4.41,1.9,nan
2003-10-20,4.41,1.88,nan
2003-10-21,4.38,1.89,nan
2003-10-22,4.29,1.8,nan
2003-10-23,4.34,1.84,nan
2003-10-24,4.24,1.76,nan
2003-10-27,4.3,1.83,nan
2003-10-28,4.23,1.71,nan
2003-10-29,4.31,1.79,nan
2003-10-30,4.36,1.86,nan
2003-10-31,4.33,1.85,nan
2003-11-03,4.4,1.9,nan
2003-11-04,4.33,1.86,nan
2003-11-05,4.38,1.94,nan
2003-11-06,4.45,2.01,nan
2003-11-07,4.48,2.04,nan
2003-11-10,4.49,2.06,nan
2003-11-11,nan,nan,nan
2003-11-12,4.44,2.05,nan
2003-11-13,4.3,1.92,nan
2003-11-14,4.22,1.84,nan
2003-11-17,4.18,1.8,nan
2003-11-18,4.17,1.83,nan
2003-11-19,4.24,1.9,nan
2003-11-20,4.16,1.83,nan
2003-11-21,4.15,1.84,nan
2003-11-24,4.23,1.94,nan
2003-11-25,4.19,1.89,nan
2003-11-26,4.25,1.97,nan
2003-11-28,4.34,2.06,nan
2003-12-01,4.4,2.12,nan
2003-12-02,4.38,2.07,nan
2003-12-03,4.41,2.09,nan
2003-12-04,4.38,2.06,nan
2003-12-05,4.23,1.88,nan
2003-12-08,4.29,1.94,nan
2003-12-09,4.32,1.97,nan
2003-12-10,4.3,1.94,nan
2003-12-11,4.27,1.83,nan
2003-12-12,4.26,1.84,nan
2003-12-15,4.28,1.88,nan
2003-12-16,4.24,1.83,nan
2003-12-17,4.19,1.83,nan
2003-12-18,4.16,1.85,nan
2003-12-19,4.15,1.82,nan
2003-12-22,4.18,1.84,nan
2003-12-23,4.28,1.96,nan
2003-12-24,4.2,1.83,nan
2003-12-25,nan,nan,nan
2003-12-26,4.17,1.82,nan
2003-12-29,4.24,1.86,nan
2003-12-30,4.29,1.86,nan
2003-12-31,4.27,1.84,nan
2004-01-02,4.38,1.94,nan
2004-01-05,4.41,1.95,nan
2004-01-06,4.29,1.84,nan
2004-01-07,4.27,1.84,nan
2004-01-08,4.27,1.85,nan
2004-01-09,4.11,1.68,nan
2004-01-12,4.11,1.68,nan
2004-01-13,4.05,1.63,nan
2004-01-14,4.01,1.65,nan
2004-01-15,3.99,1.67,nan
2004-01-16,4.04,1.7,nan
2004-01-17,nan,nan,nan
2004-01-18,nan,nan,nan
2004-01-19,nan,nan,nan
2004-01-20,4.08,1.69,nan
2004-01-21,4.05,1.69,nan
2004-01-22,3.99,1.66,nan
2004-01-23,4.09,1.71,nan
2004-01-26,4.16,1.75,nan
2004-01-27,4.11,1.7,nan
2004-01-28,4.22,1.87,nan
2004-01-29,4.22,1.88,nan
2004-01-30,4.16,1.84,nan
2004-02-02,4.18,1.83,nan
2004-02-03,4.13,1.78,nan
2004-02-04,4.15,1.8,nan
2004-02-05,4.2,1.85,nan
2004-02-06,4.12,1.77,nan
2004-02-09,4.09,1.76,nan
2004-02-10,4.13,1.82,nan
2004-02-11,4.05,1.73,nan
2004-02-12,4.1,1.75,nan
2004-02-13,4.05,1.7,nan
2004-02-16,nan,nan,nan
2004-02-17,4.05,1.7,nan
2004-02-18,4.05,1.72,nan
2004-02-19,4.05,1.7,nan
2004-02-20,4.1,1.75,nan
2004-02-23,4.05,1.69,nan
2004-02-24,4.04,1.69,nan
2004-02-25,4.02,1.67,nan
2004-02-26,4.05,1.69,nan
2004-02-27,3.99,1.66,nan
2004-03-01,4.0,1.67,nan
2004-03-02,4.05,1.74,nan
2004-03-03,4.07,1.74,nan
2004-03-04,4.04,1.73,nan
2004-03-05,3.85,1.57,nan
2004-03-08,3.78,1.52,nan
2004-03-09,3.73,1.51,nan
2004-03-10,3.74,1.54,nan
2004-03-11,3.74,1.52,nan
2004-03-12,3.78,1.54,nan
2004-03-15,3.78,1.56,nan
2004-03-16,3.7,1.51,nan
2004-03-17,3.71,1.53,nan
2004-03-18,3.76,1.55,nan
2004-03-19,3.8,1.56,nan
2004-03-22,3.74,1.52,nan
2004-03-23,3.73,1.52,nan
2004-03-24,3.73,1.5,nan
2004-03-25,3.75,1.51,nan
2004-03-26,3.85,1.59,nan
2004-03-29,3.91,1.63,nan
2004-03-30,3.91,1.63,nan
2004-03-31,3.86,1.6,nan
2004-04-01,3.91,1.65,nan
2004-04-02,4.15,1.86,nan
2004-04-05,4.24,1.91,nan
2004-04-06,4.19,1.86,nan
2004-04-07,4.19,1.87,nan
2004-04-08,4.21,1.88,nan
2004-04-09,nan,nan,nan
2004-04-12,4.25,1.91,nan
2004-04-13,4.35,2.01,nan
2004-04-14,4.4,2.13,nan
2004-04-15,4.42,2.1,nan
2004-04-16,4.37,2.03,nan
2004-04-19,4.39,2.07,nan
2004-04-20,4.43,2.11,nan
2004-04-21,4.45,2.22,nan
2004-04-22,4.4,2.15,nan
2004-04-23,4.48,2.29,nan
2004-04-26,4.46,2.28,nan
2004-04-27,4.43,2.21,nan
2004-04-28,4.5,2.3,nan
2004-04-29,4.55,2.34,nan
2004-04-30,4.53,2.31,nan
2004-05-03,4.53,2.34,nan
2004-05-04,4.56,2.32,nan
2004-05-05,4.61,2.34,nan
2004-05-06,4.63,2.39,nan
2004-05-07,4.79,2.64,nan
2004-05-08,nan,nan,nan
2004-05-09,nan,nan,nan
2004-05-10,4.81,2.61,nan
2004-05-11,4.79,2.61,nan
2004-05-12,4.83,2.62,nan
2004-05-13,4.85,2.67,nan
2004-05-14,4.79,2.59,nan
2004-05-17,4.7,2.51,nan
2004-05-18,4.74,2.58,nan
2004-05-19,4.79,2.61,nan
2004-05-20,4.72,2.55,nan
2004-05-21,4.76,2.6,nan
2004-05-24,4.75,2.59,nan
2004-05-25,4.73,2.58,nan
2004-05-26,4.67,2.52,nan
2004-05-27,4.6,2.46,nan
2004-05-28,4.66,2.54,nan
2004-05-31,nan,nan,nan
2004-06-01,4.71,2.6,nan
2004-06-02,4.74,2.65,nan
2004-06-03,4.71,2.63,nan
2004-06-04,4.78,2.7,nan
2004-06-07,4.78,2.67,nan
2004-06-08,4.78,2.73,nan
2004-06-09,4.82,2.79,nan
2004-06-10,4.81,2.81,nan
2004-06-11,nan,nan,nan
2004-06-14,4.89,2.97,nan
2004-06-15,4.69,2.77,nan
2004-06-16,4.74,2.84,nan
2004-06-17,4.71,2.81,nan
2004-06-18,4.72,2.81,nan
2004-06-21,4.7,2.8,nan
2004-06-22,4.72,2.8,nan
2004-06-23,4.71,2.78,nan
2004-06-24,4.66,2.74,nan
2004-06-25,4.66,2.74,nan
2004-06-28,4.76,2.86,nan
2004-06-29,4.7,2.83,nan
2004-06-30,4.62,2.7,nan
2004-07-01,4.57,2.64,nan
2004-07-02,4.48,2.54,nan
2004-07-05,nan,nan,nan
2004-07-06,4.49,2.56,nan
2004-07-07,4.5,2.56,nan
2004-07-08,4.49,2.55,nan
2004-07-09,4.49,2.55,nan
2004-07-12,4.46,2.53,nan
2004-07-13,4.5,2.58,nan
2004-07-14,4.5,2.62,nan
2004-07-15,4.5,2.64,nan
2004-07-16,4.38,2.54,nan
2004-07-19,4.38,2.56,nan
2004-07-20,4.47,2.67,nan
2004-07-21,4.5,2.71,nan
2004-07-22,4.48,2.69,nan
2004-07-23,4.45,2.69,nan
2004-07-26,4.49,2.75,nan
2004-07-27,4.62,2.82,nan
2004-07-28,4.61,2.78,nan
2004-07-29,4.6,2.75,nan
2004-07-30,4.5,2.68,nan
2004-08-02,4.48,2.66,nan
2004-08-03,4.45,2.66,nan
2004-08-04,4.45,2.66,nan
2004-08-05,4.43,2.64,nan
2004-08-06,4.24,2.4,nan
2004-08-09,4.28,2.45,nan
2004-08-10,4.32,2.55,nan
2004-08-11,4.3,2.54,nan
2004-08-12,4.27,2.52,nan
2004-08-13,4.22,2.47,nan
2004-08-16,4.26,2.51,nan
2004-08-17,4.21,2.44,nan
2004-08-18,4.23,2.44,nan
2004-08-19,4.22,2.43,nan
2004-08-20,4.24,2.46,nan
2004-08-23,4.28,2.5,nan
2004-08-24,4.28,2.5,nan
2004-08-25,4.26,2.51,nan
2004-08-26,4.22,2.48,nan
2004-08-27,4.23,2.48,nan
2004-08-30,4.19,2.47,nan
2004-08-31,4.13,2.41,nan
2004-09-01,4.13,2.41,nan
2004-09-02,4.2,2.46,nan
2004-09-03,4.3,2.61,nan
2004-09-06,nan,nan,nan
2004-09-07,4.26,2.58,nan
2004-09-08,4.18,2.5,nan
2004-09-09,4.22,2.5,nan
2004-09-10,4.19,2.5,nan
2004-09-13,4.16,2.5,nan
2004-09-14,4.15,2.47,nan
2004-09-15,4.18,2.51,nan
2004-09-16,4.08,2.44,nan
2004-09-17,4.14,2.53,nan
2004-09-20,4.07,2.46,nan
2004-09-21,4.05,2.49,nan
2004-09-22,4.0,2.5,nan
2004-09-23,4.02,2.57,nan
2004-09-24,4.04,2.62,nan
2004-09-27,4.01,2.59,nan
2004-09-28,4.02,2.55,nan
2004-09-29,4.1,2.61,nan
2004-09-30,4.14,2.63,nan
2004-10-01,4.21,2.63,nan
2004-10-04,4.19,2.65,nan
2004-10-05,4.18,2.65,nan
2004-10-06,4.23,2.7,nan
2004-10-07,4.26,2.72,nan
2004-10-08,4.15,2.61,nan
2004-10-09,nan,nan,nan
2004-10-10,nan,nan,nan
2004-10-11,nan,nan,nan
2004-10-12,4.12,2.56,nan
2004-10-13,4.09,2.53,nan
2004-10-14,4.03,2.48,nan
2004-10-15,4.07,2.53,nan
2004-10-18,4.07,2.55,nan
2004-10-19,4.07,2.57,nan
2004-10-20,4.01,2.53,nan
2004-10-21,4.01,2.57,nan
2004-10-22,4.0,2.55,nan
2004-10-25,3.99,2.54,nan
2004-10-26,4.01,2.54,nan
2004-10-27,4.11,2.63,nan
2004-10-28,4.09,2.59,nan
2004-10-29,4.05,2.56,nan
2004-11-01,4.11,2.61,nan
2004-11-02,4.1,2.6,nan
2004-11-03,4.09,2.6,nan
2004-11-04,4.1,2.63,nan
2004-11-05,4.21,2.8,nan
2004-11-08,4.22,2.8,nan
2004-11-09,4.22,2.8,nan
2004-11-10,4.25,2.82,nan
2004-11-11,nan,nan,nan
2004-11-12,4.2,2.86,nan
2004-11-15,4.2,2.89,nan
2004-11-16,4.21,2.91,nan
2004-11-17,4.14,2.85,nan
2004-11-18,4.12,2.86,nan
2004-11-19,4.2,2.95,nan
2004-11-22,4.18,2.95,nan
2004-11-23,4.19,2.98,nan
2004-11-24,4.2,3.01,nan
2004-11-25,nan,nan,nan
2004-11-26,4.24,3.03,nan
2004-11-29,4.34,3.07,nan
2004-11-30,4.36,3.02,nan
2004-12-01,4.38,3.01,nan
2004-12-02,4.4,3.04,nan
2004-12-03,4.27,2.94,nan
2004-12-06,4.24,2.93,nan
2004-12-07,4.23,2.95,nan
2004-12-08,4.14,2.91,nan
2004-12-09,4.19,2.93,nan
2004-12-10,4.16,2.95,nan
2004-12-13,4.16,2.98,nan
2004-12-14,4.14,2.99,nan
2004-12-15,4.09,2.97,nan
2004-12-16,4.19,3.01,nan
2004-12-17,4.21,3.03,nan
2004-12-20,4.21,3.06,nan
2004-12-21,4.18,3.05,nan
2004-12-22,4.21,3.04,nan
2004-12-23,4.23,3.02,nan
2004-12-24,nan,nan,nan
2004-12-27,4.3,3.07,nan
2004-12-28,4.31,3.08,nan
2004-12-29,4.33,3.12,nan
2004-12-30,4.27,3.1,nan
2004-12-31,4.24,3.08,nan
2005-01-03,4.23,3.1,nan
2005-01-04,4.29,3.2,nan
2005-01-05,4.29,3.22,nan
2005-01-06,4.29,3.18,nan
2005-01-07,4.29,3.2,nan
2005-01-10,4.29,3.23,nan
2005-01-11,4.26,3.24,nan
2005-01-12,4.25,3.22,nan
2005-01-13,4.2,3.21,nan
2005-01-14,4.23,3.24,nan
2005-01-17,nan,nan,nan
2005-01-18,4.21,3.26,nan
2005-01-19,4.2,3.26,nan
2005-01-20,4.17,3.21,nan
2005-01-21,4.16,3.16,nan
2005-01-24,4.14,3.2,nan
2005-01-25,4.2,3.23,nan
2005-01-26,4.21,3.27,nan
2005-01-27,4.22,3.28,nan
2005-01-28,4.16,3.25,nan
2005-01-31,4.14,3.29,nan
2005-02-01,4.15,3.29,nan
2005-02-02,4.15,3.32,nan
2005-02-03,4.18,3.34,nan
2005-02-04,4.09,3.29,nan
2005-02-05,nan,nan,nan
2005-02-06,nan,nan,nan
2005-02-07,4.07,3.31,nan
2005-02-08,4.05,3.33,nan
2005-02-09,4.0,3.24,nan
2005-02-10,4.07,3.29,nan
2005-02-11,4.1,3.34,nan
2005-02-14,4.08,3.38,nan
2005-02-15,4.1,3.37,nan
2005-02-16,4.16,3.41,nan
2005-02-17,4.19,3.38,nan
2005-02-18,4.27,3.45,nan
2005-02-21,nan,nan,nan
2005-02-22,4.29,3.46,nan
2005-02-23,4.27,3.46,nan
2005-02-24,4.29,3.52,nan
2005-02-25,4.27,3.54,nan
2005-02-28,4.36,3.59,nan
2005-03-01,4.38,3.59,nan
2005-03-02,4.38,3.57,nan
2005-03-03,4.39,3.59,nan
2005-03-04,4.32,3.57,nan
2005-03-07,4.31,3.61,nan
2005-03-08,4.38,3.62,nan
2005-03-09,4.52,3.66,nan
2005-03-10,4.48,3.68,nan
2005-03-11,4.56,3.73,nan
2005-03-14,4.52,3.75,nan
2005-03-15,4.54,3.75,nan
2005-03-16,4.52,3.72,nan
2005-03-17,4.47,3.7,nan
2005-03-18,4.51,3.72,nan
2005-03-21,4.53,3.72,nan
2005-03-22,4.63,3.86,nan
2005-03-23,4.61,3.84,nan
2005-03-24,4.6,3.88,nan
2005-03-25,nan,nan,nan
2005-03-28,4.64,3.9,nan
2005-03-29,4.6,3.87,nan
2005-03-30,4.56,3.86,nan
2005-03-31,4.5,3.8,nan
2005-04-01,4.46,3.75,nan
2005-04-04,4.47,3.74,nan
2005-04-05,4.48,3.75,nan
2005-04-06,4.44,3.7,nan
2005-04-07,4.49,3.72,nan
2005-04-08,4.5,3.77,nan
2005-04-11,4.45,3.75,nan
2005-04-12,4.38,3.71,nan
2005-04-13,4.38,3.66,nan
2005-04-14,4.37,3.6,nan
2005-04-15,4.27,3.54,nan
2005-04-18,4.27,3.55,nan
2005-04-19,4.21,3.5,nan
2005-04-20,4.22,3.52,nan
2005-04-21,4.32,3.65,nan
2005-04-22,4.26,3.62,nan
2005-04-25,4.26,3.64,nan
2005-04-26,4.28,3.67,nan
2005-04-27,4.25,3.64,nan
2005-04-28,4.19,3.59,nan
2005-04-29,4.21,3.66,nan
2005-04-30,nan,nan,nan
2005-05-02,4.21,3.64,nan
2005-05-03,4.21,3.68,nan
2005-05-04,4.2,3.63,nan
2005-05-05,4.19,3.58,nan
2005-05-06,4.28,3.73,nan
2005-05-08,nan,nan,nan
2005-05-09,4.29,3.76,nan
2005-05-10,4.23,3.69,nan
2005-05-11,4.21,3.68,nan
2005-05-12,4.18,3.66,nan
2005-05-13,4.12,3.61,nan
2005-05-16,4.13,3.61,nan
2005-05-17,4.12,3.61,nan
2005-05-18,4.07,3.56,nan
2005-05-19,4.11,3.64,nan
2005-05-20,4.13,3.69,nan
2005-05-23,4.07,3.65,nan
2005-05-24,4.04,3.61,nan
2005-05-25,4.08,3.61,nan
2005-05-26,4.08,3.64,nan
2005-05-27,4.08,3.64,nan
2005-05-30,nan,nan,nan
2005-05-31,4.0,3.6,nan
2005-06-01,3.91,3.5,nan
2005-06-02,3.89,3.52,nan
2005-06-03,3.98,3.57,nan
2005-06-06,3.96,3.59,nan
2005-06-07,3.92,3.57,nan
2005-06-08,3.95,3.6,nan
2005-06-09,3.98,3.64,nan
2005-06-10,4.05,3.71,nan
2005-06-13,4.09,3.71,nan
2005-06-14,4.13,3.71,nan
2005-06-15,4.12,3.72,nan
2005-06-16,4.09,3.7,nan
2005-06-17,4.09,3.72,nan
2005-06-20,4.11,3.72,nan
2005-06-21,4.06,3.71,nan
2005-06-22,3.95,3.62,nan
2005-06-23,3.96,3.63,nan
2005-06-24,3.92,3.59,nan
2005-06-27,3.9,3.6,nan
2005-06-28,3.97,3.65,nan
2005-06-29,3.99,3.65,nan
2005-06-30,3.94,3.66,nan
2005-07-01,4.06,3.76,nan
2005-07-04,nan,nan,nan
2005-07-05,4.11,3.79,nan
2005-07-06,4.08,3.77,nan
2005-07-07,4.05,3.71,nan
2005-07-08,4.11,3.78,nan
2005-07-11,4.11,3.81,nan
2005-07-12,4.15,3.82,nan
2005-07-13,4.17,3.84,nan
2005-07-14,4.19,3.86,nan
2005-07-15,4.18,3.86,nan
2005-07-18,4.22,3.89,nan
2005-07-19,4.2,3.88,nan
2005-07-20,4.17,3.9,nan
2005-07-21,4.28,3.96,nan
2005-07-22,4.23,3.92,nan
2005-07-25,4.25,3.95,nan
2005-07-26,4.24,3.95,nan
2005-07-27,4.27,3.99,nan
2005-07-28,4.2,3.96,nan
2005-07-29,4.28,4.02,nan
2005-08-01,4.32,4.04,nan
2005-08-02,4.34,4.06,nan
2005-08-03,4.3,4.02,nan
2005-08-04,4.32,4.04,nan
2005-08-05,4.4,4.11,nan
2005-08-08,4.42,4.16,nan
2005-08-09,4.41,4.13,nan
2005-08-10,4.4,4.13,nan
2005-08-11,4.32,4.1,nan
2005-08-12,4.24,4.05,nan
2005-08-15,4.27,4.08,nan
2005-08-16,4.23,4.03,nan
2005-08-17,4.28,4.07,nan
2005-08-18,4.21,4.01,nan
2005-08-19,4.21,4.03,nan
2005-08-22,4.22,4.03,nan
2005-08-23,4.2,4.01,nan
2005-08-24,4.19,3.99,nan
2005-08-25,4.18,4.0,nan
2005-08-26,4.2,4.06,nan
2005-08-29,4.2,4.06,nan
2005-08-30,4.16,3.97,nan
2005-08-31,4.02,3.84,nan
2005-09-01,4.02,3.72,nan
2005-09-02,4.03,3.75,nan
2005-09-05,nan,nan,nan
2005-09-06,4.09,3.8,nan
2005-09-07,4.15,3.87,nan
2005-09-08,4.15,3.87,nan
2005-09-09,4.14,3.88,nan
2005-09-12,4.18,3.92,nan
2005-09-13,4.14,3.88,nan
2005-09-14,4.17,3.9,nan
2005-09-15,4.22,3.9,nan
2005-09-16,4.26,3.97,nan
2005-09-19,4.25,3.93,nan
2005-09-20,4.26,4.0,nan
2005-09-21,4.19,3.96,nan
2005-09-22,4.19,3.95,nan
2005-09-23,4.25,4.02,nan
2005-09-26,4.3,4.07,nan
2005-09-27,4.3,4.08,nan
2005-09-28,4.26,4.09,nan
2005-09-29,4.29,4.13,nan
2005-09-30,4.34,4.18,nan
2005-10-03,4.39,4.21,nan
2005-10-04,4.38,4.22,nan
2005-10-05,4.36,4.21,nan
2005-10-06,4.37,4.2,nan
2005-10-07,4.35,4.18,nan
2005-10-08,nan,nan,nan
2005-10-09,nan,nan,nan
2005-10-10,nan,nan,nan
2005-10-11,4.39,4.22,nan
2005-10-12,4.45,4.24,nan
2005-10-13,4.48,4.24,nan
2005-10-14,4.48,4.27,nan
2005-10-17,4.5,4.29,nan
2005-10-18,4.49,4.27,nan
2005-10-19,4.47,4.25,nan
2005-10-20,4.46,4.27,nan
2005-10-21,4.39,4.22,nan
2005-10-24,4.45,4.25,nan
2005-10-25,4.54,4.34,nan
2005-10-26,4.6,4.38,nan
2005-10-27,4.57,4.36,nan
2005-10-28,4.58,4.4,nan
2005-10-31,4.57,4.4,nan
2005-11-01,4.58,4.42,nan
2005-11-02,4.61,4.43,nan
2005-11-03,4.65,4.47,nan
2005-11-04,4.66,4.47,nan
2005-11-07,4.65,4.47,nan
2005-11-08,4.57,4.43,nan
2005-11-09,4.64,4.49,nan
2005-11-10,4.55,4.44,nan
2005-11-11,nan,nan,nan
2005-11-14,4.61,4.5,nan
2005-11-15,4.56,4.47,nan
2005-11-16,4.49,4.42,nan
2005-11-17,4.46,4.37,nan
2005-11-18,4.5,4.4,nan
2005-11-21,4.46,4.39,nan
2005-11-22,4.43,4.32,nan
2005-11-23,4.47,4.36,nan
2005-11-24,nan,nan,nan
2005-11-25,4.43,4.33,nan
2005-11-28,4.41,4.33,nan
2005-11-29,4.48,4.4,nan
2005-11-30,4.49,4.42,nan
2005-12-01,4.52,4.45,nan
2005-12-02,4.52,4.43,nan
2005-12-05,4.57,4.47,nan
2005-12-06,4.49,4.42,nan
2005-12-07,4.52,4.42,nan
2005-12-08,4.47,4.37,nan
2005-12-09,4.54,4.43,nan
2005-12-12,4.56,4.45,nan
2005-12-13,4.54,4.43,nan
2005-12-14,4.45,4.37,nan
2005-12-15,4.47,4.37,nan
2005-12-16,4.45,4.37,nan
2005-12-19,4.45,4.38,nan
2005-12-20,4.47,4.42,nan
2005-12-21,4.49,4.43,nan
2005-12-22,4.44,4.4,nan
2005-12-23,4.38,4.37,nan
2005-12-26,nan,nan,nan
2005-12-27,4.34,4.35,nan
2005-12-28,4.38,4.37,nan
2005-12-29,4.37,4.38,nan
2005-12-30,4.39,4.41,nan
2005-12-31,nan,nan,nan
2006-01-03,4.37,4.34,nan
2006-01-04,4.36,4.31,nan
2006-01-05,4.36,4.32,nan
2006-01-06,4.38,4.36,nan
2006-01-09,4.38,4.36,nan
2006-01-10,4.43,4.41,nan
2006-01-11,4.46,4.44,nan
2006-01-12,4.42,4.39,nan
2006-01-13,4.36,4.34,nan
2006-01-16,nan,nan,nan
2006-01-17,4.34,4.33,nan
2006-01-18,4.34,4.33,nan
2006-01-19,4.38,4.37,nan
2006-01-20,4.37,4.37,nan
2006-01-23,4.36,4.35,nan
2006-01-24,4.4,4.37,nan
2006-01-25,4.49,4.46,nan
2006-01-26,4.53,4.49,nan
2006-01-27,4.52,4.51,nan
2006-01-28,nan,nan,nan
2006-01-30,4.54,4.52,nan
2006-01-31,4.53,4.54,nan
2006-02-01,4.57,4.59,nan
2006-02-02,4.57,4.59,nan
2006-02-03,4.54,4.59,nan
2006-02-05,nan,nan,nan
2006-02-06,4.55,4.62,nan
2006-02-07,4.57,4.61,nan
2006-02-08,4.56,4.64,nan
2006-02-09,4.54,4.66,4.51
2006-02-10,4.59,4.69,4.55
2006-02-13,4.58,4.68,4.56
2006-02-14,4.62,4.69,4.6
2006-02-15,4.61,4.71,4.58
2006-02-16,4.59,4.69,4.57
2006-02-17,4.54,4.66,4.51
2006-02-20,nan,nan,nan
2006-02-21,4.57,4.71,4.53
2006-02-22,4.53,4.68,4.48
2006-02-23,4.56,4.72,4.51
2006-02-24,4.58,4.74,4.52
2006-02-27,4.59,4.74,4.55
2006-02-28,4.55,4.69,4.51
2006-03-01,4.59,4.71,4.56
2006-03-02,4.64,4.72,4.62
2006-03-03,4.68,4.76,4.66
2006-03-06,4.74,4.77,4.72
2006-03-07,4.74,4.77,4.72
2006-03-08,4.73,4.72,4.72
2006-03-09,4.74,4.72,4.72
2006-03-10,4.76,4.74,4.74
2006-03-13,4.77,4.74,4.77
2006-03-14,4.71,4.66,4.71
2006-03-15,4.73,4.69,4.75
2006-03-16,4.65,4.62,4.7
2006-03-17,4.68,4.65,4.72
2006-03-20,4.66,4.65,4.7
2006-03-21,4.71,4.72,4.74
2006-03-22,4.7,4.74,4.73
2006-03-23,4.73,4.77,4.75
2006-03-24,4.67,4.72,4.7
2006-03-27,4.7,4.72,4.73
2006-03-28,4.79,4.81,4.8
2006-03-29,4.81,4.82,4.84
2006-03-30,4.86,4.84,4.89
2006-03-31,4.86,4.82,4.9
2006-04-03,4.88,4.86,4.9
2006-04-04,4.87,4.84,4.91
2006-04-05,4.84,4.81,4.9
2006-04-06,4.9,4.84,4.96
2006-04-07,4.97,4.89,5.04
2006-04-10,4.97,4.89,5.04
2006-04-11,4.93,4.88,5.0
2006-04-12,4.98,4.91,5.05
2006-04-13,5.05,4.96,5.11
2006-04-14,nan,nan,nan
2006-04-17,5.01,4.91,5.08
2006-04-18,4.99,4.84,5.07
2006-04-19,5.04,4.86,5.13
2006-04-20,5.04,4.89,5.14
2006-04-21,5.01,4.9,5.1
2006-04-24,4.99,4.89,5.07
2006-04-25,5.07,4.95,5.16
2006-04-26,5.12,4.99,5.18
2006-04-27,5.09,4.91,5.18
2006-04-28,5.07,4.87,5.17
2006-04-29,nan,nan,nan
2006-04-30,nan,nan,nan
2006-05-01,5.14,4.94,5.23
2006-05-02,5.12,4.92,5.2
2006-05-03,5.15,4.94,5.24
2006-05-04,5.16,4.97,5.23
2006-05-05,5.12,4.94,5.2
2006-05-08,5.12,4.97,5.19
2006-05-09,5.13,4.97,5.2
2006-05-10,5.13,5.01,5.19
2006-05-11,5.14,4.99,5.23
2006-05-12,5.19,5.01,5.29
2006-05-15,5.15,4.99,5.26
2006-05-16,5.1,4.96,5.22
2006-05-17,5.16,4.97,5.28
2006-05-18,5.08,4.94,5.18
2006-05-19,5.05,4.96,5.14
2006-05-22,5.04,4.94,5.13
2006-05-23,5.07,4.97,5.16
2006-05-24,5.03,4.94,5.13
2006-05-25,5.07,4.98,5.17
2006-05-26,5.06,4.96,5.16
2006-05-29,nan,nan,nan
2006-05-30,5.09,4.99,5.19
2006-05-31,5.12,5.04,5.21
2006-06-01,5.11,5.04,5.2
2006-06-02,5.0,4.92,5.1
2006-06-05,5.02,4.99,5.1
2006-06-06,5.01,4.99,5.08
2006-06-07,5.02,5.02,5.09
2006-06-08,5.0,5.01,5.06
2006-06-09,4.98,5.01,5.03
2006-06-12,4.99,5.02,5.03
2006-06-13,4.97,5.02,5.01
2006-06-14,5.05,5.11,5.09
2006-06-15,5.1,5.14,5.13
2006-06-16,5.13,5.16,5.17
2006-06-19,5.14,5.19,5.18
2006-06-20,5.15,5.19,5.19
2006-06-21,5.16,5.2,5.19
2006-06-22,5.2,5.23,5.23
2006-06-23,5.23,5.27,5.26
2006-06-26,5.25,5.27,5.28
2006-06-27,5.21,5.24,5.24
2006-06-28,5.25,5.29,5.28
2006-06-29,5.22,5.21,5.26
2006-06-30,5.15,5.16,5.19
2006-07-03,5.15,5.17,5.2
2006-07-04,nan,nan,nan
2006-07-05,5.23,5.24,5.27
2006-07-06,5.19,5.22,5.23
2006-07-07,5.14,5.17,5.18
2006-07-10,5.13,5.17,5.17
2006-07-11,5.1,5.17,5.14
2006-07-12,5.1,5.17,5.14
2006-07-13,5.08,5.12,5.12
2006-07-14,5.07,5.08,5.11
2006-07-17,5.07,5.12,5.1
2006-07-18,5.13,5.19,5.16
2006-07-19,5.06,5.12,5.1
2006-07-20,5.03,5.06,5.08
2006-07-21,5.05,5.08,5.1
2006-07-24,5.05,5.1,5.11
2006-07-25,5.07,5.11,5.13
2006-07-26,5.04,5.06,5.1
2006-07-27,5.07,5.07,5.11
2006-07-28,5.0,4.98,5.07
2006-07-31,4.99,4.97,5.07
2006-08-01,4.99,4.97,5.07
2006-08-02,4.96,4.97,5.05
2006-08-03,4.96,4.98,5.04
2006-08-04,4.91,4.91,5.0
2006-08-07,4.93,4.96,5.0
2006-08-08,4.93,4.91,5.02
2006-08-09,4.92,4.91,5.05
2006-08-10,4.93,4.93,5.06
2006-08-11,4.97,4.96,5.09
2006-08-14,5.0,5.01,5.12
2006-08-15,4.93,4.94,5.05
2006-08-16,4.87,4.87,5.0
2006-08-17,4.87,4.89,5.0
2006-08-18,4.84,4.87,4.97
2006-08-21,4.82,4.85,4.96
2006-08-22,4.82,4.87,4.95
2006-08-23,4.82,4.87,4.95
2006-08-24,4.81,4.88,4.94
2006-08-25,4.79,4.86,4.93
2006-08-28,4.8,4.88,4.94
2006-08-29,4.79,4.87,4.93
2006-08-30,4.76,4.83,4.91
2006-08-31,4.74,4.79,4.88
2006-09-01,4.73,4.77,4.87
2006-09-04,nan,nan,nan
2006-09-05,4.78,4.8,4.93
2006-09-06,4.8,4.82,4.95
2006-09-07,4.8,4.82,4.94
2006-09-08,4.78,4.8,4.92
2006-09-11,4.8,4.83,4.95
2006-09-12,4.78,4.82,4.91
2006-09-13,4.77,4.8,4.9
2006-09-14,4.79,4.83,4.92
2006-09-15,4.8,4.87,4.92
2006-09-18,4.81,4.88,4.93
2006-09-19,4.74,4.79,4.86
2006-09-20,4.73,4.81,4.85
2006-09-21,4.65,4.71,4.78
2006-09-22,4.6,4.67,4.74
2006-09-25,4.56,4.63,4.7
2006-09-26,4.59,4.68,4.71
2006-09-27,4.6,4.66,4.73
2006-09-28,4.63,4.68,4.76
2006-09-29,4.64,4.71,4.77
2006-09-30,nan,nan,nan
2006-10-02,4.62,4.66,4.76
2006-10-03,4.62,4.67,4.76
2006-10-04,4.57,4.6,4.72
2006-10-05,4.61,4.65,4.76
2006-10-06,4.7,4.74,4.84
2006-10-08,nan,nan,nan
2006-10-09,nan,nan,nan
2006-10-10,4.75,4.82,4.88
2006-10-11,4.78,4.85,4.91
2006-10-12,4.79,4.85,4.91
2006-10-13,4.81,4.87,4.94
2006-10-16,4.79,4.85,4.92
2006-10-17,4.78,4.83,4.91
2006-10-18,4.77,4.85,4.89
2006-10-19,4.79,4.85,4.91
2006-10-20,4.79,4.87,4.91
2006-10-23,4.83,4.9,4.95
2006-10-24,4.83,4.91,4.95
2006-10-25,4.78,4.88,4.89
2006-10-26,4.73,4.81,4.84
2006-10-27,4.68,4.76,4.8
2006-10-30,4.68,4.78,4.78
2006-10-31,4.61,4.71,4.72
2006-11-01,4.57,4.66,4.68
2006-11-02,4.6,4.67,4.72
2006-11-03,4.72,4.82,4.81
2006-11-06,4.71,4.82,4.79
2006-11-07,4.66,4.77,4.76
2006-11-08,4.64,4.75,4.73
2006-11-09,4.62,4.75,4.73
2006-11-10,4.59,4.73,4.69
2006-11-13,4.61,4.76,4.71
2006-11-14,4.57,4.74,4.66
2006-11-15,4.61,4.8,4.69
2006-11-16,4.66,4.85,4.74
2006-11-17,4.61,4.76,4.69
2006-11-20,4.6,4.76,4.68
2006-11-21,4.58,4.75,4.66
2006-11-22,4.57,4.74,4.65
2006-11-23,nan,nan,nan
2006-11-24,4.55,4.73,4.63
2006-11-27,4.54,4.71,4.62
2006-11-28,4.51,4.67,4.59
2006-11-29,4.52,4.69,4.61
2006-11-30,4.46,4.62,4.56
2006-12-01,4.43,4.52,4.54
2006-12-04,4.43,4.52,4.55
2006-12-05,4.45,4.52,4.57
2006-12-06,4.48,4.59,4.6
2006-12-07,4.49,4.58,4.6
2006-12-08,4.56,4.68,4.66
2006-12-11,4.52,4.67,4.63
2006-12-12,4.49,4.61,4.6
2006-12-13,4.58,4.7,4.69
2006-12-14,4.6,4.73,4.72
2006-12-15,4.6,4.73,4.72
2006-12-18,4.6,4.71,4.72
2006-12-19,4.6,4.71,4.73
2006-12-20,4.6,4.71,4.73
2006-12-21,4.55,4.66,4.7
2006-12-22,4.63,4.71,4.76
2006-12-25,nan,nan,nan
2006-12-26,4.61,4.71,4.73
2006-12-27,4.66,4.77,4.78
2006-12-28,4.7,4.82,4.81
2006-12-29,4.71,4.82,4.81
2006-12-30,nan,nan,nan
2006-12-31,nan,nan,nan
2007-01-02,4.68,4.8,4.79
2007-01-03,4.67,4.76,4.77
2007-01-04,4.62,4.71,4.72
2007-01-05,4.65,4.76,4.74
2007-01-08,4.66,4.78,4.74
2007-01-09,4.66,4.79,4.74
2007-01-10,4.69,4.81,4.77
2007-01-11,4.74,4.86,4.82
2007-01-12,4.77,4.88,4.86
2007-01-15,nan,nan,nan
2007-01-16,4.75,4.86,4.85
2007-01-17,4.79,4.91,4.88
2007-01-18,4.75,4.89,4.85
2007-01-19,4.78,4.93,4.87
2007-01-22,4.76,4.91,4.84
2007-01-23,4.81,4.94,4.9
2007-01-24,4.81,4.93,4.91
2007-01-25,4.87,4.98,4.96
2007-01-26,4.88,4.99,4.98
2007-01-29,4.9,4.99,4.99
2007-01-30,4.88,4.98,4.98
2007-01-31,4.83,4.94,4.93
2007-02-01,4.84,4.96,4.93
2007-02-02,4.83,4.94,4.93
2007-02-05,4.81,4.92,4.91
2007-02-06,4.77,4.9,4.87
2007-02-07,4.74,4.87,4.86
2007-02-08,4.73,4.87,4.81
2007-02-09,4.79,4.92,4.87
2007-02-12,4.8,4.94,4.88
2007-02-13,4.82,4.95,4.9
2007-02-14,4.74,4.87,4.83
2007-02-15,4.7,4.83,4.81
2007-02-16,4.69,4.83,4.79
2007-02-17,nan,nan,nan
2007-02-20,4.68,4.81,4.78
2007-02-21,4.69,4.82,4.79
2007-02-22,4.73,4.87,4.83
2007-02-23,4.68,4.82,4.79
2007-02-25,nan,nan,nan
2007-02-26,4.63,4.77,4.73
2007-02-27,4.5,4.59,4.62
2007-02-28,4.56,4.65,4.68
2007-03-01,4.56,4.63,4.68
2007-03-02,4.52,4.56,4.65
2007-03-05,4.51,4.53,4.64
2007-03-06,4.53,4.58,4.66
2007-03-07,4.5,4.54,4.64
2007-03-08,4.51,4.56,4.65
2007-03-09,4.59,4.66,4.72
2007-03-12,4.56,4.62,4.69
2007-03-13,4.5,4.52,4.66
2007-03-14,4.53,4.54,4.69
2007-03-15,4.54,4.57,4.69
2007-03-16,4.55,4.58,4.7
2007-03-19,4.58,4.61,4.72
2007-03-20,4.56,4.6,4.71
2007-03-21,4.53,4.51,4.7
2007-03-22,4.6,4.58,4.78
2007-03-23,4.62,4.6,4.8
2007-03-26,4.6,4.56,4.79
2007-03-27,4.62,4.58,4.81
2007-03-28,4.62,4.53,4.83
2007-03-29,4.64,4.58,4.83
2007-03-30,4.65,4.58,4.84
2007-04-02,4.65,4.6,4.84
2007-04-03,4.67,4.63,4.85
2007-04-04,4.66,4.61,4.85
2007-04-05,4.68,4.63,4.87
2007-04-06,4.76,4.75,4.92
2007-04-09,4.75,4.73,4.92
2007-04-10,4.73,4.71,4.91
2007-04-11,4.74,4.73,4.92
2007-04-12,4.74,4.73,4.91
2007-04-13,4.76,4.76,4.93
2007-04-16,4.74,4.74,4.89
2007-04-17,4.69,4.68,4.85
2007-04-18,4.66,4.64,4.81
2007-04-19,4.68,4.64,4.84
2007-04-20,4.68,4.64,4.85
2007-04-23,4.66,4.62,4.83
2007-04-24,4.63,4.58,4.8
2007-04-25,4.66,4.63,4.83
2007-04-26,4.69,4.67,4.87
2007-04-27,4.71,4.67,4.89
2007-04-28,nan,nan,nan
2007-04-29,nan,nan,nan
2007-04-30,4.63,4.6,4.81
2007-05-01,4.64,4.63,4.81
2007-05-02,4.65,4.65,4.82
2007-05-03,4.68,4.71,4.84
2007-05-04,4.65,4.68,4.8
2007-05-07,4.64,4.68,4.79
2007-05-08,4.63,4.68,4.8
2007-05-09,4.67,4.73,4.83
2007-05-10,4.65,4.7,4.83
2007-05-11,4.67,4.71,4.85
2007-05-14,4.69,4.73,4.86
2007-05-15,4.71,4.75,4.88
2007-05-16,4.71,4.73,4.88
2007-05-17,4.76,4.78,4.91
2007-05-18,4.81,4.82,4.96
2007-05-21,4.79,4.81,4.94
2007-05-22,4.83,4.83,4.98
2007-05-23,4.86,4.85,5.01
2007-05-24,4.86,4.85,5.0
2007-05-25,4.86,4.85,5.01
2007-05-28,nan,nan,nan
2007-05-29,4.88,4.88,5.01
2007-05-30,4.88,4.89,5.01
2007-05-31,4.9,4.92,5.01
2007-06-01,4.95,4.97,5.06
2007-06-04,4.93,4.97,5.02
2007-06-05,4.98,4.99,5.07
2007-06-06,4.97,4.97,5.08
2007-06-07,5.11,5.03,5.2
2007-06-08,5.12,5.01,5.22
2007-06-11,5.14,5.01,5.24
2007-06-12,5.26,5.08,5.35
2007-06-13,5.2,5.08,5.28
2007-06-14,5.23,5.1,5.3
2007-06-15,5.16,5.05,5.26
2007-06-18,5.15,5.01,5.26
2007-06-19,5.09,4.94,5.2
2007-06-20,5.14,4.97,5.24
2007-06-21,5.16,4.98,5.28
2007-06-22,5.14,4.92,5.25
2007-06-25,5.09,4.87,5.2
2007-06-26,5.1,4.9,5.22
2007-06-27,5.09,4.91,5.2
2007-06-28,5.12,4.96,5.22
2007-06-29,5.03,4.87,5.12
2007-07-02,5.0,4.86,5.09
2007-07-03,5.05,4.89,5.14
2007-07-04,nan,nan,nan
2007-07-05,5.16,4.99,5.24
2007-07-06,5.19,4.99,5.28
2007-07-09,5.16,4.97,5.25
2007-07-10,5.03,4.85,5.14
2007-07-11,5.09,4.89,5.18
2007-07-12,5.13,4.94,5.22
2007-07-13,5.11,4.94,5.19
2007-07-16,5.05,4.89,5.14
2007-07-17,5.08,4.91,5.16
2007-07-18,5.02,4.84,5.1
2007-07-19,5.04,4.87,5.12
2007-07-20,4.96,4.79,5.07
2007-07-23,4.97,4.8,5.07
2007-07-24,4.94,4.77,5.05
2007-07-25,4.92,4.74,5.04
2007-07-26,4.79,4.56,4.95
2007-07-27,4.8,4.56,4.95
2007-07-30,4.82,4.59,4.97
2007-07-31,4.78,4.56,4.92
2007-08-01,4.76,4.56,4.9
2007-08-02,4.77,4.59,4.91
2007-08-03,4.71,4.46,4.87
2007-08-06,4.72,4.46,4.89
2007-08-07,4.77,4.56,4.92
2007-08-08,4.84,4.64,5.01
2007-08-09,4.79,4.49,5.02
2007-08-10,4.81,4.47,5.03
2007-08-13,4.78,4.46,5.01
2007-08-14,4.73,4.39,4.99
2007-08-15,4.69,4.27,5.0
2007-08-16,4.6,4.08,4.92
2007-08-17,4.68,4.18,5.0
2007-08-20,4.64,4.11,4.98
2007-08-21,4.6,4.05,4.95
2007-08-22,4.63,4.15,4.96
2007-08-23,4.62,4.2,4.93
2007-08-24,4.63,4.3,4.88
2007-08-27,4.6,4.28,4.87
2007-08-28,4.53,4.13,4.86
2007-08-29,4.57,4.14,4.88
2007-08-30,4.51,4.08,4.83
2007-08-31,4.54,4.15,4.83
2007-09-03,nan,nan,nan
2007-09-04,4.56,4.13,4.84
2007-09-05,4.48,4.03,4.78
2007-09-06,4.51,4.08,4.79
2007-09-07,4.38,3.9,4.7
2007-09-10,4.34,3.87,4.65
2007-09-11,4.37,3.95,4.65
2007-09-12,4.41,3.95,4.68
2007-09-13,4.49,4.08,4.75
2007-09-14,4.47,4.05,4.72
2007-09-17,4.48,4.08,4.72
2007-09-18,4.5,4.0,4.77
2007-09-19,4.53,4.0,4.83
2007-09-20,4.69,4.1,4.96
2007-09-21,4.64,4.06,4.89
2007-09-24,4.63,4.05,4.88
2007-09-25,4.63,4.0,4.89
2007-09-26,4.63,3.97,4.9
2007-09-27,4.58,3.95,4.84
2007-09-28,4.59,3.97,4.83
2007-09-29,nan,nan,nan
2007-09-30,nan,nan,nan
2007-10-01,4.56,4.02,4.79
2007-10-02,4.54,3.98,4.77
2007-10-03,4.55,4.02,4.79
2007-10-04,4.54,4.0,4.77
2007-10-05,4.65,4.08,4.87
2007-10-08,nan,nan,nan
2007-10-09,4.67,4.15,4.87
2007-10-10,4.65,4.15,4.86
2007-10-11,4.66,4.13,4.87
2007-10-12,4.7,4.23,4.91
2007-10-15,4.69,4.22,4.91
2007-10-16,4.66,4.12,4.9
2007-10-17,4.57,4.0,4.82
2007-10-18,4.52,3.93,4.78
2007-10-19,4.41,3.8,4.68
2007-10-22,4.42,3.85,4.68
2007-10-23,4.41,3.81,4.69
2007-10-24,4.36,3.74,4.64
2007-10-25,4.37,3.74,4.66
2007-10-26,4.41,3.77,4.68
2007-10-29,4.39,3.79,4.66
2007-10-30,4.4,3.82,4.68
2007-10-31,4.48,3.94,4.74
2007-11-01,4.36,3.77,4.64
2007-11-02,4.31,3.66,4.61
2007-11-05,4.35,3.69,4.63
2007-11-06,4.38,3.7,4.66
2007-11-07,4.34,3.61,4.67
2007-11-08,4.28,3.47,4.67
2007-11-09,4.23,3.42,4.61
2007-11-12,nan,nan,nan
2007-11-13,4.26,3.54,4.61
2007-11-14,4.28,3.57,4.61
2007-11-15,4.17,3.35,4.54
2007-11-16,4.15,3.33,4.52
2007-11-19,4.07,3.18,4.47
2007-11-20,4.06,3.14,4.49
2007-11-21,4.0,2.99,4.46
2007-11-22,nan,nan,nan
2007-11-23,4.01,3.07,4.43
2007-11-26,3.83,2.92,4.26
2007-11-27,3.95,3.05,4.36
2007-11-28,4.03,3.17,4.41
2007-11-29,3.94,3.06,4.35
2007-11-30,3.97,3.04,4.4
2007-12-03,3.89,2.9,4.34
2007-12-04,3.89,2.9,4.34
2007-12-05,3.92,2.9,4.39
2007-12-06,4.02,3.03,4.49
2007-12-07,4.12,3.12,4.58
2007-12-10,4.15,3.17,4.6
2007-12-11,3.98,2.94,4.47
2007-12-12,4.05,3.07,4.51
2007-12-13,4.18,3.21,4.61
2007-12-14,4.24,3.31,4.66
2007-12-17,4.2,3.24,4.62
2007-12-18,4.14,3.19,4.55
2007-12-19,4.06,3.12,4.47
2007-12-20,4.04,3.09,4.46
2007-12-21,4.18,3.19,4.58
2007-12-24,4.23,3.24,4.62
2007-12-25,nan,nan,nan
2007-12-26,4.3,3.31,4.68
2007-12-27,4.21,3.24,4.61
2007-12-28,4.11,3.12,4.51
2007-12-29,nan,nan,nan
2007-12-31,4.04,3.05,4.45
2008-01-02,3.91,2.88,4.35
2008-01-03,3.91,2.83,4.37
2008-01-04,3.88,2.74,4.36
2008-01-07,3.86,2.76,4.34
2008-01-08,3.86,2.76,4.35
2008-01-09,3.82,2.69,4.32
2008-01-10,3.91,2.71,4.44
2008-01-11,3.82,2.59,4.39
2008-01-14,3.81,2.58,4.37
2008-01-15,3.72,2.53,4.28
2008-01-16,3.74,2.51,4.32
2008-01-17,3.66,2.44,4.25
2008-01-18,3.66,2.36,4.28
2008-01-21,nan,nan,nan
2008-01-22,3.52,2.08,4.23
2008-01-23,3.51,2.09,4.23
2008-01-24,3.68,2.25,4.36
2008-01-25,3.61,2.23,4.28
2008-01-28,3.61,2.2,4.29
2008-01-29,3.69,2.29,4.34
2008-01-30,3.78,2.3,4.44
2008-01-31,3.67,2.17,4.35
2008-02-01,3.62,2.09,4.32
2008-02-02,nan,nan,nan
2008-02-03,nan,nan,nan
2008-02-04,3.68,2.08,4.37
2008-02-05,3.61,1.93,4.33
2008-02-06,3.61,1.96,4.37
2008-02-07,3.74,1.99,4.51
2008-02-08,3.64,1.93,4.43
2008-02-11,3.62,1.93,4.41
2008-02-12,3.66,1.94,4.46
2008-02-13,3.7,1.91,4.52
2008-02-14,3.85,1.93,4.67
2008-02-15,3.76,1.91,4.58
2008-02-18,nan,nan,nan
2008-02-19,3.89,2.06,4.66
2008-02-20,3.93,2.14,4.65
2008-02-21,3.77,1.98,4.54
2008-02-22,3.79,1.98,4.58
2008-02-25,3.91,2.13,4.67
2008-02-26,3.88,2.04,4.66
2008-02-27,3.85,2.01,4.65
2008-02-28,3.71,1.87,4.55
2008-02-29,3.53,1.65,4.41
2008-03-03,3.54,1.61,4.42
2008-03-04,3.63,1.65,4.52
2008-03-05,3.7,1.66,4.6
2008-03-06,3.62,1.53,4.57
2008-03-07,3.56,1.53,4.55
2008-03-10,3.46,1.47,4.45
2008-03-11,3.6,1.74,4.53
2008-03-12,3.49,1.63,4.4
2008-03-13,3.56,1.63,4.47
2008-03-14,3.44,1.47,4.35
2008-03-17,3.34,1.35,4.29
2008-03-18,3.48,1.58,4.35
2008-03-19,3.38,1.54,4.22
2008-03-20,3.34,1.59,4.17
2008-03-21,nan,nan,nan
2008-03-24,3.56,1.84,4.33
2008-03-25,3.51,1.79,4.3
2008-03-26,3.51,1.71,4.33
2008-03-27,3.56,1.73,4.38
2008-03-28,3.47,1.67,4.33
2008-03-31,3.45,1.62,4.3
2008-04-01,3.57,1.8,4.4
2008-04-02,3.6,1.88,4.38
2008-04-03,3.61,1.91,4.4
2008-04-04,3.5,1.83,4.32
2008-04-07,3.57,1.95,4.36
2008-04-08,3.58,1.87,4.37
2008-04-09,3.49,1.77,4.31
2008-04-10,3.55,1.84,4.34
2008-04-11,3.49,1.76,4.3
2008-04-14,3.53,1.78,4.35
2008-04-15,3.6,1.84,4.42
2008-04-16,3.72,1.98,4.54
2008-04-17,3.75,2.13,4.54
2008-04-18,3.77,2.19,4.51
2008-04-21,3.75,2.2,4.48
2008-04-22,3.74,2.24,4.46
2008-04-23,3.77,2.22,4.49
2008-04-24,3.87,2.41,4.56
2008-04-25,3.91,2.44,4.61
2008-04-28,3.86,2.36,4.57
2008-04-29,3.85,2.35,4.55
2008-04-30,3.77,2.29,4.49
2008-05-01,3.78,2.37,4.49
2008-05-02,3.89,2.47,4.57
2008-05-04,nan,nan,nan
2008-05-05,3.88,2.42,4.58
2008-05-06,3.93,2.38,4.64
2008-05-07,3.87,2.31,4.61
2008-05-08,3.79,2.25,4.5
2008-05-09,3.77,2.25,4.53
2008-05-12,3.78,2.3,4.53
2008-05-13,3.9,2.47,4.62
2008-05-14,3.92,2.53,4.63
2008-05-15,3.83,2.45,4.56
2008-05-16,3.85,2.47,4.58
2008-05-19,3.83,2.42,4.56
2008-05-20,3.78,2.34,4.53
2008-05-21,3.81,2.41,4.55
2008-05-22,3.92,2.56,4.63
2008-05-23,3.85,2.46,4.57
2008-05-26,nan,nan,nan
2008-05-27,3.93,2.55,4.65
2008-05-28,4.03,2.62,4.71
2008-05-29,4.08,2.67,4.76
2008-05-30,4.06,2.66,4.72
2008-06-02,3.98,2.51,4.68
2008-06-03,3.92,2.45,4.63
2008-06-04,3.98,2.47,4.71
2008-06-05,4.06,2.52,4.75
2008-06-06,3.94,2.4,4.65
2008-06-09,4.02,2.73,4.64
2008-06-10,4.11,2.91,4.7
2008-06-11,4.1,2.83,4.72
2008-06-12,4.23,3.03,4.77
2008-06-13,4.27,3.05,4.79
2008-06-16,4.25,3.02,4.77
2008-06-17,4.23,2.94,4.78
2008-06-18,4.16,2.89,4.72
2008-06-19,4.22,2.99,4.76
2008-06-20,4.16,2.88,4.71
2008-06-23,4.19,2.98,4.71
2008-06-24,4.1,2.87,4.65
2008-06-25,4.12,2.82,4.65
2008-06-26,4.07,2.68,4.62
2008-06-27,3.99,2.65,4.53
2008-06-30,3.99,2.63,4.53
2008-07-01,4.01,2.63,4.55
2008-07-02,3.99,2.6,4.51
2008-07-03,3.99,2.54,4.53
2008-07-04,nan,nan,nan
2008-07-07,3.95,2.47,4.51
2008-07-08,3.91,2.47,4.46
2008-07-09,3.85,2.41,4.42
2008-07-10,3.83,2.44,4.42
2008-07-11,3.96,2.59,4.52
2008-07-14,3.9,2.47,4.47
2008-07-15,3.87,2.39,4.48
2008-07-16,3.97,2.44,4.59
2008-07-17,4.07,2.58,4.65
2008-07-18,4.11,2.66,4.66
2008-07-21,4.09,2.66,4.64
2008-07-22,4.14,2.74,4.67
2008-07-23,4.16,2.81,4.69
2008-07-24,4.03,2.61,4.6
2008-07-25,4.13,2.7,4.69
2008-07-28,4.06,2.59,4.63
2008-07-29,4.09,2.65,4.64
2008-07-30,4.07,2.64,4.64
2008-07-31,3.99,2.52,4.59
2008-08-01,3.97,2.51,4.57
2008-08-04,3.98,2.53,4.58
2008-08-05,4.04,2.54,4.63
2008-08-06,4.06,2.56,4.68
2008-08-07,3.92,2.43,4.56
2008-08-08,3.94,2.51,4.55
2008-08-11,3.99,2.56,4.61
2008-08-12,3.91,2.45,4.55
2008-08-13,3.94,2.5,4.57
2008-08-14,3.89,2.45,4.52
2008-08-15,3.84,2.4,4.47
2008-08-18,3.82,2.35,4.44
2008-08-19,3.83,2.32,4.47
2008-08-20,3.79,2.25,4.43
2008-08-21,3.84,2.33,4.46
2008-08-22,3.87,2.42,4.46
2008-08-25,3.79,2.33,4.4
2008-08-26,3.79,2.35,4.4
2008-08-27,3.77,2.31,4.38
2008-08-28,3.79,2.37,4.38
2008-08-29,3.83,2.36,4.43
2008-09-01,nan,nan,nan
2008-09-02,3.74,2.26,4.36
2008-09-03,3.71,2.26,4.32
2008-09-04,3.64,2.2,4.27
2008-09-05,3.66,2.23,4.27
2008-09-08,3.66,2.3,4.26
2008-09-09,3.62,2.23,4.2
2008-09-10,3.65,2.22,4.23
2008-09-11,3.64,2.18,4.2
2008-09-12,3.74,2.23,4.32
2008-09-15,3.47,1.78,4.12
2008-09-16,3.48,1.89,4.08
2008-09-17,3.41,1.64,4.08
2008-09-18,3.54,1.78,4.14
2008-09-19,3.78,2.16,4.36
2008-09-22,3.83,2.13,4.41
2008-09-23,3.85,2.11,4.43
2008-09-24,3.8,2.03,4.4
2008-09-25,3.88,2.16,4.4
2008-09-26,3.85,2.11,4.36
2008-09-27,nan,nan,nan
2008-09-28,nan,nan,nan
2008-09-29,3.61,1.7,4.13
2008-09-30,3.85,2.0,4.31
2008-10-01,3.77,1.82,4.22
2008-10-02,3.66,1.62,4.16
2008-10-03,3.63,1.6,4.11
2008-10-06,3.48,1.43,3.99
2008-10-07,3.5,1.47,4.01
2008-10-08,3.72,1.65,4.09
2008-10-09,3.84,1.65,4.14
2008-10-10,3.89,1.62,4.15
2008-10-13,nan,nan,nan
2008-10-14,4.08,1.82,4.27
2008-10-15,4.04,1.64,4.25
2008-10-16,3.99,1.61,4.25
2008-10-17,3.98,1.64,4.32
2008-10-20,3.91,1.71,4.26
2008-10-21,3.76,1.58,4.2
2008-10-22,3.65,1.53,4.07
2008-10-23,3.63,1.54,3.99
2008-10-24,3.76,1.57,4.11
2008-10-27,3.79,1.59,4.12
2008-10-28,3.89,1.65,4.19
2008-10-29,3.93,1.58,4.26
2008-10-30,4.0,1.59,4.3
2008-10-31,4.01,1.56,4.35
2008-11-03,3.96,1.45,4.33
2008-11-04,3.81,1.39,4.2
2008-11-05,3.73,1.36,4.13
2008-11-06,3.75,1.28,4.19
2008-11-07,3.83,1.33,4.25
2008-11-10,3.82,1.27,4.21
2008-11-11,nan,nan,nan
2008-11-12,3.75,1.19,4.17
2008-11-13,3.84,1.24,4.34
2008-11-14,3.72,1.22,4.22
2008-11-17,3.68,1.22,4.2
2008-11-18,3.53,1.15,4.14
2008-11-19,3.38,1.09,3.96
2008-11-20,3.1,1.0,3.64
2008-11-21,3.2,1.09,3.7
2008-11-24,3.35,1.31,3.78
2008-11-25,3.11,1.15,3.63
2008-11-26,2.99,1.09,3.54
2008-11-27,nan,nan,nan
2008-11-28,2.93,1.0,3.45
2008-12-01,2.72,0.9,3.22
2008-12-02,2.68,0.9,3.18
2008-12-03,2.67,0.87,3.17
2008-12-04,2.55,0.82,3.06
2008-12-05,2.67,0.93,3.11
2008-12-08,2.77,0.97,3.16
2008-12-09,2.67,0.84,3.06
2008-12-10,2.69,0.86,3.09
2008-12-11,2.64,0.79,3.07
2008-12-12,2.6,0.78,3.07
2008-12-15,2.53,0.75,2.98
2008-12-16,2.37,0.65,2.86
2008-12-17,2.2,0.73,2.66
2008-12-18,2.08,0.68,2.53
2008-12-19,2.13,0.74,2.55
2008-12-22,2.16,0.87,2.6
2008-12-23,2.18,0.9,2.63
2008-12-24,2.2,0.9,2.63
2008-12-25,nan,nan,nan
2008-12-26,2.16,0.89,2.61
2008-12-29,2.13,0.78,2.63
2008-12-30,2.11,0.75,2.58
2008-12-31,2.25,0.76,2.69
2009-01-02,2.46,0.88,2.83
2009-01-04,nan,nan,nan
2009-01-05,2.49,0.78,3.0
2009-01-06,2.51,0.8,3.04
2009-01-07,2.52,0.82,3.05
2009-01-08,2.47,0.83,3.04
2009-01-09,2.43,0.75,3.04
2009-01-12,2.34,0.74,2.99
2009-01-13,2.33,0.76,3.0
2009-01-14,2.24,0.73,2.89
2009-01-15,2.23,0.73,2.86
2009-01-16,2.36,0.73,2.89
2009-01-19,nan,nan,nan
2009-01-20,2.4,0.73,2.97
2009-01-21,2.56,0.78,3.15
2009-01-22,2.62,0.75,3.25
2009-01-23,2.65,0.83,3.32
2009-01-24,nan,nan,nan
2009-01-26,2.7,0.85,3.39
2009-01-27,2.59,0.87,3.26
2009-01-28,2.71,0.89,3.44
2009-01-29,2.87,0.95,3.57
2009-01-30,2.87,0.94,3.58
2009-02-01,nan,nan,nan
2009-02-02,2.76,0.89,3.47
2009-02-03,2.89,0.96,3.64
2009-02-04,2.95,0.98,3.65
2009-02-05,2.95,0.98,3.63
2009-02-06,3.05,0.99,3.7
2009-02-09,3.07,1.05,3.69
2009-02-10,2.9,0.92,3.54
2009-02-11,2.78,0.93,3.45
2009-02-12,2.75,0.89,3.47
2009-02-13,2.89,0.97,3.68
2009-02-16,nan,nan,nan
2009-02-17,2.64,0.87,3.47
2009-02-18,2.74,0.97,3.54
2009-02-19,2.85,1.01,3.68
2009-02-20,2.78,0.96,3.56
2009-02-23,2.78,0.96,3.53
2009-02-24,2.8,1.03,3.49
2009-02-25,2.95,1.09,3.59
2009-02-26,2.98,1.08,3.66
2009-02-27,3.02,1.0,3.71
2009-03-02,2.91,0.89,3.64
2009-03-03,2.93,0.91,3.67
2009-03-04,3.01,0.97,3.69
2009-03-05,2.83,0.9,3.51
2009-03-06,2.83,0.91,3.5
2009-03-09,2.89,0.96,3.59
2009-03-10,2.99,1.01,3.7
2009-03-11,2.95,1.03,3.67
2009-03-12,2.89,1.03,3.63
2009-03-13,2.89,0.98,3.66
2009-03-16,2.97,1.0,3.76
2009-03-17,3.02,1.05,3.83
2009-03-18,2.51,0.82,3.57
2009-03-19,2.61,0.87,3.62
2009-03-20,2.65,0.89,3.65
2009-03-23,2.68,0.93,3.69
2009-03-24,2.68,0.93,3.6
2009-03-25,2.81,0.96,3.73
2009-03-26,2.76,0.9,3.66
2009-03-27,2.78,0.9,3.62
2009-03-30,2.73,0.84,3.6
2009-03-31,2.71,0.81,3.56
2009-04-01,2.68,0.83,3.51
2009-04-02,2.77,0.88,3.57
2009-04-03,2.91,0.96,3.7
2009-04-06,2.95,0.94,3.73
2009-04-07,2.93,0.91,3.72
2009-04-08,2.86,0.93,3.66
2009-04-09,2.96,0.96,3.76
2009-04-10,nan,nan,nan
2009-04-13,2.88,0.89,3.69
2009-04-14,2.8,0.86,3.64
2009-04-15,2.82,0.86,3.66
2009-04-16,2.86,0.91,3.72
2009-04-17,2.98,0.99,3.79
2009-04-20,2.88,0.93,3.69
2009-04-21,2.94,0.96,3.74
2009-04-22,2.98,1.0,3.82
2009-04-23,2.96,0.97,3.8
2009-04-24,3.03,0.99,3.89
2009-04-27,2.95,0.9,3.84
2009-04-28,3.05,0.95,3.97
2009-04-29,3.12,0.94,4.01
2009-04-30,3.16,0.91,4.05
2009-05-01,3.21,0.92,4.09
2009-05-04,3.19,0.94,4.06
2009-05-05,3.2,0.98,4.06
2009-05-06,3.18,0.96,4.09
2009-05-07,3.29,1.0,4.25
2009-05-08,3.29,1.0,4.28
2009-05-11,3.17,0.92,4.18
2009-05-12,3.17,0.9,4.16
2009-05-13,3.11,0.89,4.09
2009-05-14,3.1,0.87,4.06
2009-05-15,3.14,0.88,4.09
2009-05-18,3.22,0.93,4.18
2009-05-19,3.25,0.91,4.21
2009-05-20,3.19,0.87,4.14
2009-05-21,3.35,0.89,4.3
2009-05-22,3.45,0.92,4.38
2009-05-25,nan,nan,nan
2009-05-26,3.5,0.96,4.45
2009-05-27,3.71,0.96,4.59
2009-05-28,3.67,0.97,4.54
2009-05-29,3.47,0.92,4.34
2009-05-31,nan,nan,nan
2009-06-01,3.71,0.97,4.55
2009-06-02,3.65,0.96,4.5
2009-06-03,3.56,0.91,4.45
2009-06-04,3.72,0.96,4.58
2009-06-05,3.84,1.32,4.63
2009-06-08,3.91,1.42,4.65
2009-06-09,3.86,1.33,4.64
2009-06-10,3.98,1.38,4.76
2009-06-11,3.88,1.35,4.69
2009-06-12,3.81,1.3,4.65
2009-06-15,3.76,1.26,4.61
2009-06-16,3.67,1.23,4.48
2009-06-17,3.68,1.19,4.5
2009-06-18,3.86,1.28,4.63
2009-06-19,3.79,1.25,4.52
2009-06-22,3.72,1.17,4.45
2009-06-23,3.65,1.14,4.37
2009-06-24,3.72,1.19,4.44
2009-06-25,3.55,1.12,4.33
2009-06-26,3.52,1.1,4.3
2009-06-29,3.51,1.11,4.31
2009-06-30,3.53,1.11,4.32
2009-07-01,3.55,1.05,4.34
2009-07-02,3.51,0.98,4.32
2009-07-03,nan,nan,nan
2009-07-06,3.52,0.96,4.35
2009-07-07,3.47,0.98,4.31
2009-07-08,3.33,0.91,4.17
2009-07-09,3.44,0.94,4.31
2009-07-10,3.32,0.91,4.2
2009-07-13,3.38,0.92,4.25
2009-07-14,3.5,0.97,4.38
2009-07-15,3.63,1.03,4.48
2009-07-16,3.59,1.0,4.45
2009-07-17,3.67,1.02,4.53
2009-07-20,3.61,0.99,4.47
2009-07-21,3.5,0.96,4.38
2009-07-22,3.58,0.98,4.45
2009-07-23,3.72,1.08,4.58
2009-07-24,3.7,1.05,4.55
2009-07-27,3.75,1.08,4.62
2009-07-28,3.72,1.12,4.56
2009-07-29,3.69,1.17,4.5
2009-07-30,3.67,1.19,4.44
2009-07-31,3.52,1.13,4.31
2009-08-03,3.66,1.18,4.42
2009-08-04,3.7,1.2,4.45
2009-08-05,3.8,1.23,4.57
2009-08-06,3.79,1.22,4.53
2009-08-07,3.89,1.32,4.61
2009-08-10,3.8,1.24,4.52
2009-08-11,3.71,1.21,4.44
2009-08-12,3.72,1.18,4.53
2009-08-13,3.59,1.12,4.44
2009-08-14,3.55,1.07,4.41
2009-08-17,3.48,1.04,4.33
2009-08-18,3.51,1.06,4.35
2009-08-19,3.45,1.01,4.28
2009-08-20,3.42,1.03,4.24
2009-08-21,3.56,1.13,4.36
2009-08-24,3.48,1.05,4.27
2009-08-25,3.45,1.05,4.22
2009-08-26,3.44,1.06,4.2
2009-08-27,3.47,1.04,4.23
2009-08-28,3.46,1.01,4.21
2009-08-31,3.4,0.97,4.18
2009-09-01,3.38,0.92,4.19
2009-09-02,3.29,0.89,4.09
2009-09-03,3.33,0.91,4.15
2009-09-04,3.45,0.94,4.27
2009-09-07,nan,nan,nan
2009-09-08,3.47,0.93,4.31
2009-09-09,3.48,0.93,4.33
2009-09-10,3.36,0.9,4.19
2009-09-11,3.34,0.9,4.18
2009-09-14,3.42,0.94,4.22
2009-09-15,3.47,0.96,4.27
2009-09-16,3.48,1.01,4.26
2009-09-17,3.42,0.98,4.19
2009-09-18,3.49,1.03,4.24
2009-09-21,3.49,1.02,4.23
2009-09-22,3.46,1.02,4.2
2009-09-23,3.44,0.96,4.21
2009-09-24,3.4,0.93,4.17
2009-09-25,3.34,0.98,4.1
2009-09-27,nan,nan,nan
2009-09-28,3.31,0.98,4.04
2009-09-29,3.31,1.0,4.03
2009-09-30,3.31,0.95,4.03
2009-10-01,3.21,0.87,3.97
2009-10-02,3.24,0.88,4.01
2009-10-05,3.24,0.88,4.01
2009-10-06,3.27,0.91,4.07
2009-10-07,3.21,0.87,3.99
2009-10-08,3.27,0.9,4.09
2009-10-09,3.4,0.98,4.22
2009-10-10,nan,nan,nan
2009-10-12,nan,nan,nan
2009-10-13,3.34,0.91,4.16
2009-10-14,3.45,0.96,4.28
2009-10-15,3.49,0.97,4.31
2009-10-16,3.43,0.97,4.24
2009-10-19,3.41,0.99,4.21
2009-10-20,3.35,0.95,4.16
2009-10-21,3.42,1.0,4.22
2009-10-22,3.44,0.97,4.24
2009-10-23,3.51,1.04,4.29
2009-10-26,3.59,1.06,4.37
2009-10-27,3.49,0.99,4.29
2009-10-28,3.44,0.95,4.25
2009-10-29,3.53,0.98,4.35
2009-10-30,3.41,0.9,4.23
2009-11-02,3.45,0.92,4.26
2009-11-03,3.5,0.92,4.34
2009-11-04,3.57,0.91,4.41
2009-11-05,3.57,0.9,4.41
2009-11-06,3.54,0.86,4.4
2009-11-09,3.52,0.87,4.4
2009-11-10,3.5,0.85,4.41
2009-11-11,nan,nan,nan
2009-11-12,3.45,0.82,4.41
2009-11-13,3.43,0.82,4.36
2009-11-16,3.33,0.78,4.26
2009-11-17,3.33,0.78,4.26
2009-11-18,3.36,0.77,4.29
2009-11-19,3.35,0.73,4.29
2009-11-20,3.36,0.75,4.3
2009-11-23,3.37,0.77,4.29
2009-11-24,3.32,0.73,4.25
2009-11-25,3.28,0.73,4.23
2009-11-26,nan,nan,nan
2009-11-27,3.21,0.68,4.21
2009-11-30,3.21,0.67,4.2
2009-12-01,3.28,0.67,4.26
2009-12-02,3.32,0.72,4.26
2009-12-03,3.39,0.74,4.33
2009-12-04,3.48,0.84,4.4
2009-12-07,3.44,0.78,4.4
2009-12-08,3.4,0.73,4.39
2009-12-09,3.45,0.76,4.41
2009-12-10,3.49,0.78,4.5
2009-12-11,3.55,0.83,4.49
2009-12-14,3.56,0.87,4.49
2009-12-15,3.6,0.88,4.52
2009-12-16,3.61,0.85,4.52
2009-12-17,3.5,0.77,4.42
2009-12-18,3.55,0.82,4.46
2009-12-21,3.69,0.89,4.56
2009-12-22,3.76,0.95,4.6
2009-12-23,3.77,0.96,4.61
2009-12-24,3.82,1.0,4.68
2009-12-25,nan,nan,nan
2009-12-28,3.85,1.09,4.69
2009-12-29,3.82,1.09,4.64
2009-12-30,3.8,1.08,4.61
2009-12-31,3.85,1.14,4.63
2010-01-04,3.85,1.09,4.65
2010-01-05,3.77,1.01,4.59
2010-01-06,3.85,1.01,4.7
2010-01-07,3.85,1.03,4.69
2010-01-08,3.83,0.96,4.7
2010-01-11,3.85,0.95,4.74
2010-01-12,3.74,0.92,4.62
2010-01-13,3.8,0.97,4.71
2010-01-14,3.76,0.94,4.63
2010-01-15,3.7,0.89,4.58
2010-01-18,nan,nan,nan
2010-01-19,3.73,0.93,4.6
2010-01-20,3.68,0.92,4.54
2010-01-21,3.62,0.87,4.5
2010-01-22,3.62,0.84,4.5
2010-01-25,3.66,0.86,4.55
2010-01-26,3.65,0.87,4.56
2010-01-27,3.66,0.9,4.55
2010-01-28,3.68,0.87,4.57
2010-01-29,3.63,0.82,4.51
2010-02-01,3.68,0.86,4.56
2010-02-02,3.67,0.86,4.55
2010-02-03,3.73,0.88,4.62
2010-02-04,3.62,0.8,4.53
2010-02-05,3.59,0.77,4.51
2010-02-08,3.62,0.79,4.52
2010-02-09,3.67,0.84,4.58
2010-02-10,3.72,0.91,4.65
2010-02-11,3.73,0.91,4.69
2010-02-12,3.69,0.84,4.66
2010-02-16,3.66,0.82,4.63
2010-02-17,3.74,0.87,4.7
2010-02-18,3.79,0.9,4.74
2010-02-19,3.78,0.95,4.71
2010-02-20,nan,nan,nan
2010-02-21,nan,nan,nan
2010-02-22,3.8,0.91,4.73
2010-02-23,3.69,0.87,4.63
2010-02-24,3.7,0.87,4.63
2010-02-25,3.64,0.82,4.58
2010-02-26,3.61,0.81,4.55
2010-03-01,3.61,0.8,4.56
2010-03-02,3.62,0.8,4.57
2010-03-03,3.63,0.82,4.58
2010-03-04,3.61,0.86,4.56
2010-03-05,3.69,0.91,4.64
2010-03-08,3.72,0.9,4.68
2010-03-09,3.71,0.89,4.68
2010-03-10,3.73,0.92,4.69
2010-03-11,3.73,0.97,4.66
2010-03-12,3.71,0.97,4.62
2010-03-15,3.71,0.96,4.63
2010-03-16,3.66,0.93,4.59
2010-03-17,3.65,0.95,4.56
2010-03-18,3.68,0.98,4.59
2010-03-19,3.7,1.02,4.58
2010-03-22,3.67,1.01,4.57
2010-03-23,3.69,1.02,4.6
2010-03-24,3.84,1.08,4.72
2010-03-25,3.91,1.1,4.77
2010-03-26,3.86,1.04,4.75
2010-03-29,3.88,1.04,4.76
2010-03-30,3.88,1.06,4.75
2010-03-31,3.84,1.02,4.72
2010-04-01,3.89,1.05,4.74
2010-04-02,3.96,1.11,4.81
2010-04-05,4.01,1.18,4.85
2010-04-06,3.98,1.14,4.84
2010-04-07,3.89,1.06,4.74
2010-04-08,3.91,1.09,4.75
2010-04-09,3.9,1.08,4.74
2010-04-12,3.87,1.07,4.7
2010-04-13,3.84,1.07,4.68
2010-04-14,3.88,1.07,4.72
2010-04-15,3.86,1.04,4.72
2010-04-16,3.79,0.98,4.67
2010-04-19,3.83,1.01,4.7
2010-04-20,3.82,1.05,4.67
2010-04-21,3.77,1.03,4.61
2010-04-22,3.8,1.07,4.65
2010-04-23,3.84,1.1,4.67
2010-04-26,3.83,1.09,4.67
2010-04-27,3.71,1.03,4.56
2010-04-28,3.8,1.03,4.63
2010-04-29,3.76,1.01,4.6
2010-04-30,3.69,0.97,4.53
2010-05-03,3.72,1.0,4.53
2010-05-04,3.63,0.96,4.43
2010-05-05,3.58,0.88,4.39
2010-05-06,3.41,0.75,4.19
2010-05-07,3.45,0.83,4.28
2010-05-10,3.57,0.87,4.41
2010-05-11,3.56,0.85,4.42
2010-05-12,3.56,0.89,4.47
2010-05-13,3.55,0.87,4.47
2010-05-14,3.44,0.79,4.32
2010-05-17,3.47,0.81,4.35
2010-05-18,3.38,0.76,4.26
2010-05-19,3.36,0.8,4.24
2010-05-20,3.25,0.76,4.13
2010-05-21,3.2,0.76,4.07
2010-05-24,3.23,0.77,4.12
2010-05-25,3.18,0.81,4.07
2010-05-26,3.21,0.82,4.11
2010-05-27,3.34,0.87,4.24
2010-05-28,3.31,0.76,4.22
2010-05-31,nan,nan,nan
2010-06-01,3.29,0.78,4.19
2010-06-02,3.35,0.82,4.24
2010-06-03,3.39,0.82,4.29
2010-06-04,3.2,0.72,4.13
2010-06-07,3.17,0.74,4.11
2010-06-08,3.18,0.74,4.1
2010-06-09,3.2,0.74,4.12
2010-06-10,3.33,0.79,4.25
2010-06-11,3.24,0.75,4.15
2010-06-12,nan,nan,nan
2010-06-13,nan,nan,nan
2010-06-14,3.28,0.77,4.2
2010-06-15,3.32,0.79,4.23
2010-06-16,3.27,0.75,4.18
2010-06-17,3.21,0.72,4.13
2010-06-18,3.24,0.74,4.15
2010-06-21,3.26,0.74,4.17
2010-06-22,3.18,0.71,4.1
2010-06-23,3.13,0.66,4.05
2010-06-24,3.14,0.67,4.09
2010-06-25,3.12,0.65,4.07
2010-06-28,3.05,0.62,4.01
2010-06-29,2.97,0.61,3.94
2010-06-30,2.97,0.61,3.91
2010-07-01,2.96,0.63,3.88
2010-07-02,3.0,0.63,3.94
2010-07-05,nan,nan,nan
2010-07-06,2.95,0.62,3.89
2010-07-07,3.0,0.63,3.96
2010-07-08,3.04,0.63,4.0
2010-07-09,3.07,0.63,4.04
2010-07-12,3.08,0.65,4.05
2010-07-13,3.15,0.67,4.1
2010-07-14,3.07,0.62,4.03
2010-07-15,3.0,0.61,3.97
2010-07-16,2.96,0.61,3.95
2010-07-19,2.99,0.61,3.99
2010-07-20,2.98,0.61,3.99
2010-07-21,2.9,0.58,3.89
2010-07-22,2.96,0.6,3.95
2010-07-23,3.02,0.6,4.01
2010-07-26,3.03,0.62,4.03
2010-07-27,3.08,0.65,4.08
2010-07-28,3.03,0.61,4.07
2010-07-29,3.03,0.59,4.08
2010-07-30,2.94,0.55,3.98
2010-08-02,2.99,0.56,4.06
2010-08-03,2.94,0.53,4.04
2010-08-04,2.98,0.56,4.07
2010-08-05,2.94,0.53,4.05
2010-08-06,2.86,0.5,4.0
2010-08-09,2.86,0.54,4.01
2010-08-10,2.79,0.52,4.0
2010-08-11,2.72,0.54,3.93
2010-08-12,2.74,0.55,3.94
2010-08-13,2.68,0.54,3.87
2010-08-16,2.58,0.51,3.72
2010-08-17,2.64,0.52,3.77
2010-08-18,2.64,0.51,3.73
2010-08-19,2.58,0.49,3.66
2010-08-20,2.62,0.49,3.67
2010-08-23,2.6,0.49,3.65
2010-08-24,2.5,0.5,3.57
2010-08-25,2.54,0.53,3.59
2010-08-26,2.5,0.51,3.53
2010-08-27,2.66,0.56,3.69
2010-08-30,2.54,0.5,3.6
2010-08-31,2.47,0.47,3.52
2010-09-01,2.58,0.5,3.65
2010-09-02,2.63,0.5,3.72
2010-09-03,2.72,0.52,3.79
2010-09-06,nan,nan,nan
2010-09-07,2.61,0.49,3.67
2010-09-08,2.66,0.52,3.72
2010-09-09,2.77,0.57,3.84
2010-09-10,2.81,0.58,3.88
2010-09-13,2.74,0.53,3.83
2010-09-14,2.68,0.5,3.79
2010-09-15,2.74,0.5,3.87
2010-09-16,2.77,0.48,3.92
2010-09-17,2.75,0.48,3.9
2010-09-19,nan,nan,nan
2010-09-20,2.72,0.47,3.87
2010-09-21,2.61,0.43,3.79
2010-09-22,2.56,0.44,3.74
2010-09-23,2.56,0.45,3.73
2010-09-24,2.62,0.45,3.79
2010-09-25,nan,nan,nan
2010-09-26,nan,nan,nan
2010-09-27,2.54,0.44,3.7
2010-09-28,2.48,0.37,3.66
2010-09-29,2.52,0.44,3.69
2010-09-30,2.53,0.42,3.69
2010-10-01,2.54,0.42,3.71
2010-10-04,2.5,0.41,3.71
2010-10-05,2.5,0.41,3.74
2010-10-06,2.41,0.38,3.67
2010-10-07,2.41,0.36,3.72
2010-10-08,2.41,0.35,3.75
2010-10-09,nan,nan,nan
2010-10-11,nan,nan,nan
2010-10-12,2.44,0.37,3.8
2010-10-13,2.46,0.37,3.84
2010-10-14,2.52,0.38,3.91
2010-10-15,2.59,0.37,3.98
2010-10-18,2.52,0.38,3.93
2010-10-19,2.5,0.37,3.9
2010-10-20,2.51,0.35,3.89
2010-10-21,2.57,0.37,3.95
2010-10-22,2.59,0.35,3.94
2010-10-25,2.59,0.37,3.91
2010-10-26,2.67,0.4,4.0
2010-10-27,2.75,0.4,4.06
2010-10-28,2.69,0.37,4.05
2010-10-29,2.63,0.34,3.99
2010-11-01,2.66,0.34,4.01
2010-11-02,2.63,0.34,3.93
2010-11-03,2.67,0.34,4.09
2010-11-04,2.53,0.33,4.04
2010-11-05,2.58,0.38,4.12
2010-11-08,2.6,0.41,4.12
2010-11-09,2.72,0.46,4.25
2010-11-10,2.65,0.44,4.25
2010-11-11,nan,nan,nan
2010-11-12,2.76,0.51,4.26
2010-11-15,2.92,0.53,4.38
2010-11-16,2.85,0.51,4.26
2010-11-17,2.89,0.5,4.31
2010-11-18,2.9,0.52,4.29
2010-11-19,2.88,0.52,4.25
2010-11-22,2.8,0.49,4.2
2010-11-23,2.77,0.45,4.18
2010-11-24,2.93,0.53,4.29
2010-11-25,nan,nan,nan
2010-11-26,2.87,0.51,4.21
2010-11-29,2.84,0.52,4.16
2010-11-30,2.81,0.45,4.12
2010-12-01,2.97,0.53,4.24
2010-12-02,3.01,0.55,4.27
2010-12-03,3.03,0.49,4.32
2010-12-06,2.95,0.42,4.25
2010-12-07,3.15,0.54,4.39
2010-12-08,3.26,0.63,4.45
2010-12-09,3.23,0.64,4.41
2010-12-10,3.32,0.64,4.43
2010-12-13,3.29,0.61,4.39
2010-12-14,3.49,0.66,4.54
2010-12-15,3.53,0.68,4.59
2010-12-16,3.47,0.66,4.57
2010-12-17,3.33,0.61,4.41
2010-12-20,3.36,0.62,4.44
2010-12-21,3.35,0.63,4.44
2010-12-22,3.36,0.65,4.45
2010-12-23,3.41,0.67,4.47
2010-12-24,nan,nan,nan
2010-12-27,3.36,0.71,4.42
2010-12-28,3.5,0.75,4.53
2010-12-29,3.35,0.64,4.41
2010-12-30,3.38,0.66,4.43
2010-12-31,3.3,0.61,4.34
2011-01-03,3.36,0.61,4.39
2011-01-04,3.36,0.63,4.44
2011-01-05,3.5,0.71,4.55
2011-01-06,3.44,0.68,4.53
2011-01-07,3.34,0.6,4.48
2011-01-10,3.32,0.59,4.47
2011-01-11,3.37,0.6,4.49
2011-01-12,3.4,0.61,4.52
2011-01-13,3.34,0.59,4.5
2011-01-14,3.35,0.59,4.53
2011-01-17,nan,nan,nan
2011-01-18,3.39,0.6,4.56
2011-01-19,3.37,0.6,4.53
2011-01-20,3.47,0.65,4.6
2011-01-21,3.44,0.63,4.57
2011-01-24,3.43,0.65,4.55
2011-01-25,3.35,0.62,4.48
2011-01-26,3.45,0.62,4.59
2011-01-27,3.42,0.59,4.57
2011-01-28,3.36,0.54,4.53
2011-01-30,nan,nan,nan
2011-01-31,3.42,0.58,4.58
2011-02-01,3.48,0.61,4.62
2011-02-02,3.52,0.67,4.64
2011-02-03,3.58,0.71,4.67
2011-02-04,3.68,0.77,4.73
2011-02-07,3.68,0.78,4.71
2011-02-08,3.75,0.86,4.76
2011-02-09,3.65,0.81,4.71
2011-02-10,3.7,0.85,4.75
2011-02-11,3.64,0.85,4.71
2011-02-12,nan,nan,nan
2011-02-14,3.62,0.87,4.67
2011-02-15,3.61,0.84,4.66
2011-02-16,3.62,0.86,4.67
2011-02-17,3.58,0.8,4.66
2011-02-18,3.59,0.78,4.7
2011-02-21,nan,nan,nan
2011-02-22,3.46,0.74,4.6
2011-02-23,3.49,0.74,4.59
2011-02-24,3.46,0.73,4.54
2011-02-25,3.42,0.72,4.51
2011-02-28,3.42,0.69,4.49
2011-03-01,3.41,0.66,4.48
2011-03-02,3.46,0.69,4.54
2011-03-03,3.58,0.79,4.64
2011-03-04,3.49,0.68,4.6
2011-03-07,3.51,0.7,4.61
2011-03-08,3.56,0.73,4.66
2011-03-09,3.48,0.7,4.6
2011-03-10,3.37,0.65,4.53
2011-03-11,3.4,0.64,4.54
2011-03-14,3.36,0.61,4.52
2011-03-15,3.33,0.63,4.47
2011-03-16,3.22,0.58,4.38
2011-03-17,3.25,0.6,4.42
2011-03-18,3.28,0.61,4.43
2011-03-21,3.34,0.67,4.45
2011-03-22,3.34,0.68,4.44
2011-03-23,3.36,0.69,4.44
2011-03-24,3.42,0.72,4.48
2011-03-25,3.46,0.79,4.51
2011-03-28,3.47,0.81,4.51
2011-03-29,3.5,0.81,4.54
2011-03-30,3.47,0.8,4.52
2011-03-31,3.47,0.8,4.51
2011-04-01,3.46,0.8,4.48
2011-04-02,nan,nan,nan
2011-04-04,3.45,0.77,4.49
2011-04-05,3.5,0.84,4.51
2011-04-06,3.56,0.85,4.58
2011-04-07,3.58,0.81,4.63
2011-04-08,3.59,0.83,4.63
2011-04-11,3.59,0.85,4.64
2011-04-12,3.52,0.77,4.58
2011-04-13,3.49,0.75,4.55
2011-04-14,3.51,0.77,4.53
2011-04-15,3.43,0.71,4.47
2011-04-18,3.4,0.69,4.45
2011-04-19,3.39,0.68,4.43
2011-04-20,3.43,0.69,4.47
2011-04-21,3.42,0.68,4.47
2011-04-22,nan,nan,nan
2011-04-25,3.39,0.67,4.46
2011-04-26,3.34,0.65,4.39
2011-04-27,3.39,0.65,4.45
2011-04-28,3.34,0.62,4.42
2011-04-29,3.32,0.61,4.4
2011-05-02,3.31,0.61,4.38
2011-05-03,3.28,0.61,4.36
2011-05-04,3.25,0.6,4.33
2011-05-05,3.18,0.58,4.26
2011-05-06,3.19,0.57,4.29
2011-05-09,3.17,0.57,4.3
2011-05-10,3.23,0.59,4.34
2011-05-11,3.19,0.56,4.31
2011-05-12,3.22,0.57,4.37
2011-05-13,3.18,0.57,4.32
2011-05-16,3.15,0.54,4.28
2011-05-17,3.12,0.55,4.23
2011-05-18,3.18,0.58,4.29
2011-05-19,3.17,0.55,4.3
2011-05-20,3.15,0.55,4.3
2011-05-23,3.13,0.55,4.27
2011-05-24,3.12,0.56,4.26
2011-05-25,3.13,0.54,4.28
2011-05-26,3.07,0.48,4.23
2011-05-27,3.07,0.48,4.24
2011-05-30,nan,nan,nan
2011-05-31,3.05,0.45,4.22
2011-06-01,2.96,0.44,4.15
2011-06-02,3.04,0.45,4.25
2011-06-03,2.99,0.42,4.22
2011-06-06,3.01,0.43,4.25
2011-06-07,3.01,0.39,4.27
2011-06-08,2.98,0.39,4.2
2011-06-09,3.01,0.43,4.22
2011-06-10,2.99,0.41,4.18
2011-06-13,3.0,0.4,4.2
2011-06-14,3.11,0.45,4.3
2011-06-15,2.98,0.38,4.19
2011-06-16,2.93,0.38,4.16
2011-06-17,2.94,0.38,4.19
2011-06-20,2.97,0.38,4.19
2011-06-21,2.99,0.4,4.21
2011-06-22,3.01,0.39,4.22
2011-06-23,2.93,0.35,4.17
2011-06-24,2.88,0.35,4.17
2011-06-27,2.95,0.41,4.28
2011-06-28,3.05,0.48,4.33
2011-06-29,3.14,0.47,4.39
2011-06-30,3.18,0.45,4.38
2011-07-01,3.22,0.5,4.4
2011-07-04,nan,nan,nan
2011-07-05,3.16,0.44,4.39
2011-07-06,3.12,0.43,4.35
2011-07-07,3.17,0.49,4.37
2011-07-08,3.03,0.4,4.27
2011-07-11,2.94,0.37,4.2
2011-07-12,2.92,0.37,4.19
2011-07-13,2.92,0.37,4.17
2011-07-14,2.98,0.38,4.25
2011-07-15,2.94,0.37,4.26
2011-07-18,2.94,0.37,4.29
2011-07-19,2.91,0.39,4.19
2011-07-20,2.96,0.4,4.25
2011-07-21,3.03,0.4,4.31
2011-07-22,2.99,0.4,4.26
2011-07-25,3.03,0.42,4.31
2011-07-26,2.99,0.41,4.28
2011-07-27,3.01,0.44,4.29
2011-07-28,2.98,0.42,4.26
2011-07-29,2.82,0.36,4.12
2011-08-01,2.77,0.38,4.07
2011-08-02,2.66,0.33,3.93
2011-08-03,2.64,0.33,3.89
2011-08-04,2.47,0.27,3.7
2011-08-05,2.58,0.28,3.82
2011-08-08,2.4,0.27,3.68
2011-08-09,2.2,0.19,3.56
2011-08-10,2.17,0.19,3.54
2011-08-11,2.34,0.19,3.82
2011-08-12,2.24,0.2,3.72
2011-08-15,2.29,0.19,3.75
2011-08-16,2.23,0.2,3.67
2011-08-17,2.17,0.19,3.57
2011-08-18,2.08,0.2,3.45
2011-08-19,2.07,0.2,3.39
2011-08-22,2.1,0.22,3.42
2011-08-23,2.15,0.22,3.47
2011-08-24,2.29,0.23,3.63
2011-08-25,2.23,0.22,3.6
2011-08-26,2.19,0.2,3.54
2011-08-29,2.28,0.2,3.63
2011-08-30,2.19,0.2,3.53
2011-08-31,2.23,0.2,3.6
2011-09-01,2.15,0.19,3.51
2011-09-02,2.02,0.2,3.32
2011-09-05,nan,nan,nan
2011-09-06,1.98,0.21,3.26
2011-09-07,2.05,0.21,3.36
2011-09-08,2.0,0.19,3.32
2011-09-09,1.93,0.17,3.26
2011-09-12,1.94,0.21,3.24
2011-09-13,2.0,0.21,3.32
2011-09-14,2.03,0.19,3.32
2011-09-15,2.09,0.21,3.36
2011-09-16,2.08,0.18,3.34
2011-09-19,1.97,0.16,3.22
2011-09-20,1.95,0.18,3.2
2011-09-21,1.88,0.21,3.03
2011-09-22,1.72,0.2,2.78
2011-09-23,1.84,0.23,2.89
2011-09-26,1.91,0.25,2.99
2011-09-27,2.0,0.25,3.08
2011-09-28,2.03,0.27,3.1
2011-09-29,1.99,0.27,3.03
2011-09-30,1.92,0.25,2.9
2011-10-03,1.8,0.24,2.76
2011-10-04,1.81,0.25,2.77
2011-10-05,1.92,0.25,2.87
2011-10-06,2.01,0.29,2.96
2011-10-07,2.1,0.3,3.02
2011-10-08,nan,nan,nan
2011-10-09,nan,nan,nan
2011-10-10,nan,nan,nan
2011-10-11,2.18,0.32,3.11
2011-10-12,2.24,0.29,3.19
2011-10-13,2.19,0.29,3.15
2011-10-14,2.26,0.28,3.22
2011-10-17,2.18,0.28,3.13
2011-10-18,2.19,0.28,3.17
2011-10-19,2.18,0.28,3.17
2011-10-20,2.2,0.28,3.19
2011-10-21,2.23,0.3,3.26
2011-10-24,2.25,0.3,3.27
2011-10-25,2.14,0.26,3.13
2011-10-26,2.23,0.28,3.22
2011-10-27,2.42,0.31,3.45
2011-10-28,2.34,0.28,3.36
2011-10-31,2.17,0.25,3.16
2011-11-01,2.01,0.23,2.99
2011-11-02,2.03,0.23,3.03
2011-11-03,2.09,0.24,3.1
2011-11-04,2.06,0.22,3.09
2011-11-07,2.04,0.25,3.05
2011-11-08,2.1,0.25,3.13
2011-11-09,2.0,0.24,3.03
2011-11-10,2.04,0.24,3.12
2011-11-11,nan,nan,nan
2011-11-14,2.04,0.24,3.09
2011-11-15,2.06,0.26,3.1
2011-11-16,2.01,0.26,3.05
2011-11-17,1.96,0.27,2.98
2011-11-18,2.01,0.29,2.99
2011-11-21,1.97,0.27,2.96
2011-11-22,1.94,0.26,2.91
2011-11-23,1.89,0.26,2.82
2011-11-24,nan,nan,nan
2011-11-25,1.97,0.28,2.92
2011-11-28,1.97,0.26,2.93
2011-11-29,2.0,0.27,2.96
2011-11-30,2.08,0.25,3.06
2011-12-01,2.11,0.27,3.12
2011-12-02,2.05,0.25,3.03
2011-12-05,2.04,0.27,3.02
2011-12-06,2.08,0.25,3.09
2011-12-07,2.02,0.24,3.04
2011-12-08,1.99,0.22,3.0
2011-12-09,2.07,0.22,3.1
2011-12-12,2.03,0.24,3.06
2011-12-13,1.96,0.24,2.98
2011-12-14,1.92,0.25,2.91
2011-12-15,1.92,0.26,2.92
2011-12-16,1.86,0.24,2.86
2011-12-19,1.82,0.24,2.79
2011-12-20,1.94,0.26,2.93
2011-12-21,1.98,0.28,3.0
2011-12-22,1.97,0.28,2.99
2011-12-23,2.03,0.28,3.05
2011-12-26,nan,nan,nan
2011-12-27,2.02,0.3,3.04
2011-12-28,1.93,0.28,2.91
2011-12-29,1.91,0.28,2.9
2011-12-30,1.89,0.25,2.89
2011-12-31,nan,nan,nan
2012-01-03,1.97,0.27,2.98
2012-01-04,2.0,0.25,3.03
2012-01-05,2.02,0.27,3.06
2012-01-06,1.98,0.25,3.02
2012-01-09,1.98,0.26,3.02
2012-01-10,2.0,0.24,3.04
2012-01-11,1.93,0.24,2.96
2012-01-12,1.94,0.22,2.97
2012-01-13,1.89,0.24,2.91
2012-01-16,nan,nan,nan
2012-01-17,1.87,0.21,2.89
2012-01-18,1.92,0.24,2.96
2012-01-19,2.01,0.26,3.05
2012-01-20,2.05,0.26,3.1
2012-01-21,nan,nan,nan
2012-01-23,2.09,0.26,3.15
2012-01-24,2.08,0.24,3.15
2012-01-25,2.01,0.22,3.13
2012-01-26,1.96,0.22,3.1
2012-01-27,1.93,0.22,3.07
2012-01-29,nan,nan,nan
2012-01-30,1.87,0.22,2.99
2012-01-31,1.83,0.22,2.94
2012-02-01,1.87,0.23,3.01
2012-02-02,1.86,0.23,3.01
2012-02-03,1.97,0.23,3.13
2012-02-06,1.93,0.24,3.08
2012-02-07,2.0,0.25,3.14
2012-02-08,2.01,0.27,3.14
2012-02-09,2.04,0.27,3.2
2012-02-10,1.96,0.27,3.11
2012-02-13,1.99,0.29,3.14
2012-02-14,1.92,0.29,3.06
2012-02-15,1.93,0.29,3.09
2012-02-16,1.99,0.29,3.14
2012-02-17,2.01,0.29,3.16
2012-02-20,nan,nan,nan
2012-02-21,2.05,0.31,3.2
2012-02-22,2.01,0.29,3.15
2012-02-23,1.99,0.31,3.13
2012-02-24,1.98,0.31,3.1
2012-02-27,1.92,0.3,3.04
2012-02-28,1.94,0.3,3.07
2012-02-29,1.98,0.3,3.08
2012-03-01,2.03,0.3,3.15
2012-03-02,1.99,0.28,3.11
2012-03-05,2.0,0.31,3.13
2012-03-06,1.96,0.3,3.08
2012-03-07,1.98,0.3,3.12
2012-03-08,2.03,0.32,3.18
2012-03-09,2.04,0.33,3.19
2012-03-12,2.04,0.33,3.17
2012-03-13,2.14,0.35,3.26
2012-03-14,2.29,0.4,3.43
2012-03-15,2.29,0.37,3.41
2012-03-16,2.31,0.37,3.41
2012-03-19,2.39,0.39,3.48
2012-03-20,2.38,0.41,3.46
2012-03-21,2.31,0.39,3.38
2012-03-22,2.29,0.37,3.37
2012-03-23,2.25,0.37,3.31
2012-03-26,2.26,0.36,3.33
2012-03-27,2.2,0.33,3.29
2012-03-28,2.21,0.34,3.31
2012-03-29,2.18,0.33,3.27
2012-03-30,2.23,0.33,3.35
2012-03-31,nan,nan,nan
2012-04-01,nan,nan,nan
2012-04-02,2.22,0.33,3.35
2012-04-03,2.3,0.36,3.41
2012-04-04,2.25,0.35,3.37
2012-04-05,2.19,0.35,3.32
2012-04-06,2.07,0.32,3.21
2012-04-09,2.06,0.32,3.18
2012-04-10,2.01,0.28,3.13
2012-04-11,2.05,0.3,3.18
2012-04-12,2.08,0.29,3.22
2012-04-13,2.02,0.27,3.14
2012-04-16,2.0,0.27,3.12
2012-04-17,2.03,0.27,3.15
2012-04-18,2.0,0.27,3.13
2012-04-19,1.98,0.27,3.12
2012-04-20,1.99,0.29,3.12
2012-04-23,1.96,0.27,3.08
2012-04-24,2.0,0.27,3.12
2012-04-25,2.01,0.26,3.15
2012-04-26,1.98,0.26,3.13
2012-04-27,1.96,0.26,3.12
2012-04-28,nan,nan,nan
2012-04-30,1.95,0.27,3.12
2012-05-01,1.98,0.27,3.16
2012-05-02,1.96,0.27,3.11
2012-05-03,1.96,0.28,3.12
2012-05-04,1.91,0.27,3.07
2012-05-07,1.92,0.27,3.07
2012-05-08,1.88,0.27,3.03
2012-05-09,1.87,0.27,3.03
2012-05-10,1.89,0.27,3.07
2012-05-11,1.84,0.27,3.02
2012-05-14,1.78,0.29,2.95
2012-05-15,1.76,0.29,2.91
2012-05-16,1.76,0.3,2.9
2012-05-17,1.7,0.32,2.8
2012-05-18,1.71,0.32,2.8
2012-05-21,1.75,0.3,2.8
2012-05-22,1.79,0.3,2.88
2012-05-23,1.73,0.28,2.81
2012-05-24,1.77,0.29,2.86
2012-05-25,1.75,0.3,2.85
2012-05-28,nan,nan,nan
2012-05-29,1.74,0.3,2.85
2012-05-30,1.63,0.27,2.72
2012-05-31,1.59,0.27,2.67
2012-06-01,1.47,0.25,2.53
2012-06-04,1.53,0.25,2.56
2012-06-05,1.57,0.25,2.63
2012-06-06,1.66,0.26,2.73
2012-06-07,1.66,0.27,2.75
2012-06-08,1.65,0.28,2.77
2012-06-11,1.6,0.27,2.71
2012-06-12,1.67,0.3,2.77
2012-06-13,1.61,0.3,2.7
2012-06-14,1.64,0.3,2.73
2012-06-15,1.6,0.29,2.7
2012-06-18,1.59,0.29,2.67
2012-06-19,1.64,0.3,2.73
2012-06-20,1.65,0.32,2.72
2012-06-21,1.63,0.32,2.68
2012-06-22,1.69,0.31,2.75
2012-06-25,1.63,0.31,2.69
2012-06-26,1.66,0.31,2.71
2012-06-27,1.65,0.31,2.7
2012-06-28,1.6,0.31,2.67
2012-06-29,1.67,0.33,2.76
2012-07-02,1.61,0.3,2.69
2012-07-03,1.65,0.3,2.74
2012-07-04,nan,nan,nan
2012-07-05,1.62,0.28,2.72
2012-07-06,1.57,0.27,2.66
2012-07-09,1.53,0.27,2.62
2012-07-10,1.53,0.27,2.6
2012-07-11,1.54,0.27,2.6
2012-07-12,1.5,0.25,2.57
2012-07-13,1.52,0.25,2.58
2012-07-16,1.5,0.24,2.56
2012-07-17,1.53,0.25,2.59
2012-07-18,1.52,0.22,2.59
2012-07-19,1.54,0.22,2.61
2012-07-20,1.49,0.22,2.55
2012-07-23,1.47,0.22,2.52
2012-07-24,1.44,0.22,2.47
2012-07-25,1.43,0.22,2.46
2012-07-26,1.45,0.23,2.49
2012-07-27,1.58,0.25,2.63
2012-07-30,1.53,0.23,2.58
2012-07-31,1.51,0.23,2.56
2012-08-01,1.56,0.24,2.6
2012-08-02,1.51,0.24,2.55
2012-08-03,1.6,0.24,2.65
2012-08-06,1.59,0.24,2.65
2012-08-07,1.66,0.27,2.72
2012-08-08,1.68,0.29,2.75
2012-08-09,1.69,0.29,2.78
2012-08-10,1.65,0.27,2.74
2012-08-13,1.65,0.27,2.74
2012-08-14,1.73,0.27,2.82
2012-08-15,1.8,0.27,2.9
2012-08-16,1.83,0.29,2.96
2012-08-17,1.81,0.29,2.93
2012-08-20,1.82,0.29,2.93
2012-08-21,1.8,0.31,2.9
2012-08-22,1.71,0.26,2.82
2012-08-23,1.68,0.26,2.79
2012-08-24,1.68,0.28,2.79
2012-08-27,1.65,0.28,2.76
2012-08-28,1.64,0.27,2.75
2012-08-29,1.66,0.27,2.77
2012-08-30,1.63,0.27,2.75
2012-08-31,1.57,0.22,2.68
2012-09-03,nan,nan,nan
2012-09-04,1.59,0.23,2.69
2012-09-05,1.6,0.25,2.7
2012-09-06,1.68,0.27,2.8
2012-09-07,1.67,0.25,2.81
2012-09-10,1.68,0.25,2.83
2012-09-11,1.7,0.25,2.84
2012-09-12,1.77,0.25,2.92
2012-09-13,1.75,0.24,2.95
2012-09-14,1.88,0.27,3.09
2012-09-17,1.85,0.25,3.03
2012-09-18,1.82,0.25,3.0
2012-09-19,1.79,0.27,2.97
2012-09-20,1.8,0.27,2.96
2012-09-21,1.77,0.27,2.95
2012-09-24,1.74,0.27,2.91
2012-09-25,1.7,0.27,2.86
2012-09-26,1.64,0.26,2.79
2012-09-27,1.66,0.25,2.83
2012-09-28,1.65,0.23,2.82
2012-09-29,nan,nan,nan
2012-10-01,1.64,0.25,2.81
2012-10-02,1.64,0.23,2.81
2012-10-03,1.64,0.23,2.82
2012-10-04,1.7,0.23,2.89
2012-10-05,1.75,0.27,2.96
2012-10-08,nan,nan,nan
2012-10-09,1.74,0.25,2.93
2012-10-10,1.72,0.27,2.89
2012-10-11,1.7,0.28,2.86
2012-10-12,1.69,0.27,2.83
2012-10-15,1.7,0.27,2.85
2012-10-16,1.75,0.27,2.91
2012-10-17,1.83,0.3,2.98
2012-10-18,1.86,0.29,3.02
2012-10-19,1.79,0.3,2.94
2012-10-22,1.83,0.32,2.95
2012-10-23,1.79,0.29,2.91
2012-10-24,1.8,0.29,2.93
2012-10-25,1.86,0.31,2.98
2012-10-26,1.78,0.3,2.92
2012-10-29,1.74,0.3,2.87
2012-10-30,nan,nan,nan
2012-10-31,1.72,0.3,2.85
2012-11-01,1.75,0.3,2.89
2012-11-02,1.75,0.28,2.91
2012-11-05,1.72,0.28,2.88
2012-11-06,1.78,0.3,2.92
2012-11-07,1.68,0.27,2.83
2012-11-08,1.62,0.27,2.77
2012-11-09,1.61,0.27,2.75
2012-11-12,nan,nan,nan
2012-11-13,1.59,0.27,2.72
2012-11-14,1.59,0.25,2.73
2012-11-15,1.58,0.24,2.72
2012-11-16,1.58,0.24,2.73
2012-11-19,1.61,0.25,2.76
2012-11-20,1.66,0.27,2.82
2012-11-21,1.69,0.27,2.83
2012-11-22,nan,nan,nan
2012-11-23,1.7,0.29,2.83
2012-11-26,1.66,0.27,2.8
2012-11-27,1.64,0.27,2.8
2012-11-28,1.63,0.27,2.79
2012-11-29,1.62,0.25,2.79
2012-11-30,1.62,0.25,2.81
2012-12-03,1.63,0.25,2.8
2012-12-04,1.62,0.25,2.78
2012-12-05,1.6,0.25,2.78
2012-12-06,1.59,0.25,2.76
2012-12-07,1.64,0.25,2.81
2012-12-10,1.63,0.24,2.81
2012-12-11,1.66,0.24,2.8
2012-12-12,1.72,0.25,2.9
2012-12-13,1.74,0.27,2.9
2012-12-14,1.72,0.24,2.87
2012-12-17,1.78,0.25,2.94
2012-12-18,1.84,0.28,2.99
2012-12-19,1.82,0.28,3.0
2012-12-20,1.81,0.28,2.98
2012-12-21,1.77,0.26,2.93
2012-12-24,1.79,0.26,2.94
2012-12-25,nan,nan,nan
2012-12-26,1.77,0.26,nan
2012-12-27,1.74,0.26,2.89
2012-12-28,1.73,0.27,2.88
2012-12-31,1.78,0.25,2.95
2013-01-02,1.86,0.27,3.04
2013-01-03,1.92,0.27,3.12
2013-01-04,1.93,0.27,3.1
2013-01-05,nan,nan,nan
2013-01-06,nan,nan,nan
2013-01-07,1.92,0.27,3.1
2013-01-08,1.89,0.25,3.06
2013-01-09,1.88,0.24,3.06
2013-01-10,1.91,0.26,3.08
2013-01-11,1.89,0.26,3.05
2013-01-14,1.89,0.26,3.05
2013-01-15,1.86,0.26,3.02
2013-01-16,1.84,0.26,3.01
2013-01-17,1.89,0.28,3.06
2013-01-18,1.87,0.26,3.03
2013-01-21,nan,nan,nan
2013-01-22,1.86,0.26,3.02
2013-01-23,1.86,0.26,3.02
2013-01-24,1.88,0.23,3.04
2013-01-25,1.98,0.28,3.14
2013-01-28,2.0,0.29,3.15
2013-01-29,2.03,0.3,3.18
2013-01-30,2.03,0.27,3.19
2013-01-31,2.02,0.27,3.17
2013-02-01,2.04,0.27,3.21
2013-02-04,2.0,0.25,3.17
2013-02-05,2.04,0.27,3.21
2013-02-06,2.0,0.27,3.18
2013-02-07,1.99,0.25,3.17
2013-02-08,1.99,0.25,3.17
2013-02-11,1.99,0.27,3.16
2013-02-12,2.02,0.29,3.19
2013-02-13,2.05,0.29,3.23
2013-02-14,2.0,0.27,3.17
2013-02-15,nan,0.29,nan
2013-02-16,nan,nan,nan
2013-02-17,nan,nan,nan
2013-02-18,nan,nan,nan
2013-02-19,2.03,0.29,3.21
2013-02-20,2.02,0.27,3.2
2013-02-21,1.99,0.26,3.17
2013-02-22,1.97,0.27,nan
2013-02-25,1.88,0.25,3.08
2013-02-26,1.88,0.25,3.08
2013-02-27,1.91,0.27,3.11
2013-02-28,1.89,0.25,3.1
2013-03-01,1.86,0.25,3.06
2013-03-04,1.88,0.24,3.08
2013-03-05,1.9,0.25,3.1
2013-03-06,1.95,0.25,3.15
2013-03-07,2.0,0.25,3.2
2013-03-08,2.06,0.27,3.25
2013-03-11,2.07,0.27,3.26
2013-03-12,2.03,0.27,3.22
2013-03-13,2.04,0.27,3.22
2013-03-14,2.04,0.27,3.25
2013-03-15,2.01,0.25,3.22
2013-03-18,1.96,0.26,3.18
2013-03-19,1.92,0.24,3.13
2013-03-20,1.96,0.26,3.19
2013-03-21,1.95,0.27,3.15
2013-03-22,1.93,0.26,3.13
2013-03-25,1.93,0.24,3.14
2013-03-26,1.92,0.25,3.13
2013-03-27,1.87,0.25,3.09
2013-03-28,1.87,0.25,3.1
2013-03-29,nan,nan,nan
2013-04-01,1.86,0.23,3.08
2013-04-02,1.88,0.25,3.1
2013-04-03,1.83,0.24,3.05
2013-04-04,1.78,0.22,2.99
2013-04-05,1.72,0.24,2.87
2013-04-07,nan,nan,nan
2013-04-08,1.76,0.24,2.91
2013-04-09,1.78,0.24,2.94
2013-04-10,1.84,0.24,3.01
2013-04-11,1.82,0.24,3.01
2013-04-12,1.75,0.22,2.92
2013-04-15,1.72,0.22,2.88
2013-04-16,1.75,0.24,2.91
2013-04-17,1.73,0.24,2.89
2013-04-18,1.72,0.24,2.87
2013-04-19,1.73,0.24,2.88
2013-04-22,1.72,0.24,2.88
2013-04-23,1.74,0.23,2.9
2013-04-24,1.73,0.23,2.89
2013-04-25,1.74,0.23,2.91
2013-04-26,1.7,0.22,2.87
2013-04-27,nan,nan,nan
2013-04-28,nan,nan,nan
2013-04-29,1.7,0.2,2.88
2013-04-30,1.7,0.22,2.88
2013-05-01,1.66,0.2,2.83
2013-05-02,1.66,0.2,2.82
2013-05-03,1.78,0.22,2.96
2013-05-06,1.8,0.22,2.98
2013-05-07,1.82,0.22,3.0
2013-05-08,1.81,0.22,2.99
2013-05-09,1.81,0.22,3.01
2013-05-10,1.9,0.26,3.1
2013-05-13,1.92,0.24,3.13
2013-05-14,1.96,0.26,3.17
2013-05-15,1.94,0.26,3.16
2013-05-16,1.87,0.23,3.09
2013-05-17,1.95,0.26,3.17
2013-05-20,1.97,0.26,3.18
2013-05-21,1.94,0.26,3.14
2013-05-22,2.03,0.26,3.21
2013-05-23,2.02,0.26,3.2
2013-05-24,2.01,0.26,3.18
2013-05-27,nan,nan,nan
2013-05-28,2.15,0.29,3.31
2013-05-29,2.13,0.3,3.27
2013-05-30,2.13,0.31,3.28
2013-05-31,2.16,0.3,3.3
2013-06-03,2.13,0.3,3.27
2013-06-04,2.14,0.32,3.3
2013-06-05,2.1,0.3,3.25
2013-06-06,2.08,0.3,3.23
2013-06-07,2.17,0.32,3.33
2013-06-08,nan,nan,nan
2013-06-09,nan,nan,nan
2013-06-10,2.22,0.32,3.36
2013-06-11,2.2,0.34,3.33
2013-06-12,2.25,0.34,3.37
2013-06-13,2.19,0.32,3.33
2013-06-14,2.14,0.29,3.28
2013-06-17,2.19,0.27,3.35
2013-06-18,2.2,0.27,3.34
2013-06-19,2.33,0.31,3.41
2013-06-20,2.41,0.33,3.49
2013-06-21,2.52,0.38,3.56
2013-06-24,2.57,0.42,3.56
2013-06-25,2.6,0.43,3.6
2013-06-26,2.55,0.39,3.58
2013-06-27,2.49,0.36,3.54
2013-06-28,2.52,0.36,3.52
2013-07-01,2.5,0.34,3.48
2013-07-02,2.48,0.34,3.47
2013-07-03,2.52,0.36,3.49
2013-07-04,nan,nan,nan
2013-07-05,2.73,0.4,3.68
2013-07-08,2.65,0.37,3.63
2013-07-09,2.65,0.37,3.64
2013-07-10,2.7,0.38,3.68
2013-07-11,2.6,0.34,3.64
2013-07-12,2.61,0.37,3.64
2013-07-15,2.57,0.34,3.61
2013-07-16,2.55,0.34,3.58
2013-07-17,2.52,0.32,3.57
2013-07-18,2.56,0.32,3.63
2013-07-19,2.5,0.32,3.56
2013-07-22,2.5,0.32,3.55
2013-07-23,2.53,0.33,3.58
2013-07-24,2.61,0.34,3.65
2013-07-25,2.61,0.32,3.65
2013-07-26,2.58,0.31,3.61
2013-07-29,2.61,0.33,3.66
2013-07-30,2.63,0.33,3.67
2013-07-31,2.6,0.31,3.64
2013-08-01,2.74,0.35,3.77
2013-08-02,2.63,0.3,3.69
2013-08-05,2.67,0.32,3.73
2013-08-06,2.67,0.32,3.73
2013-08-07,2.61,0.32,3.68
2013-08-08,2.58,0.3,3.65
2013-08-09,2.57,0.32,3.63
2013-08-12,2.61,0.32,3.67
2013-08-13,2.71,0.34,3.75
2013-08-14,2.71,0.34,3.75
2013-08-15,2.77,0.36,3.81
2013-08-16,2.84,0.36,3.86
2013-08-19,2.88,0.36,3.89
2013-08-20,2.82,0.36,3.86
2013-08-21,2.87,0.38,3.9
2013-08-22,2.9,0.42,3.88
2013-08-23,2.82,0.4,3.8
2013-08-26,2.79,0.41,3.77
2013-08-27,2.72,0.38,3.7
2013-08-28,2.78,0.4,3.75
2013-08-29,2.75,0.39,3.7
2013-08-30,2.78,0.39,3.7
2013-09-02,nan,nan,nan
2013-09-03,2.86,0.43,3.79
2013-09-04,2.9,0.46,3.8
2013-09-05,2.98,0.52,3.88
2013-09-06,2.94,0.46,3.87
2013-09-09,2.9,0.45,3.84
2013-09-10,2.96,0.5,3.88
2013-09-11,2.93,0.47,3.85
2013-09-12,2.92,0.45,3.85
2013-09-13,2.9,0.45,3.84
2013-09-16,2.88,0.41,3.87
2013-09-17,2.86,0.39,3.84
2013-09-18,2.69,0.34,3.75
2013-09-19,2.76,0.34,3.8
2013-09-20,2.75,0.34,3.77
2013-09-22,nan,nan,nan
2013-09-23,2.72,0.35,3.73
2013-09-24,2.67,0.35,3.67
2013-09-25,2.63,0.36,3.65
2013-09-26,2.66,0.34,3.69
2013-09-27,2.64,0.34,3.68
2013-09-29,nan,nan,nan
2013-09-30,2.64,0.33,3.69
2013-10-01,2.66,0.33,3.72
2013-10-02,2.63,0.31,3.7
2013-10-03,2.62,0.33,3.71
2013-10-04,2.66,0.33,3.73
2013-10-07,2.65,0.37,3.7
2013-10-08,2.66,0.4,3.7
2013-10-09,2.68,0.37,3.73
2013-10-10,2.71,0.35,3.75
2013-10-11,2.7,0.35,3.74
2013-10-12,nan,nan,nan
2013-10-14,nan,nan,nan
2013-10-15,2.75,0.37,3.78
2013-10-16,2.69,0.34,3.72
2013-10-17,2.61,0.33,3.66
2013-10-18,2.6,0.33,3.65
2013-10-21,2.63,0.33,3.68
2013-10-22,2.54,0.31,3.61
2013-10-23,2.51,0.31,3.59
2013-10-24,2.53,0.33,3.61
2013-10-25,2.53,0.32,3.6
2013-10-28,2.54,0.32,3.61
2013-10-29,2.53,0.31,3.62
2013-10-30,2.55,0.33,3.63
2013-10-31,2.57,0.31,3.63
2013-11-01,2.65,0.33,3.69
2013-11-04,2.63,0.32,3.7
2013-11-05,2.69,0.32,3.76
2013-11-06,2.67,0.3,3.77
2013-11-07,2.63,0.29,3.71
2013-11-08,2.77,0.32,3.84
2013-11-11,nan,nan,nan
2013-11-12,2.8,0.34,3.86
2013-11-13,2.75,0.32,3.83
2013-11-14,2.69,0.29,3.79
2013-11-15,2.71,0.31,3.8
2013-11-18,2.67,0.31,3.76
2013-11-19,2.71,0.29,3.8
2013-11-20,2.8,0.28,3.9
2013-11-21,2.79,0.29,3.89
2013-11-22,2.75,0.31,3.84
2013-11-25,2.74,0.3,3.83
2013-11-26,2.71,0.29,3.8
2013-11-27,2.74,0.28,3.81
2013-11-28,nan,nan,nan
2013-11-29,2.75,0.28,3.82
2013-12-02,2.81,0.3,3.86
2013-12-03,2.79,0.28,3.84
2013-12-04,2.84,0.3,3.9
2013-12-05,2.88,0.3,3.92
2013-12-06,2.88,0.3,3.9
2013-12-09,2.86,0.3,3.88
2013-12-10,2.81,0.3,3.83
2013-12-11,2.86,0.31,3.87
2013-12-12,2.89,0.34,3.91
2013-12-13,2.88,0.34,3.88
2013-12-16,2.89,0.34,3.9
2013-12-17,2.85,0.34,3.88
2013-12-18,2.89,0.32,3.9
2013-12-19,2.94,0.35,3.91
2013-12-20,2.89,0.37,3.82
2013-12-23,2.94,0.38,3.85
2013-12-24,2.99,0.38,3.9
2013-12-25,nan,nan,nan
2013-12-26,3.0,0.42,3.92
2013-12-27,3.02,0.4,3.94
2013-12-30,2.99,0.39,3.9
2013-12-31,3.04,0.38,3.96
2014-01-02,3.0,0.39,3.92
2014-01-03,3.01,0.41,3.93
2014-01-06,2.98,0.4,3.9
2014-01-07,2.96,0.4,3.88
2014-01-08,3.01,0.43,3.9
2014-01-09,2.97,0.44,3.88
2014-01-10,2.88,0.39,3.8
2014-01-13,2.84,0.39,3.77
2014-01-14,2.88,0.39,3.8
2014-01-15,2.9,0.41,3.81
2014-01-16,2.86,0.41,3.77
2014-01-17,2.84,0.4,3.75
2014-01-20,nan,nan,nan
2014-01-21,2.85,0.4,3.74
2014-01-22,2.87,0.44,3.75
2014-01-23,2.79,0.39,3.68
2014-01-24,2.75,0.37,3.64
2014-01-26,nan,nan,nan
2014-01-27,2.78,0.37,3.67
2014-01-28,2.77,0.38,3.68
2014-01-29,2.69,0.36,3.62
2014-01-30,2.72,0.36,3.65
2014-01-31,2.67,0.34,3.61
2014-02-03,2.61,0.3,3.55
2014-02-04,2.64,0.31,3.59
2014-02-05,2.7,0.32,3.66
2014-02-06,2.73,0.33,3.67
2014-02-07,2.71,0.3,3.67
2014-02-08,nan,nan,nan
2014-02-10,2.7,0.32,3.66
2014-02-11,2.75,0.35,3.69
2014-02-12,2.8,0.35,3.72
2014-02-13,2.73,0.32,3.7
2014-02-14,2.75,0.32,3.69
2014-02-17,nan,nan,nan
2014-02-18,2.71,0.31,3.68
2014-02-19,2.73,0.33,3.71
2014-02-20,2.76,0.34,3.73
2014-02-21,2.73,0.33,3.69
2014-02-24,2.75,0.35,3.7
2014-02-25,2.7,0.34,3.66
2014-02-26,2.67,0.33,3.63
2014-02-27,2.65,0.33,3.6
2014-02-28,2.66,0.33,3.59
2014-03-03,2.6,0.32,3.55
2014-03-04,2.7,0.33,3.64
2014-03-05,2.7,0.33,3.64
2014-03-06,2.74,0.37,3.68
2014-03-07,2.8,0.38,3.72
2014-03-10,2.79,0.37,3.73
2014-03-11,2.77,0.37,3.7
2014-03-12,2.73,0.37,3.66
2014-03-13,2.66,0.34,3.6
2014-03-14,2.65,0.36,3.59
2014-03-17,2.7,0.38,3.63
2014-03-18,2.68,0.36,3.62
2014-03-19,2.78,0.47,3.66
2014-03-20,2.79,0.45,3.67
2014-03-21,2.75,0.45,3.61
2014-03-24,2.74,0.47,3.57
2014-03-25,2.75,0.47,3.59
2014-03-26,2.71,0.45,3.55
2014-03-27,2.69,0.45,3.52
2014-03-28,2.73,0.45,3.55
2014-03-31,2.73,0.44,3.56
2014-04-01,2.77,0.44,3.6
2014-04-02,2.82,0.47,3.65
2014-04-03,2.8,0.46,3.62
2014-04-04,2.74,0.43,3.59
2014-04-07,2.71,0.41,3.56
2014-04-08,2.69,0.4,3.54
2014-04-09,2.71,0.37,3.57
2014-04-10,2.65,0.37,3.52
2014-04-11,2.63,0.37,3.48
2014-04-14,2.65,0.37,3.48
2014-04-15,2.64,0.39,3.46
2014-04-16,2.65,0.39,3.45
2014-04-17,2.73,0.43,3.52
2014-04-18,nan,nan,nan
2014-04-21,2.73,0.42,3.52
2014-04-22,2.73,0.45,3.5
2014-04-23,2.7,0.43,3.47
2014-04-24,2.7,0.43,3.46
2014-04-25,2.68,0.43,3.45
2014-04-28,2.7,0.44,3.47
2014-04-29,2.71,0.44,3.49
2014-04-30,2.67,0.42,3.47
2014-05-01,2.63,0.41,3.41
2014-05-02,2.6,0.42,3.37
2014-05-04,nan,nan,nan
2014-05-05,2.63,0.43,3.41
2014-05-06,2.61,0.43,3.38
2014-05-07,2.62,0.41,3.4
2014-05-08,2.61,0.4,3.45
2014-05-09,2.62,0.4,3.47
2014-05-12,2.66,0.41,3.49
2014-05-13,2.61,0.39,3.45
2014-05-14,2.54,0.39,3.37
2014-05-15,2.5,0.38,3.33
2014-05-16,2.52,0.38,3.34
2014-05-19,2.54,0.36,3.39
2014-05-20,2.52,0.35,3.38
2014-05-21,2.54,0.37,3.42
2014-05-22,2.56,0.37,3.43
2014-05-23,2.54,0.37,3.4
2014-05-26,nan,nan,nan
2014-05-27,2.52,0.39,3.37
2014-05-28,2.44,0.37,3.29
2014-05-29,2.45,0.37,3.31
2014-05-30,2.48,0.37,3.33
2014-06-02,2.54,0.39,3.38
2014-06-03,2.6,0.41,3.43
2014-06-04,2.61,0.41,3.45
2014-06-05,2.59,0.4,3.44
2014-06-06,2.6,0.41,3.44
2014-06-09,2.62,0.43,3.45
2014-06-10,2.64,0.45,3.47
2014-06-11,2.65,0.44,3.47
2014-06-12,2.58,0.42,3.41
2014-06-13,2.6,0.45,nan
2014-06-16,2.61,0.49,3.4
2014-06-17,2.66,0.51,3.44
2014-06-18,2.61,0.48,3.43
2014-06-19,2.64,0.48,3.47
2014-06-20,2.63,0.5,nan
2014-06-23,2.63,0.48,3.45
2014-06-24,2.59,0.49,3.41
2014-06-25,2.57,0.48,3.38
2014-06-26,2.53,0.46,3.35
2014-06-27,2.54,0.45,nan
2014-06-30,2.53,0.47,3.34
2014-07-01,2.58,0.47,3.4
2014-07-02,2.64,0.49,3.46
2014-07-03,2.65,0.52,nan
2014-07-04,nan,nan,nan
2014-07-07,2.63,0.52,3.44
2014-07-08,2.58,0.51,3.38
2014-07-09,2.57,0.51,3.37
2014-07-10,2.55,0.46,3.38
2014-07-11,2.53,0.48,nan
2014-07-14,2.55,0.48,3.36
2014-07-15,2.56,0.49,3.37
2014-07-16,2.55,0.5,3.35
2014-07-17,2.47,0.47,3.27
2014-07-18,2.5,0.51,nan
2014-07-21,2.49,0.51,3.26
2014-07-22,2.48,0.49,3.25
2014-07-23,2.48,0.5,3.26
2014-07-24,2.52,0.53,3.3
2014-07-25,2.48,0.53,nan
2014-07-28,2.5,0.54,3.26
2014-07-29,2.47,0.54,3.22
2014-07-30,2.57,0.56,3.31
2014-07-31,2.58,0.53,3.32
2014-08-01,2.52,0.47,nan
2014-08-04,2.51,0.47,3.3
2014-08-05,2.49,0.47,3.28
2014-08-06,2.49,0.48,3.27
2014-08-07,2.43,0.44,3.23
2014-08-08,2.44,0.45,nan
2014-08-11,2.44,0.47,3.24
2014-08-12,2.46,0.45,3.27
2014-08-13,2.43,0.43,3.24
2014-08-14,2.4,0.42,3.2
2014-08-15,2.34,0.42,nan
2014-08-18,2.39,0.44,3.2
2014-08-19,2.4,0.46,3.21
2014-08-20,2.43,0.49,3.22
2014-08-21,2.41,0.49,3.19
2014-08-22,2.4,0.53,nan
2014-08-25,2.39,0.53,3.13
2014-08-26,2.39,0.52,3.15
2014-08-27,2.37,0.51,3.11
2014-08-28,2.34,0.5,3.08
2014-08-29,2.35,0.48,nan
2014-09-01,nan,nan,nan
2014-09-02,2.42,0.53,3.17
2014-09-03,2.41,0.52,3.15
2014-09-04,2.45,0.54,3.21
2014-09-05,2.46,0.52,nan
2014-09-08,2.48,0.54,3.23
2014-09-09,2.5,0.56,3.23
2014-09-10,2.54,0.58,3.26
2014-09-11,2.54,0.58,3.27
2014-09-12,2.62,0.58,nan
2014-09-15,2.6,0.58,3.34
2014-09-16,2.6,0.55,3.36
2014-09-17,2.62,0.59,3.37
2014-09-18,2.63,0.59,3.36
2014-09-19,2.59,0.59,nan
2014-09-22,2.57,0.58,3.28
2014-09-23,2.54,0.57,3.25
2014-09-24,2.57,0.59,3.28
2014-09-25,2.52,0.56,3.22
2014-09-26,2.54,0.59,nan
2014-09-28,nan,nan,nan
2014-09-29,2.5,0.58,3.18
2014-09-30,2.52,0.58,3.21
2014-10-01,2.42,0.53,3.12
2014-10-02,2.44,0.53,3.15
2014-10-03,nan,0.57,nan
2014-10-06,2.43,0.54,3.12
2014-10-07,2.36,0.52,3.06
2014-10-08,2.35,0.46,3.07
2014-10-09,2.34,0.46,3.07
2014-10-10,2.31,0.45,nan
2014-10-11,nan,nan,nan
2014-10-13,nan,nan,nan
2014-10-14,2.21,0.39,2.95
2014-10-15,2.15,0.34,2.92
2014-10-16,2.17,0.35,2.94
2014-10-17,2.22,0.39,nan
2014-10-20,2.2,0.37,2.96
2014-10-21,2.23,0.38,3.0
2014-10-22,2.25,0.41,3.01
2014-10-23,2.29,0.41,3.05
2014-10-24,2.29,0.41,nan
2014-10-27,2.27,0.41,3.04
2014-10-28,2.3,0.42,3.06
2014-10-29,2.34,0.48,3.06
2014-10-30,2.32,0.48,3.04
2014-10-31,2.35,0.5,nan
2014-11-03,2.36,0.52,3.07
2014-11-04,2.35,0.52,3.05
2014-11-05,2.36,0.52,3.06
2014-11-06,2.39,0.54,3.09
2014-11-07,2.32,0.51,nan
2014-11-10,2.38,0.55,3.09
2014-11-11,nan,nan,nan
2014-11-12,2.37,0.55,3.09
2014-11-13,2.35,0.53,3.08
2014-11-14,2.32,0.54,nan
2014-11-17,2.34,0.54,3.06
2014-11-18,2.32,0.53,3.05
2014-11-19,2.36,0.54,3.08
2014-11-20,2.34,0.53,3.05
2014-11-21,2.31,0.53,nan
2014-11-24,2.3,0.53,3.01
2014-11-25,2.27,0.51,2.97
2014-11-26,2.24,0.53,2.95
2014-11-27,nan,nan,nan
2014-11-28,2.18,0.47,nan
2014-12-01,2.22,0.49,2.95
2014-12-02,2.28,0.55,3.0
2014-12-03,2.29,0.57,2.99
2014-12-04,2.25,0.55,2.94
2014-12-05,2.31,0.65,nan
2014-12-08,2.26,0.64,2.9
2014-12-09,2.22,0.64,2.87
2014-12-10,2.18,0.59,2.83
2014-12-11,2.19,0.62,2.84
2014-12-12,2.1,0.56,nan
2014-12-15,2.12,0.6,2.74
2014-12-16,2.07,0.58,2.69
2014-12-17,2.14,0.62,2.74
2014-12-18,2.22,0.67,2.82
2014-12-19,2.17,0.67,nan
2014-12-22,2.17,0.71,2.75
2014-12-23,2.26,0.73,2.85
2014-12-24,2.27,0.73,2.83
2014-12-25,nan,nan,nan
2014-12-26,2.25,0.73,2.81
2014-12-29,2.22,0.72,2.78
2014-12-30,2.2,0.69,2.76
2014-12-31,2.17,0.67,2.75
2015-01-02,nan,0.66,nan
2015-01-04,nan,nan,nan
2015-01-05,2.04,0.68,2.6
2015-01-06,1.97,0.65,2.52
2015-01-07,1.96,0.62,2.52
2015-01-08,2.03,0.62,2.59
2015-01-09,1.98,0.59,nan
2015-01-12,1.92,0.56,2.49
2015-01-13,1.91,0.54,2.49
2015-01-14,1.86,0.51,2.47
2015-01-15,1.77,0.44,2.4
2015-01-16,1.83,0.49,nan
2015-01-19,nan,nan,nan
2015-01-20,1.82,0.53,2.39
2015-01-21,1.87,0.53,2.44
2015-01-22,1.9,0.53,2.46
2015-01-23,1.81,0.52,2.38
2015-01-26,1.83,0.54,2.4
2015-01-27,1.83,0.54,2.4
2015-01-28,1.73,0.5,2.29
2015-01-29,1.77,0.51,2.33
2015-01-30,1.68,0.47,2.25
2015-02-02,1.68,0.49,2.25
2015-02-03,1.79,0.52,2.37
2015-02-04,1.81,0.52,2.39
2015-02-05,1.83,0.52,2.42
2015-02-06,1.95,0.65,2.51
2015-02-09,1.96,0.65,2.52
2015-02-10,2.01,0.67,2.58
2015-02-11,2.0,0.67,2.57
2015-02-12,1.99,0.61,2.58
2015-02-13,2.02,0.66,nan
2015-02-15,nan,nan,nan
2015-02-16,nan,nan,nan
2015-02-17,2.14,0.7,2.73
2015-02-18,2.07,0.62,2.7
2015-02-19,2.11,0.67,2.73
2015-02-20,2.13,0.67,2.73
2015-02-23,2.06,0.64,2.66
2015-02-24,1.99,0.6,2.6
2015-02-25,1.96,0.61,2.56
2015-02-26,2.03,0.66,2.63
2015-02-27,2.0,0.63,2.6
2015-02-28,nan,nan,nan
2015-03-02,2.08,0.66,2.68
2015-03-03,2.12,0.68,2.71
2015-03-04,2.12,0.66,2.72
2015-03-05,2.11,0.65,2.71
2015-03-06,2.24,0.73,2.83
2015-03-09,2.2,0.7,2.8
2015-03-10,2.14,0.7,2.73
2015-03-11,2.11,0.7,2.69
2015-03-12,2.1,0.67,2.69
2015-03-13,2.13,0.68,2.7
2015-03-16,2.1,0.66,2.67
2015-03-17,2.06,0.7,2.61
2015-03-18,1.93,0.57,2.51
2015-03-19,1.98,0.63,2.54
2015-03-20,1.93,0.6,2.5
2015-03-23,1.92,0.6,2.51
2015-03-24,1.88,0.58,2.46
2015-03-25,1.93,0.59,2.5
2015-03-26,2.01,0.61,2.6
2015-03-27,1.95,0.58,2.53
2015-03-30,1.96,0.58,2.55
2015-03-31,1.94,0.56,2.54
2015-04-01,1.87,0.55,2.47
2015-04-02,1.92,0.55,2.53
2015-04-03,1.85,0.49,2.49
2015-04-06,1.92,0.51,2.57
2015-04-07,1.89,0.52,2.52
2015-04-08,1.92,0.54,2.53
2015-04-09,1.97,0.56,2.61
2015-04-10,1.96,0.57,2.58
2015-04-13,1.94,0.54,2.58
2015-04-14,1.9,0.53,2.54
2015-04-15,1.91,0.51,2.55
2015-04-16,1.9,0.5,2.56
2015-04-17,1.87,0.51,2.51
2015-04-20,1.9,0.55,2.56
2015-04-21,1.92,0.55,2.58
2015-04-22,1.99,0.57,2.66
2015-04-23,1.96,0.55,2.63
2015-04-24,1.93,0.54,2.62
2015-04-27,1.94,0.54,2.61
2015-04-28,2.0,0.56,2.68
2015-04-29,2.06,0.56,2.76
2015-04-30,2.05,0.58,2.75
2015-05-01,2.12,0.6,2.82
2015-05-04,2.16,0.6,2.88
2015-05-05,2.19,0.62,2.9
2015-05-06,2.25,0.65,2.98
2015-05-07,2.18,0.63,2.9
2015-05-08,2.16,0.59,2.9
2015-05-11,2.28,0.62,3.03
2015-05-12,2.28,0.61,3.02
2015-05-13,2.27,0.59,3.07
2015-05-14,2.23,0.56,3.03
2015-05-15,2.14,0.55,2.93
2015-05-18,2.23,0.58,3.02
2015-05-19,2.27,0.63,3.05
2015-05-20,2.26,0.6,3.06
2015-05-21,2.19,0.6,2.98
2015-05-22,2.21,0.64,2.99
2015-05-25,nan,nan,nan
2015-05-26,2.14,0.64,2.89
2015-05-27,2.14,0.64,2.88
2015-05-28,2.13,0.62,2.89
2015-05-29,2.12,0.61,2.88
2015-06-01,2.19,0.64,2.94
2015-06-02,2.27,0.64,3.02
2015-06-03,2.38,0.69,3.11
2015-06-04,2.31,0.66,3.03
2015-06-05,2.41,0.73,3.11
2015-06-08,2.39,0.7,3.11
2015-06-09,2.42,0.72,3.15
2015-06-10,2.5,0.75,3.22
2015-06-11,2.39,0.73,3.11
2015-06-12,2.39,0.74,3.1
2015-06-15,2.36,0.72,3.09
2015-06-16,2.32,0.71,3.06
2015-06-17,2.32,0.67,3.09
2015-06-18,2.35,0.66,3.14
2015-06-19,2.26,0.65,3.05
2015-06-22,2.37,0.68,3.16
2015-06-23,2.42,0.7,3.2
2015-06-24,2.38,0.68,3.16
2015-06-25,2.4,0.68,3.16
2015-06-26,2.49,0.72,3.25
2015-06-29,2.33,0.64,3.09
2015-06-30,2.35,0.64,3.11
2015-07-01,2.43,0.69,3.2
2015-07-02,2.4,0.64,3.19
2015-07-03,nan,nan,nan
2015-07-06,2.3,0.6,3.08
2015-07-07,2.27,0.58,3.04
2015-07-08,2.22,0.55,2.99
2015-07-09,2.32,0.6,3.11
2015-07-10,2.42,0.65,3.2
2015-07-13,2.44,0.69,3.21
2015-07-14,2.41,0.66,3.2
2015-07-15,2.36,0.64,3.13
2015-07-16,2.36,0.67,3.11
2015-07-17,2.34,0.68,3.08
2015-07-20,2.38,0.71,3.1
2015-07-21,2.35,0.71,3.08
2015-07-22,2.33,0.75,3.04
2015-07-23,2.28,0.71,2.98
2015-07-24,2.27,0.7,2.96
2015-07-27,2.23,0.68,2.93
2015-07-28,2.26,0.69,2.96
2015-07-29,2.29,0.7,2.99
2015-07-30,2.28,0.72,2.96
2015-07-31,2.2,0.67,2.92
2015-08-03,2.16,0.68,2.86
2015-08-04,2.23,0.74,2.9
2015-08-05,2.28,0.73,2.94
2015-08-06,2.23,0.71,2.9
2015-08-07,2.18,0.73,2.83
2015-08-10,2.24,0.73,2.89
2015-08-11,2.15,0.68,2.81
2015-08-12,2.14,0.67,2.84
2015-08-13,2.19,0.72,2.86
2015-08-14,2.2,0.73,2.84
2015-08-17,2.16,0.72,2.81
2015-08-18,2.2,0.74,2.87
2015-08-19,2.12,0.67,2.81
2015-08-20,2.09,0.69,2.76
2015-08-21,2.05,0.64,2.74
2015-08-24,2.01,0.59,2.73
2015-08-25,2.12,0.67,2.84
2015-08-26,2.18,0.67,2.94
2015-08-27,2.18,0.68,2.93
2015-08-28,2.19,0.72,2.92
2015-08-31,2.21,0.74,2.95
2015-09-01,2.17,0.7,2.93
2015-09-02,2.2,0.72,2.97
2015-09-03,2.18,0.71,2.95
2015-09-04,2.13,0.71,2.89
2015-09-06,nan,nan,nan
2015-09-07,nan,nan,nan
2015-09-08,2.2,0.74,2.97
2015-09-09,2.21,0.75,2.96
2015-09-10,2.23,0.75,2.98
2015-09-11,2.2,0.71,2.95
2015-09-14,2.18,0.73,2.95
2015-09-15,2.28,0.82,3.06
2015-09-16,2.3,0.82,3.08
2015-09-17,2.21,0.7,3.02
2015-09-18,2.13,0.69,2.93
2015-09-21,2.2,0.72,3.02
2015-09-22,2.14,0.69,2.94
2015-09-23,2.16,0.7,2.95
2015-09-24,2.13,0.67,2.91
2015-09-25,2.17,0.7,2.96
2015-09-28,2.1,0.67,2.87
2015-09-29,2.05,0.64,2.85
2015-09-30,2.06,0.64,2.87
2015-10-01,2.05,0.64,2.85
2015-10-02,1.99,0.58,2.82
2015-10-05,2.07,0.61,2.9
2015-10-06,2.05,0.61,2.88
2015-10-07,2.08,0.65,2.89
2015-10-08,2.12,0.65,2.96
2015-10-09,2.12,0.65,2.94
2015-10-10,nan,nan,nan
2015-10-12,nan,nan,nan
2015-10-13,2.06,0.64,2.89
2015-10-14,1.99,0.57,2.84
2015-10-15,2.04,0.61,2.87
2015-10-16,2.04,0.61,2.87
2015-10-19,2.04,0.61,2.89
2015-10-20,2.08,0.66,2.92
2015-10-21,2.04,0.64,2.87
2015-10-22,2.04,0.61,2.87
2015-10-23,2.09,0.66,2.9
2015-10-26,2.07,0.66,2.87
2015-10-27,2.05,0.65,2.86
2015-10-28,2.1,0.73,2.87
2015-10-29,2.19,0.75,2.96
2015-10-30,2.16,0.75,2.93
2015-11-02,2.2,0.77,2.95
2015-11-03,2.23,0.8,3.0
2015-11-04,2.25,0.84,3.0
2015-11-05,2.26,0.85,3.01
2015-11-06,2.34,0.9,3.09
2015-11-09,2.36,0.89,3.12
2015-11-10,2.32,0.87,3.1
2015-11-11,nan,nan,nan
2015-11-12,2.32,0.89,3.09
2015-11-13,2.28,0.86,3.06
2015-11-16,2.27,0.88,3.07
2015-11-17,2.25,0.86,3.04
2015-11-18,2.27,0.9,3.04
2015-11-19,2.24,0.91,3.0
2015-11-20,2.26,0.93,3.02
2015-11-23,2.25,0.94,3.0
2015-11-24,2.24,0.93,3.0
2015-11-25,2.23,0.93,3.0
2015-11-26,nan,nan,nan
2015-11-27,2.22,0.92,3.0
2015-11-30,2.21,0.94,2.98
2015-12-01,2.15,0.91,2.91
2015-12-02,2.18,0.94,2.91
2015-12-03,2.33,0.96,3.07
2015-12-04,2.28,0.96,3.01
2015-12-07,2.23,0.94,2.95
2015-12-08,2.24,0.94,2.97
2015-12-09,2.22,0.93,2.97
2015-12-10,2.24,0.95,2.98
2015-12-11,2.13,0.88,2.87
2015-12-14,2.23,0.97,2.96
2015-12-15,2.28,0.98,3.0
2015-12-16,2.3,1.02,3.02
2015-12-17,2.24,1.0,2.94
2015-12-18,2.19,0.97,2.9
2015-12-21,2.2,0.96,2.92
2015-12-22,2.24,0.99,2.96
2015-12-23,2.27,1.01,3.0
2015-12-24,2.25,1.03,2.96
2015-12-25,nan,nan,nan
2015-12-28,2.24,1.05,2.95
2015-12-29,2.32,1.09,3.04
2015-12-30,2.31,1.08,3.04
2015-12-31,2.27,1.06,3.01
2016-01-04,2.24,1.02,2.98
2016-01-05,2.25,1.04,3.01
2016-01-06,2.18,0.99,2.94
2016-01-07,2.16,0.96,2.92
2016-01-08,2.13,0.94,2.91
2016-01-11,2.17,0.94,2.96
2016-01-12,2.12,0.93,2.89
2016-01-13,2.08,0.91,2.85
2016-01-14,2.1,0.9,2.9
2016-01-15,2.03,0.85,2.81
2016-01-18,nan,nan,nan
2016-01-19,2.06,0.88,2.82
2016-01-20,2.01,0.85,2.77
2016-01-21,2.02,0.84,2.79
2016-01-22,2.07,0.88,2.83
2016-01-25,2.03,0.88,2.8
2016-01-26,2.01,0.85,2.79
2016-01-27,2.02,0.84,2.8
2016-01-28,2.0,0.83,2.79
2016-01-29,1.94,0.76,2.75
2016-02-01,1.97,0.81,2.77
2016-02-02,1.87,0.75,2.67
2016-02-03,1.88,0.72,2.7
2016-02-04,1.87,0.7,2.7
2016-02-05,1.86,0.74,2.68
2016-02-06,nan,nan,nan
2016-02-08,1.75,0.66,2.56
2016-02-09,1.74,0.69,2.55
2016-02-10,1.71,0.71,2.53
2016-02-11,1.63,0.64,2.5
2016-02-12,1.74,0.71,2.6
2016-02-14,nan,nan,nan
2016-02-15,nan,nan,nan
2016-02-16,1.78,0.74,2.64
2016-02-17,1.81,0.74,2.68
2016-02-18,1.75,0.71,2.62
2016-02-19,1.76,0.76,2.61
2016-02-22,1.77,0.78,2.62
2016-02-23,1.74,0.76,2.6
2016-02-24,1.75,0.75,2.61
2016-02-25,1.71,0.72,2.58
2016-02-26,1.76,0.8,2.63
2016-02-29,1.74,0.78,2.61
2016-03-01,1.83,0.85,2.7
2016-03-02,1.84,0.85,2.69
2016-03-03,1.83,0.85,2.65
2016-03-04,1.88,0.88,2.7
2016-03-07,1.91,0.91,2.71
2016-03-08,1.83,0.88,2.63
2016-03-09,1.9,0.9,2.68
2016-03-10,1.93,0.93,2.7
2016-03-11,1.98,0.97,2.75
2016-03-14,1.97,0.97,2.74
2016-03-15,1.97,0.98,2.73
2016-03-16,1.94,0.87,2.73
2016-03-17,1.91,0.87,2.69
2016-03-18,1.88,0.84,2.68
2016-03-21,1.92,0.87,2.72
2016-03-22,1.94,0.91,2.72
2016-03-23,1.88,0.87,2.65
2016-03-24,1.91,0.89,2.67
2016-03-25,nan,nan,nan
2016-03-28,1.89,0.89,2.66
2016-03-29,1.81,0.78,2.6
2016-03-30,1.83,0.76,2.65
2016-03-31,1.78,0.73,2.61
2016-04-01,1.79,0.76,2.62
2016-04-04,1.78,0.75,2.6
2016-04-05,1.73,0.72,2.54
2016-04-06,1.76,0.73,2.58
2016-04-07,1.7,0.7,2.52
2016-04-08,1.72,0.7,2.55
2016-04-11,1.73,0.7,2.56
2016-04-12,1.79,0.74,2.61
2016-04-13,1.77,0.75,2.58
2016-04-14,1.8,0.77,2.61
2016-04-15,1.76,0.74,2.56
2016-04-18,1.78,0.75,2.58
2016-04-19,1.79,0.77,2.6
2016-04-20,1.85,0.8,2.66
2016-04-21,1.88,0.82,2.69
2016-04-22,1.89,0.84,2.7
2016-04-25,1.91,0.85,2.72
2016-04-26,1.94,0.86,2.76
2016-04-27,1.87,0.83,2.71
2016-04-28,1.84,0.78,2.68
2016-04-29,1.83,0.77,2.66
2016-05-02,1.88,0.8,2.71
2016-05-03,1.81,0.75,2.66
2016-05-04,1.79,0.75,2.64
2016-05-05,1.76,0.72,2.6
2016-05-06,1.79,0.74,2.62
2016-05-09,1.77,0.72,2.61
2016-05-10,1.77,0.72,2.61
2016-05-11,1.73,0.74,2.58
2016-05-12,1.75,0.76,2.6
2016-05-13,1.71,0.76,2.55
2016-05-16,1.75,0.79,2.59
2016-05-17,1.76,0.82,2.59
2016-05-18,1.87,0.9,2.67
2016-05-19,1.85,0.89,2.64
2016-05-20,1.85,0.89,2.63
2016-05-23,1.84,0.91,2.63
2016-05-24,1.86,0.92,2.65
2016-05-25,1.87,0.92,2.67
2016-05-26,1.83,0.87,2.64
2016-05-27,1.85,0.9,2.65
2016-05-30,nan,nan,nan
2016-05-31,1.84,0.87,2.64
2016-06-01,1.85,0.91,2.63
2016-06-02,1.81,0.89,2.58
2016-06-03,1.71,0.78,2.52
2016-06-06,1.73,0.8,2.55
2016-06-07,1.72,0.78,2.54
2016-06-08,1.71,0.78,2.51
2016-06-09,1.68,0.77,2.48
2016-06-10,1.64,0.73,2.44
2016-06-12,nan,nan,nan
2016-06-13,1.62,0.73,2.43
2016-06-14,1.62,0.74,2.43
2016-06-15,1.6,0.69,2.43
2016-06-16,1.57,0.7,2.39
2016-06-17,1.62,0.7,2.43
2016-06-20,1.67,0.74,2.47
2016-06-21,1.71,0.76,2.5
2016-06-22,1.69,0.75,2.5
2016-06-23,1.74,0.78,2.55
2016-06-24,1.57,0.64,2.42
2016-06-27,1.46,0.61,2.28
2016-06-28,1.46,0.61,2.27
2016-06-29,1.5,0.62,2.3
2016-06-30,1.49,0.58,2.3
2016-07-01,1.46,0.59,2.24
2016-07-04,nan,nan,nan
2016-07-05,1.37,0.56,2.14
2016-07-06,1.38,0.58,2.14
2016-07-07,1.4,0.58,2.14
2016-07-08,1.37,0.61,2.11
2016-07-11,1.43,0.66,2.14
2016-07-12,1.53,0.69,2.24
2016-07-13,1.48,0.68,2.18
2016-07-14,1.53,0.68,2.25
2016-07-15,1.6,0.71,2.3
2016-07-18,1.59,0.68,2.3
2016-07-19,1.56,0.7,2.27
2016-07-20,1.59,0.73,2.3
2016-07-21,1.57,0.7,2.29
2016-07-22,1.57,0.71,2.29
2016-07-25,1.58,0.72,2.29
2016-07-26,1.57,0.75,2.28
2016-07-27,1.52,0.73,2.23
2016-07-28,1.52,0.72,2.23
2016-07-29,1.46,0.67,2.18
2016-08-01,1.51,0.67,2.24
2016-08-02,1.55,0.67,2.29
2016-08-03,1.55,0.67,2.29
2016-08-04,1.51,0.64,2.25
2016-08-05,1.59,0.72,2.32
2016-08-08,1.59,0.74,2.3
2016-08-09,1.55,0.71,2.25
2016-08-10,1.5,0.69,2.23
2016-08-11,1.57,0.76,2.28
2016-08-12,1.51,0.71,2.23
2016-08-15,1.55,0.72,2.27
2016-08-16,1.57,0.76,2.29
2016-08-17,1.56,0.74,2.27
2016-08-18,1.53,0.71,2.26
2016-08-19,1.58,0.76,2.29
2016-08-22,1.55,0.76,2.24
2016-08-23,1.55,0.74,2.24
2016-08-24,1.56,0.76,2.24
2016-08-25,1.58,0.78,2.27
2016-08-26,1.62,0.84,2.29
2016-08-29,1.57,0.81,2.22
2016-08-30,1.57,0.8,2.23
2016-08-31,1.58,0.8,2.23
2016-09-01,1.57,0.78,2.23
2016-09-02,1.6,0.8,2.28
2016-09-05,nan,nan,nan
2016-09-06,1.55,0.74,2.24
2016-09-07,1.54,0.74,2.23
2016-09-08,1.61,0.78,2.32
2016-09-09,1.67,0.79,2.39
2016-09-12,1.68,0.79,2.4
2016-09-13,1.73,0.8,2.47
2016-09-14,1.7,0.77,2.44
2016-09-15,1.71,0.74,2.48
2016-09-16,1.7,0.77,2.44
2016-09-18,nan,nan,nan
2016-09-19,1.7,0.79,2.45
2016-09-20,1.69,0.79,2.43
2016-09-21,1.66,0.79,2.39
2016-09-22,1.63,0.79,2.34
2016-09-23,1.62,0.77,2.34
2016-09-26,1.59,0.76,2.32
2016-09-27,1.56,0.75,2.28
2016-09-28,1.57,0.75,2.29
2016-09-29,1.56,0.73,2.28
2016-09-30,1.6,0.77,2.32
2016-10-03,1.63,0.8,2.34
2016-10-04,1.69,0.82,2.4
2016-10-05,1.72,0.85,2.44
2016-10-06,1.75,0.86,2.46
2016-10-07,1.73,0.83,2.46
2016-10-08,nan,nan,nan
2016-10-09,nan,nan,nan
2016-10-10,nan,nan,nan
2016-10-11,1.77,0.87,2.5
2016-10-12,1.79,0.87,2.51
2016-10-13,1.75,0.85,2.48
2016-10-14,1.8,0.84,2.55
2016-10-17,1.77,0.81,2.52
2016-10-18,1.75,0.82,2.51
2016-10-19,1.76,0.81,2.51
2016-10-20,1.76,0.84,2.5
2016-10-21,1.74,0.84,2.48
2016-10-24,1.77,0.84,2.52
2016-10-25,1.77,0.86,2.5
2016-10-26,1.79,0.86,2.53
2016-10-27,1.85,0.87,2.6
2016-10-28,1.86,0.86,2.62
2016-10-31,1.84,0.86,2.58
2016-11-01,1.83,0.83,2.58
2016-11-02,1.81,0.81,2.56
2016-11-03,1.82,0.81,2.6
2016-11-04,1.79,0.8,2.56
2016-11-07,1.83,0.82,2.6
2016-11-08,1.88,0.87,2.63
2016-11-09,2.07,0.9,2.88
2016-11-10,2.15,0.92,2.94
2016-11-11,nan,nan,nan
2016-11-14,2.23,1.0,2.99
2016-11-15,2.23,1.02,2.97
2016-11-16,2.22,1.0,2.92
2016-11-17,2.29,1.04,3.01
2016-11-18,2.34,1.07,3.01
2016-11-21,2.33,1.08,3.0
2016-11-22,2.31,1.07,3.0
2016-11-23,2.36,1.12,3.02
2016-11-24,nan,nan,nan
2016-11-25,2.36,1.12,3.01
2016-11-28,2.32,1.11,2.99
2016-11-29,2.3,1.09,2.95
2016-11-30,2.37,1.11,3.02
2016-12-01,2.45,1.14,3.1
2016-12-02,2.4,1.11,3.08
2016-12-05,2.39,1.13,3.05
2016-12-06,2.39,1.12,3.08
2016-12-07,2.34,1.1,3.02
2016-12-08,2.4,1.12,3.1
2016-12-09,2.47,1.15,3.16
2016-12-12,2.49,1.15,3.16
2016-12-13,2.48,1.17,3.14
2016-12-14,2.54,1.27,3.14
2016-12-15,2.6,1.29,3.16
2016-12-16,2.6,1.28,3.19
2016-12-19,2.54,1.24,3.12
2016-12-20,2.57,1.25,3.15
2016-12-21,2.55,1.21,3.12
2016-12-22,2.55,1.22,3.12
2016-12-23,2.55,1.22,3.12
2016-12-26,nan,nan,nan
2016-12-27,2.57,1.28,3.14
2016-12-28,2.51,1.26,3.09
2016-12-29,2.49,1.22,3.08
2016-12-30,2.45,1.2,3.06
2016-12-31,nan,nan,nan
2017-01-03,2.45,1.22,3.04
2017-01-04,2.46,1.24,3.05
2017-01-05,2.37,1.17,2.96
2017-01-06,2.42,1.22,3.0
2017-01-09,2.38,1.21,2.97
2017-01-10,2.38,1.19,2.97
2017-01-11,2.38,1.2,2.96
2017-01-12,2.36,1.18,3.01
2017-01-13,2.4,1.21,2.99
2017-01-16,nan,nan,nan
2017-01-17,2.33,1.17,2.93
2017-01-18,2.42,1.23,3.0
2017-01-19,2.47,1.25,3.04
2017-01-20,2.48,1.2,3.05
2017-01-22,nan,nan,nan
2017-01-23,2.41,1.16,2.99
2017-01-24,2.47,1.21,3.05
2017-01-25,2.53,1.23,3.1
2017-01-26,2.51,1.21,3.08
2017-01-27,2.49,1.22,3.06
2017-01-30,2.49,1.22,3.08
2017-01-31,2.45,1.19,3.05
2017-02-01,2.48,1.22,3.08
2017-02-02,2.48,1.21,3.09
2017-02-03,2.49,1.21,3.11
2017-02-04,nan,nan,nan
2017-02-06,2.42,1.16,3.05
2017-02-07,2.4,1.16,3.02
2017-02-08,2.34,1.15,2.96
2017-02-09,2.4,1.2,3.02
2017-02-10,2.41,1.2,3.01
2017-02-13,2.43,1.2,3.03
2017-02-14,2.47,1.25,3.07
2017-02-15,2.51,1.27,3.09
2017-02-16,2.45,1.22,3.05
2017-02-17,2.42,1.21,3.03
2017-02-20,nan,nan,nan
2017-02-21,2.43,1.22,3.04
2017-02-22,2.42,1.22,3.04
2017-02-23,2.38,1.18,3.02
2017-02-24,2.31,1.12,2.95
2017-02-27,2.36,1.2,2.98
2017-02-28,2.36,1.22,2.97
2017-03-01,2.46,1.29,3.06
2017-03-02,2.49,1.32,3.09
2017-03-03,2.49,1.32,3.08
2017-03-06,2.49,1.31,3.1
2017-03-07,2.52,1.32,3.11
2017-03-08,2.57,1.36,3.15
2017-03-09,2.6,1.37,3.19
2017-03-10,2.58,1.36,3.16
2017-03-13,2.62,1.4,3.2
2017-03-14,2.6,1.4,3.17
2017-03-15,2.51,1.33,3.11
2017-03-16,2.53,1.35,3.14
2017-03-17,2.5,1.33,3.11
2017-03-20,2.47,1.3,3.08
2017-03-21,2.43,1.27,3.04
2017-03-22,2.4,1.27,3.02
2017-03-23,2.41,1.26,3.02
2017-03-24,2.4,1.26,3.0
2017-03-27,2.38,1.27,2.98
2017-03-28,2.42,1.3,3.02
2017-03-29,2.39,1.26,2.99
2017-03-30,2.42,1.28,3.03
2017-03-31,2.4,1.27,3.02
2017-04-01,nan,nan,nan
2017-04-03,2.35,1.24,2.98
2017-04-04,2.36,1.25,2.99
2017-04-05,2.34,1.24,2.98
2017-04-06,2.34,1.24,2.99
2017-04-07,2.38,1.29,3.0
2017-04-10,2.37,1.29,2.99
2017-04-11,2.32,1.24,2.93
2017-04-12,2.28,1.24,2.92
2017-04-13,2.24,1.21,2.89
2017-04-14,nan,nan,nan
2017-04-17,2.26,1.21,2.92
2017-04-18,2.18,1.18,2.84
2017-04-19,2.21,1.19,2.87
2017-04-20,2.24,1.21,2.89
2017-04-21,2.24,1.2,2.89
2017-04-24,2.28,1.25,2.93
2017-04-25,2.35,1.29,2.99
2017-04-26,2.32,1.28,2.97
2017-04-27,2.3,1.25,2.96
2017-04-28,2.29,1.28,2.96
2017-05-01,2.33,1.28,3.0
2017-05-02,2.29,1.27,2.97
2017-05-03,2.33,1.3,2.97
2017-05-04,2.36,1.32,3.0
2017-05-05,2.36,1.32,2.99
2017-05-08,2.39,1.33,3.02
2017-05-09,2.42,1.37,3.04
2017-05-10,2.41,1.35,3.03
2017-05-11,2.39,1.35,3.03
2017-05-12,2.33,1.29,2.98
2017-05-15,2.34,1.31,3.0
2017-05-16,2.33,1.29,2.99
2017-05-17,2.22,1.26,2.91
2017-05-18,2.23,1.27,2.9
2017-05-19,2.23,1.28,2.9
2017-05-22,2.25,1.29,2.91
2017-05-23,2.29,1.31,2.95
2017-05-24,2.26,1.29,2.92
2017-05-25,2.25,1.3,2.92
2017-05-26,2.25,1.3,2.92
2017-05-27,nan,nan,nan
2017-05-30,2.21,1.28,2.88
2017-05-31,2.21,1.28,2.87
2017-06-01,2.21,1.28,2.87
2017-06-02,2.15,1.28,2.8
2017-06-05,2.18,1.32,2.84
2017-06-06,2.14,1.3,2.81
2017-06-07,2.18,1.32,2.84
2017-06-08,2.19,1.33,2.85
2017-06-09,2.21,1.35,2.86
2017-06-12,2.21,1.35,2.86
2017-06-13,2.21,1.38,2.87
2017-06-14,2.15,1.35,2.79
2017-06-15,2.16,1.35,2.78
2017-06-16,2.16,1.32,2.78
2017-06-19,2.19,1.36,2.79
2017-06-20,2.16,1.36,2.74
2017-06-21,2.16,1.36,2.73
2017-06-22,2.15,1.34,2.72
2017-06-23,2.15,1.34,2.71
2017-06-26,2.14,1.36,2.7
2017-06-27,2.21,1.38,2.75
2017-06-28,2.22,1.34,2.77
2017-06-29,2.27,1.38,2.82
2017-06-30,2.31,1.38,2.84
2017-07-03,2.35,1.41,2.86
2017-07-04,2.348,nan,nan
2017-07-05,2.33,1.41,2.85
2017-07-06,2.37,1.4,2.9
2017-07-07,2.39,1.4,2.93
2017-07-10,2.38,1.4,2.93
2017-07-11,2.37,1.37,2.92
2017-07-12,2.33,1.35,2.89
2017-07-13,2.35,1.37,2.92
2017-07-14,2.33,1.35,2.91
2017-07-17,2.31,1.36,2.89
2017-07-18,2.27,1.36,2.85
2017-07-19,2.27,1.37,2.85
2017-07-20,2.27,1.37,2.83
2017-07-21,2.24,1.36,2.81
2017-07-24,2.26,1.37,2.83
2017-07-25,2.33,1.4,2.91
2017-07-26,2.29,1.36,2.89
2017-07-27,2.32,1.36,2.93
2017-07-28,2.3,1.34,2.89
2017-07-31,2.3,1.34,2.89
2017-08-01,2.26,1.34,2.86
2017-08-02,2.27,1.36,2.85
2017-08-03,2.24,1.34,2.81
2017-08-04,2.27,1.36,2.84
2017-08-07,2.26,1.36,2.84
2017-08-08,2.29,1.36,2.86
2017-08-09,2.24,1.33,2.82
2017-08-10,2.2,1.33,2.79
2017-08-11,2.19,1.3,2.79
2017-08-14,2.22,1.33,2.81
2017-08-15,2.27,1.35,2.84
2017-08-16,2.23,1.33,2.81
2017-08-17,2.19,1.32,2.78
2017-08-18,2.19,1.33,2.78
2017-08-21,2.18,1.32,2.77
2017-08-22,2.22,1.33,2.79
2017-08-23,2.17,1.32,2.75
2017-08-24,2.19,1.33,2.77
2017-08-25,2.17,1.35,2.75
2017-08-28,2.16,1.33,2.76
2017-08-29,2.13,1.33,2.74
2017-08-30,2.15,1.33,2.75
2017-08-31,2.12,1.33,2.73
2017-09-01,2.16,1.35,2.77
2017-09-04,2.166,nan,nan
2017-09-05,2.07,1.3,2.69
2017-09-06,2.1,1.3,2.72
2017-09-07,2.05,1.27,2.66
2017-09-08,2.06,1.27,2.67
2017-09-11,2.14,1.32,2.75
2017-09-12,2.17,1.33,2.78
2017-09-13,2.2,1.35,2.79
2017-09-14,2.2,1.37,2.77
2017-09-15,2.2,1.39,2.77
2017-09-18,2.23,1.4,2.8
2017-09-19,2.24,1.4,2.81
2017-09-20,2.28,1.45,2.82
2017-09-21,2.27,1.45,2.8
2017-09-22,2.26,1.46,2.8
2017-09-25,2.22,1.44,2.76
2017-09-26,2.24,1.45,2.78
2017-09-27,2.31,1.47,2.86
2017-09-28,2.31,1.45,2.87
2017-09-29,2.33,1.47,2.86
2017-09-30,nan,nan,nan
2017-10-02,2.34,1.49,2.87
2017-10-03,2.33,1.47,2.87
2017-10-04,2.33,1.47,2.87
2017-10-05,2.35,1.49,2.89
2017-10-06,2.37,1.54,2.91
2017-10-09,2.361,nan,nan
2017-10-10,2.35,1.51,2.88
2017-10-11,2.35,1.51,2.88
2017-10-12,2.33,1.51,2.86
2017-10-13,2.28,1.51,2.81
2017-10-16,2.3,1.54,2.82
2017-10-17,2.3,1.54,2.8
2017-10-18,2.34,1.59,2.85
2017-10-19,2.33,1.58,2.83
2017-10-20,2.39,1.6,2.89
2017-10-23,2.38,1.58,2.89
2017-10-24,2.42,1.6,2.92
2017-10-25,2.44,1.61,2.95
2017-10-26,2.46,1.63,2.96
2017-10-27,2.42,1.59,2.93
2017-10-30,2.37,1.58,2.88
2017-10-31,2.38,1.6,2.88
2017-11-01,2.37,1.61,2.85
2017-11-02,2.35,1.61,2.83
2017-11-03,2.34,1.63,2.82
2017-11-06,2.32,1.61,2.8
2017-11-07,2.32,1.63,2.77
2017-11-08,2.32,1.65,2.79
2017-11-09,2.33,1.63,2.81
2017-11-10,2.4,1.67,2.88
2017-11-13,2.4,1.7,2.87
2017-11-14,2.38,1.68,2.84
2017-11-15,2.33,1.68,2.77
2017-11-16,2.37,1.72,2.81
2017-11-17,2.35,1.73,2.78
2017-11-20,2.37,1.77,2.78
2017-11-21,2.36,1.77,2.76
2017-11-22,2.32,1.74,2.75
2017-11-23,nan,nan,nan
2017-11-24,2.34,1.75,2.76
2017-11-27,2.32,1.74,2.76
2017-11-28,2.34,1.75,2.77
2017-11-29,2.37,1.78,2.81
2017-11-30,2.42,1.78,2.83
2017-12-01,2.37,1.78,2.76
2017-12-04,2.37,1.8,2.77
2017-12-05,2.36,1.83,2.73
2017-12-06,2.33,1.78,2.71
2017-12-07,2.37,1.8,2.76
2017-12-08,2.38,1.8,2.77
2017-12-11,2.39,1.82,2.77
2017-12-12,2.4,1.83,2.79
2017-12-13,2.36,1.79,2.74
2017-12-14,2.35,1.82,2.71
2017-12-15,2.35,1.84,2.68
2017-12-18,2.39,1.84,2.74
2017-12-19,2.46,1.87,2.82
2017-12-20,2.49,1.87,2.88
2017-12-21,2.48,1.89,2.84
2017-12-22,2.48,1.91,2.83
2017-12-25,nan,nan,nan
2017-12-26,2.47,1.92,2.82
2017-12-27,2.42,1.89,2.75
2017-12-28,2.43,1.91,2.75
2017-12-29,2.4,1.89,2.74
2017-12-30,nan,nan,nan
2017-12-31,nan,nan,nan
2018-01-02,2.46,1.92,2.81
2018-01-03,2.44,1.94,2.78
2018-01-04,2.46,1.96,2.79
2018-01-05,2.47,1.96,2.81
2018-01-08,2.49,1.96,2.81
2018-01-09,2.55,1.98,2.88
2018-01-10,2.55,1.98,2.88
2018-01-11,2.54,1.98,2.91
2018-01-12,2.55,1.99,2.85
2018-01-15,nan,nan,nan
2018-01-16,2.54,2.03,2.83
2018-01-17,2.57,2.05,2.84
2018-01-18,2.62,2.05,2.9
2018-01-19,2.64,2.06,2.91
2018-01-22,2.66,2.08,2.93
2018-01-23,2.63,2.06,2.9
2018-01-24,2.65,2.08,2.93
2018-01-25,2.63,2.08,2.89
2018-01-26,2.66,2.13,2.91
2018-01-29,2.7,2.11,2.94
2018-01-30,2.73,2.13,2.98
2018-01-31,2.72,2.14,2.95
2018-02-01,2.78,2.16,3.01
2018-02-02,2.84,2.15,3.08
2018-02-05,2.77,2.08,3.04
2018-02-06,2.79,2.1,3.06
2018-02-07,2.84,2.15,3.12
2018-02-08,2.85,2.13,3.14
2018-02-09,2.83,2.05,3.14
2018-02-11,nan,nan,nan
2018-02-12,2.86,2.09,3.14
2018-02-13,2.83,2.1,3.11
2018-02-14,2.91,2.17,3.18
2018-02-15,2.9,2.19,3.15
2018-02-16,2.87,2.21,3.13
2018-02-20,2.88,2.25,3.15
2018-02-21,2.94,2.26,3.22
2018-02-22,2.92,2.25,3.21
2018-02-23,2.88,2.25,3.16
2018-02-24,nan,nan,nan
2018-02-26,2.86,2.22,3.15
2018-02-27,2.9,2.27,3.17
2018-02-28,2.87,2.25,3.13
2018-03-01,2.81,2.22,3.09
2018-03-02,2.86,2.25,3.14
2018-03-05,2.88,2.24,3.16
2018-03-06,2.88,2.25,3.14
2018-03-07,2.89,2.25,3.15
2018-03-08,2.86,2.25,3.13
2018-03-09,2.9,2.27,3.16
2018-03-12,2.87,2.27,3.13
2018-03-13,2.84,2.26,3.1
2018-03-14,2.81,2.26,3.05
2018-03-15,2.82,2.29,3.05
2018-03-16,2.85,2.31,3.08
2018-03-19,2.85,2.31,3.09
2018-03-20,2.89,2.34,3.12
2018-03-21,2.89,2.31,3.12
2018-03-22,2.83,2.29,3.06
2018-03-23,2.82,2.28,3.06
2018-03-26,2.85,2.33,3.08
2018-03-27,2.78,2.26,3.03
2018-03-28,2.77,2.28,3.01
2018-03-29,2.74,2.27,2.97
2018-03-30,nan,nan,nan
2018-04-02,2.73,2.25,2.97
2018-04-03,2.79,2.28,3.02
2018-04-04,2.79,2.28,3.03
2018-04-05,2.83,2.3,3.07
2018-04-06,2.77,2.27,3.01
2018-04-08,nan,nan,nan
2018-04-09,2.78,2.29,3.02
2018-04-10,2.8,2.32,3.02
2018-04-11,2.79,2.32,2.99
2018-04-12,2.83,2.34,3.05
2018-04-13,2.82,2.37,3.03
2018-04-16,2.83,2.39,3.03
2018-04-17,2.82,2.41,3.0
2018-04-18,2.87,2.42,3.06
2018-04-19,2.92,2.44,3.11
2018-04-20,2.96,2.46,3.14
2018-04-23,2.98,2.49,3.15
2018-04-24,3.0,2.48,3.18
2018-04-25,3.03,2.49,3.21
2018-04-26,3.0,2.49,3.18
2018-04-27,2.96,2.49,3.13
2018-04-28,nan,nan,nan
2018-04-30,2.95,2.49,3.11
2018-05-01,2.97,2.5,3.13
2018-05-02,2.97,2.49,3.14
2018-05-03,2.94,2.49,3.12
2018-05-04,2.95,2.51,3.12
2018-05-07,2.95,2.49,3.12
2018-05-08,2.97,2.51,3.13
2018-05-09,3.0,2.54,3.16
2018-05-10,2.97,2.54,3.12
2018-05-11,2.97,2.54,3.1
2018-05-14,3.0,2.55,3.13
2018-05-15,3.08,2.58,3.2
2018-05-16,3.09,2.58,3.21
2018-05-17,3.11,2.57,3.25
2018-05-18,3.06,2.55,3.2
2018-05-21,3.06,2.58,3.2
2018-05-22,3.06,2.59,3.21
2018-05-23,3.01,2.53,3.17
2018-05-24,2.98,2.5,3.13
2018-05-25,2.93,2.48,3.09
2018-05-28,nan,nan,nan
2018-05-29,2.77,2.32,2.96
2018-05-30,2.84,2.42,3.01
2018-05-31,2.83,2.4,3.0
2018-06-01,2.89,2.47,3.04
2018-06-04,2.94,2.52,3.08
2018-06-05,2.92,2.49,3.07
2018-06-06,2.97,2.52,3.13
2018-06-07,2.93,2.5,3.08
2018-06-08,2.93,2.5,3.08
2018-06-11,2.96,2.52,3.1
2018-06-12,2.96,2.54,3.09
2018-06-13,2.98,2.59,3.1
2018-06-14,2.94,2.59,3.05
2018-06-15,2.93,2.55,3.05
2018-06-18,2.92,2.56,3.05
2018-06-19,2.89,2.54,3.02
2018-06-20,2.93,2.56,3.06
2018-06-21,2.9,2.56,3.04
2018-06-22,2.9,2.56,3.04
2018-06-25,2.87,2.54,3.02
2018-06-26,2.88,2.53,3.03
2018-06-27,2.83,2.52,2.97
2018-06-28,2.84,2.52,2.97
2018-06-29,2.85,2.52,2.98
2018-07-02,2.87,2.57,2.99
2018-07-03,2.83,2.53,2.96
2018-07-04,nan,nan,nan
2018-07-05,2.84,2.55,2.95
2018-07-06,2.82,2.53,2.94
2018-07-09,2.86,2.57,2.96
2018-07-10,2.87,2.59,2.97
2018-07-11,2.85,2.58,2.95
2018-07-12,2.85,2.6,2.95
2018-07-13,2.83,2.59,2.94
2018-07-16,2.85,2.59,2.96
2018-07-17,2.86,2.62,2.97
2018-07-18,2.88,2.6,2.99
2018-07-19,2.84,2.6,2.96
2018-07-20,2.89,2.6,3.03
2018-07-23,2.96,2.64,3.1
2018-07-24,2.95,2.63,3.08
2018-07-25,2.94,2.66,3.06
2018-07-26,2.98,2.69,3.1
2018-07-27,2.96,2.67,3.09
2018-07-30,2.98,2.66,3.11
2018-07-31,2.96,2.67,3.08
2018-08-01,3.0,2.67,3.13
2018-08-02,2.98,2.66,3.12
2018-08-03,2.95,2.63,3.09
2018-08-06,2.94,2.64,3.08
2018-08-07,2.98,2.68,3.12
2018-08-08,2.96,2.68,3.12
2018-08-09,2.93,2.64,3.08
2018-08-10,2.87,2.61,3.03
2018-08-13,2.88,2.61,3.05
2018-08-14,2.89,2.63,3.06
2018-08-15,2.86,2.61,3.03
2018-08-16,2.87,2.63,3.03
2018-08-17,2.87,2.61,3.03
2018-08-20,2.82,2.6,2.99
2018-08-21,2.85,2.61,3.0
2018-08-22,2.82,2.6,2.99
2018-08-23,2.82,2.61,2.97
2018-08-24,2.82,2.63,2.97
2018-08-27,2.85,2.67,3.0
2018-08-28,2.88,2.67,3.03
2018-08-29,2.89,2.67,3.02
2018-08-30,2.86,2.64,3.0
2018-08-31,2.86,2.62,3.02
2018-09-03,nan,nan,nan
2018-09-04,2.9,2.66,3.07
2018-09-05,2.9,2.66,3.08
2018-09-06,2.88,2.64,3.06
2018-09-07,2.94,2.71,3.11
2018-09-10,2.94,2.73,3.09
2018-09-11,2.98,2.76,3.13
2018-09-12,2.97,2.74,3.11
2018-09-13,2.97,2.76,3.11
2018-09-14,2.99,2.78,3.13
2018-09-17,2.99,2.78,3.13
2018-09-18,3.05,2.81,3.2
2018-09-19,3.08,2.81,3.23
2018-09-20,3.07,2.81,3.21
2018-09-21,3.07,2.81,3.2
2018-09-24,3.08,2.83,3.21
2018-09-25,3.1,2.83,3.23
2018-09-26,3.06,2.83,3.19
2018-09-27,3.06,2.83,3.19
2018-09-28,3.05,2.81,3.19
2018-09-29,nan,nan,nan
2018-09-30,nan,nan,nan
2018-10-01,3.09,2.82,3.24
2018-10-02,3.05,2.82,3.2
2018-10-03,3.15,2.85,3.3
2018-10-04,3.19,2.87,3.35
2018-10-05,3.23,2.88,3.4
2018-10-08,nan,nan,nan
2018-10-09,3.21,2.88,3.37
2018-10-10,3.22,2.88,3.39
2018-10-11,3.14,2.85,3.32
2018-10-12,3.15,2.85,3.32
2018-10-15,3.16,2.85,3.34
2018-10-16,3.16,2.87,3.32
2018-10-17,3.19,2.89,3.35
2018-10-18,3.17,2.87,3.36
2018-10-19,3.2,2.92,3.38
2018-10-22,3.2,2.92,3.38
2018-10-23,3.17,2.89,3.37
2018-10-24,3.1,2.84,3.33
2018-10-25,3.14,2.86,3.35
2018-10-26,3.08,2.81,3.32
2018-10-29,3.08,2.81,3.33
2018-10-30,3.12,2.84,3.36
2018-10-31,3.15,2.87,3.39
2018-11-01,3.14,2.84,3.38
2018-11-02,3.22,2.91,3.46
2018-11-05,3.2,2.91,3.43
2018-11-06,3.22,2.93,3.43
2018-11-07,3.22,2.96,3.43
2018-11-08,3.24,2.98,3.43
2018-11-09,3.19,2.94,3.4
2018-11-12,nan,nan,nan
2018-11-13,3.14,2.89,3.36
2018-11-14,3.12,2.86,3.35
2018-11-15,3.11,2.86,3.36
2018-11-16,3.08,2.81,3.33
2018-11-19,3.06,2.79,3.32
2018-11-20,3.06,2.79,3.31
2018-11-21,3.06,2.81,3.31
2018-11-22,nan,nan,nan
2018-11-23,3.05,2.81,3.31
2018-11-26,3.07,2.84,3.32
2018-11-27,3.06,2.83,3.32
2018-11-28,3.06,2.81,3.34
2018-11-29,3.03,2.81,3.33
2018-11-30,3.01,2.8,3.3
2018-12-03,2.98,2.83,3.27
2018-12-04,2.91,2.8,3.16
2018-12-05,nan,nan,nan
2018-12-06,2.87,2.75,3.14
2018-12-07,2.85,2.72,3.14
2018-12-10,2.85,2.72,3.13
2018-12-11,2.89,2.78,3.13
2018-12-12,2.91,2.77,3.15
2018-12-13,2.91,2.75,3.16
2018-12-14,2.89,2.73,3.14
2018-12-17,2.86,2.7,3.11
2018-12-18,2.82,2.65,3.07
2018-12-19,2.77,2.63,3.0
2018-12-20,2.79,2.67,3.02
2018-12-21,2.79,2.63,3.03
2018-12-24,2.74,2.55,3.0
2018-12-25,nan,nan,nan
2018-12-26,2.81,2.61,3.06
2018-12-27,2.77,2.56,3.05
2018-12-28,2.72,2.52,3.04
2018-12-29,nan,nan,nan
2018-12-30,nan,nan,nan
2018-12-31,2.69,2.48,3.02
2019-01-02,2.66,2.5,2.97
2019-01-03,2.56,2.39,2.92
2019-01-04,2.67,2.5,2.98
2019-01-07,2.7,2.53,2.99
2019-01-08,2.73,2.58,3.0
2019-01-09,2.74,2.56,3.03
2019-01-10,2.74,2.56,3.06
2019-01-11,2.71,2.55,3.04
2019-01-14,2.71,2.53,3.06
2019-01-15,2.72,2.53,3.08
2019-01-16,2.73,2.55,3.07
2019-01-17,2.75,2.56,3.07
2019-01-18,2.79,2.62,3.09
2019-01-21,nan,nan,nan
2019-01-22,2.74,2.58,3.06
2019-01-23,2.76,2.58,3.07
2019-01-24,2.72,2.56,3.04
2019-01-25,2.76,2.6,3.06
2019-01-28,2.75,2.6,3.06
2019-01-29,2.72,2.56,3.04
2019-01-30,2.7,2.52,3.06
2019-01-31,2.63,2.45,2.99
2019-02-01,2.7,2.52,3.03
2019-02-02,nan,nan,nan
2019-02-03,nan,nan,nan
2019-02-04,2.73,2.53,3.06
2019-02-05,2.71,2.53,3.03
2019-02-06,2.7,2.52,3.03
2019-02-07,2.65,2.48,3.0
2019-02-08,2.63,2.45,2.97
2019-02-11,2.65,2.48,3.0
2019-02-12,2.68,2.5,3.02
2019-02-13,2.71,2.53,3.04
2019-02-14,2.66,2.5,3.01
2019-02-15,2.66,2.52,3.0
2019-02-18,nan,nan,nan
2019-02-19,2.65,2.5,2.99
2019-02-20,2.65,2.5,3.0
2019-02-21,2.69,2.53,3.05
2019-02-22,2.65,2.48,3.02
2019-02-25,2.67,2.51,3.03
2019-02-26,2.64,2.48,3.01
2019-02-27,2.69,2.5,3.07
2019-02-28,2.73,2.52,3.09
2019-03-01,2.76,2.55,3.13
2019-03-04,2.72,2.55,3.09
2019-03-05,2.72,2.55,3.08
2019-03-06,2.69,2.52,3.06
2019-03-07,2.64,2.47,3.03
2019-03-08,2.62,2.45,3.0
2019-03-11,2.64,2.47,3.03
2019-03-12,2.61,2.45,3.0
2019-03-13,2.61,2.45,3.02
2019-03-14,2.63,2.46,3.04
2019-03-15,2.59,2.43,3.02
2019-03-18,2.6,2.45,3.01
2019-03-19,2.61,2.46,3.02
2019-03-20,2.54,2.4,2.98
2019-03-21,2.54,2.41,2.96
2019-03-22,2.44,2.31,2.88
2019-03-25,2.43,2.26,2.87
2019-03-26,2.41,2.24,2.86
2019-03-27,2.39,2.22,2.83
2019-03-28,2.39,2.23,2.81
2019-03-29,2.41,2.27,2.81
2019-04-01,2.49,2.33,2.89
2019-04-02,2.48,2.3,2.88
2019-04-03,2.52,2.33,2.93
2019-04-04,2.51,2.33,2.92
2019-04-05,2.5,2.35,2.91
2019-04-08,2.52,2.36,2.93
2019-04-09,2.51,2.35,2.92
2019-04-10,2.48,2.31,2.9
2019-04-11,2.51,2.35,2.94
2019-04-12,2.56,2.4,2.97
2019-04-15,2.55,2.4,2.96
2019-04-16,2.6,2.41,2.99
2019-04-17,2.59,2.4,2.99
2019-04-18,2.57,2.38,2.96
2019-04-19,nan,nan,nan
2019-04-22,2.59,2.38,2.99
2019-04-23,2.57,2.36,2.98
2019-04-24,2.53,2.32,2.94
2019-04-25,2.54,2.33,2.94
2019-04-26,2.51,2.28,2.92
2019-04-28,nan,nan,nan
2019-04-29,2.54,2.3,2.96
2019-04-30,2.51,2.27,2.93
2019-05-01,2.52,2.31,2.92
2019-05-02,2.55,2.35,2.94
2019-05-03,2.54,2.33,2.93
2019-05-05,nan,nan,nan
2019-05-06,2.51,2.31,2.91
2019-05-07,2.45,2.28,2.86
2019-05-08,2.49,2.3,2.89
2019-05-09,2.45,2.26,2.87
2019-05-10,2.47,2.26,2.89
2019-05-13,2.4,2.18,2.83
2019-05-14,2.42,2.2,2.86
2019-05-15,2.37,2.16,2.82
2019-05-16,2.4,2.2,2.84
2019-05-17,2.39,2.2,2.82
2019-05-20,2.41,2.21,2.83
2019-05-21,2.43,2.26,2.84
2019-05-22,2.39,2.23,2.82
2019-05-23,2.31,2.12,2.75
2019-05-24,2.32,2.16,2.75
2019-05-27,nan,nan,nan
2019-05-28,2.26,2.12,2.7
2019-05-29,2.25,2.09,2.69
2019-05-30,2.22,2.06,2.65
2019-05-31,2.14,1.95,2.58
2019-06-03,2.07,1.82,2.53
2019-06-04,2.12,1.88,2.6
2019-06-05,2.12,1.83,2.63
2019-06-06,2.12,1.88,2.62
2019-06-07,2.09,1.85,2.57
2019-06-10,2.15,1.9,2.62
2019-06-11,2.15,1.93,2.62
2019-06-12,2.13,1.88,2.62
2019-06-13,2.1,1.83,2.61
2019-06-14,2.09,1.84,2.59
2019-06-17,2.09,1.86,2.58
2019-06-18,2.06,1.86,2.55
2019-06-19,2.03,1.74,2.54
2019-06-20,2.01,1.72,2.53
2019-06-21,2.07,1.77,2.59
2019-06-24,2.02,1.72,2.55
2019-06-25,2.0,1.71,2.53
2019-06-26,2.05,1.77,2.57
2019-06-27,2.01,1.74,2.52
2019-06-28,2.0,1.75,2.52
2019-07-01,2.03,1.78,2.55
2019-07-02,1.98,1.77,2.51
2019-07-03,1.96,1.77,2.47
2019-07-04,nan,nan,nan
2019-07-05,2.04,1.87,2.54
2019-07-08,2.05,1.88,2.53
2019-07-09,2.07,1.92,2.54
2019-07-10,2.07,1.82,2.57
2019-07-11,2.13,1.85,2.65
2019-07-12,2.12,1.84,2.64
2019-07-15,2.09,1.83,2.61
2019-07-16,2.13,1.87,2.63
2019-07-17,2.06,1.83,2.57
2019-07-18,2.04,1.77,2.56
2019-07-19,2.05,1.8,2.57
2019-07-22,2.05,1.8,2.58
2019-07-23,2.08,1.83,2.61
2019-07-24,2.05,1.83,2.58
2019-07-25,2.08,1.86,2.6
2019-07-26,2.08,1.86,2.59
2019-07-29,2.06,1.85,2.59
2019-07-30,2.06,1.85,2.58
2019-07-31,2.02,1.89,2.53
2019-08-01,1.9,1.73,2.44
2019-08-02,1.86,1.72,2.39
2019-08-05,1.75,1.59,2.3
2019-08-06,1.73,1.6,2.25
2019-08-07,1.71,1.59,2.22
2019-08-08,1.72,1.62,2.25
2019-08-09,1.74,1.63,2.26
2019-08-12,1.65,1.58,2.14
2019-08-13,1.68,1.66,2.15
2019-08-14,1.59,1.58,2.03
2019-08-15,1.52,1.48,1.98
2019-08-16,1.55,1.48,2.01
2019-08-19,1.6,1.53,2.08
2019-08-20,1.55,1.5,2.04
2019-08-21,1.59,1.56,2.07
2019-08-22,1.62,1.61,2.11
2019-08-23,1.52,1.51,2.02
2019-08-26,1.54,1.54,2.04
2019-08-27,1.49,1.53,1.97
2019-08-28,1.47,1.5,1.94
2019-08-29,1.5,1.53,1.97
2019-08-30,1.5,1.5,1.96
2019-09-02,nan,nan,nan
2019-09-03,1.47,1.47,1.95
2019-09-04,1.47,1.43,1.97
2019-09-05,1.57,1.55,2.06
2019-09-06,1.55,1.53,2.02
2019-09-09,1.63,1.58,2.11
2019-09-10,1.72,1.67,2.19
2019-09-11,1.75,1.68,2.22
2019-09-12,1.79,1.72,2.22
2019-09-13,1.9,1.79,2.37
2019-09-16,1.84,1.74,2.31
2019-09-17,1.81,1.72,2.27
2019-09-18,1.8,1.77,2.25
2019-09-19,1.79,1.74,2.22
2019-09-20,1.74,1.69,2.17
2019-09-23,1.72,1.68,2.16
2019-09-24,1.64,1.6,2.09
2019-09-25,1.73,1.68,2.18
2019-09-26,1.7,1.66,2.15
2019-09-27,1.69,1.63,2.13
2019-09-29,nan,nan,nan
2019-09-30,1.68,1.63,2.12
2019-10-01,1.65,1.56,2.11
2019-10-02,1.6,1.48,2.09
2019-10-03,1.54,1.39,2.04
2019-10-04,1.52,1.4,2.01
2019-10-07,1.56,1.46,2.05
2019-10-08,1.54,1.42,2.04
2019-10-09,1.59,1.47,2.08
2019-10-10,1.67,1.53,2.16
2019-10-11,1.76,1.63,2.22
2019-10-12,nan,nan,nan
2019-10-14,nan,nan,nan
2019-10-15,1.77,1.61,2.23
2019-10-16,1.75,1.58,2.23
2019-10-17,1.76,1.6,2.24
2019-10-18,1.76,1.58,2.25
2019-10-21,1.8,1.62,2.28
2019-10-22,1.78,1.6,2.26
2019-10-23,1.77,1.58,2.25
2019-10-24,1.77,1.58,2.26
2019-10-25,1.8,1.63,2.29
2019-10-28,1.85,1.64,2.34
2019-10-29,1.84,1.64,2.33
2019-10-30,1.78,1.61,2.26
2019-10-31,1.69,1.52,2.17
2019-11-01,1.73,1.56,2.21
2019-11-04,1.79,1.6,2.27
2019-11-05,1.86,1.63,2.34
2019-11-06,1.81,1.61,2.3
2019-11-07,1.92,1.68,2.4
2019-11-08,1.94,1.68,2.43
2019-11-11,nan,nan,nan
2019-11-12,1.92,1.66,2.39
2019-11-13,1.88,1.63,2.36
2019-11-14,1.82,1.58,2.31
2019-11-15,1.84,1.61,2.31
2019-11-18,1.81,1.6,2.3
2019-11-19,1.79,1.6,2.26
2019-11-20,1.73,1.56,2.2
2019-11-21,1.77,1.6,2.24
2019-11-22,1.77,1.61,2.22
2019-11-25,1.76,1.61,2.21
2019-11-26,1.74,1.58,2.18
2019-11-27,1.77,1.63,2.19
2019-11-28,nan,nan,nan
2019-11-29,1.78,1.61,2.21
2019-12-02,1.83,1.61,2.28
2019-12-03,1.72,1.53,2.17
2019-12-04,1.77,1.58,2.22
2019-12-05,1.8,1.58,2.24
2019-12-06,1.84,1.61,2.29
2019-12-09,1.83,1.63,2.27
2019-12-10,1.85,1.65,2.26
2019-12-11,1.79,1.61,2.23
2019-12-12,1.9,1.66,2.32
2019-12-13,1.82,1.61,2.26
2019-12-16,1.89,1.65,2.3
2019-12-17,1.89,1.63,2.31
2019-12-18,1.92,1.63,2.35
2019-12-19,1.92,1.62,2.35
2019-12-20,1.92,1.63,2.34
2019-12-23,1.93,1.64,2.35
2019-12-24,1.9,1.62,2.33
2019-12-25,nan,nan,nan
2019-12-26,1.9,1.64,2.33
2019-12-27,1.88,1.59,2.32
2019-12-30,1.9,1.58,2.34
2019-12-31,1.92,1.58,2.39
2020-01-02,1.88,1.58,2.33
2020-01-03,1.8,1.53,2.26
2020-01-06,1.81,1.54,2.28
2020-01-07,1.83,1.54,2.31
2020-01-08,1.87,1.58,2.35
2020-01-09,1.85,1.58,2.38
2020-01-10,1.83,1.56,2.28
2020-01-13,1.85,1.58,2.3
2020-01-14,1.82,1.58,2.27
2020-01-15,1.79,1.56,2.23
2020-01-16,1.81,1.58,2.26
2020-01-17,1.84,1.58,2.29
2020-01-19,nan,nan,nan
2020-01-20,nan,nan,nan
2020-01-21,1.78,1.53,2.23
2020-01-22,1.77,1.53,2.22
2020-01-23,1.74,1.51,2.18
2020-01-24,1.7,1.49,2.14
2020-01-27,1.61,1.44,2.05
2020-01-28,1.65,1.45,2.1
2020-01-29,1.6,1.42,2.05
2020-01-30,1.57,1.41,2.04
2020-01-31,1.51,1.33,1.99
2020-02-03,1.54,1.36,2.01
2020-02-04,1.61,1.41,2.08
2020-02-05,1.66,1.44,2.14
2020-02-06,1.65,1.44,2.11
2020-02-07,1.59,1.41,2.05
2020-02-10,1.56,1.37,2.03
2020-02-11,1.59,1.41,2.05
2020-02-12,1.62,1.44,2.09
2020-02-13,1.61,1.44,2.07
2020-02-14,1.59,1.42,2.04
2020-02-17,nan,nan,nan
2020-02-18,1.55,1.41,2.0
2020-02-19,1.56,1.42,2.01
2020-02-20,1.52,1.39,1.97
2020-02-21,1.46,1.34,1.9
2020-02-24,1.38,1.26,1.84
2020-02-25,1.33,1.2,1.8
2020-02-26,1.33,1.16,1.81
2020-02-27,1.3,1.11,1.79
2020-02-28,1.13,0.86,1.65
2020-03-02,1.1,0.84,1.66
2020-03-03,1.02,0.71,1.64
2020-03-04,1.02,0.67,1.67
2020-03-05,0.92,0.59,1.56
2020-03-06,0.74,0.49,1.25
2020-03-09,0.54,0.38,0.99
2020-03-10,0.76,0.5,1.28
2020-03-11,0.82,0.5,1.3
2020-03-12,0.88,0.5,1.49
2020-03-13,0.94,0.49,1.56
2020-03-16,0.73,0.36,1.34
2020-03-17,1.02,0.47,1.63
2020-03-18,1.18,0.54,1.77
2020-03-19,1.12,0.44,1.78
2020-03-20,0.92,0.37,1.55
2020-03-23,0.76,0.28,1.33
2020-03-24,0.84,0.38,1.39
2020-03-25,0.88,0.34,1.45
2020-03-26,0.83,0.3,1.42
2020-03-27,0.72,0.25,1.29
2020-03-30,0.7,0.23,1.31
2020-03-31,0.7,0.23,1.35
2020-04-01,0.62,0.23,1.27
2020-04-02,0.63,0.23,1.26
2020-04-03,0.62,0.23,1.24
2020-04-06,0.67,0.27,1.27
2020-04-07,0.75,0.28,1.32
2020-04-08,0.77,0.27,1.37
2020-04-09,0.73,0.23,1.35
2020-04-10,nan,nan,nan
2020-04-13,0.76,0.25,1.39
2020-04-14,0.76,0.23,1.41
2020-04-15,0.63,0.2,1.27
2020-04-16,0.61,0.2,1.21
2020-04-17,0.65,0.2,1.27
2020-04-20,0.63,0.2,1.23
2020-04-21,0.58,0.2,1.17
2020-04-22,0.63,0.22,1.22
2020-04-23,0.61,0.22,1.18
2020-04-24,0.6,0.22,1.17
2020-04-26,nan,nan,nan
2020-04-27,0.67,0.24,1.25
2020-04-28,0.62,0.2,1.2
2020-04-29,0.63,0.2,1.24
2020-04-30,0.64,0.2,1.28
2020-05-01,0.64,0.2,1.27
2020-05-04,0.64,0.19,1.29
2020-05-05,0.66,0.19,1.32
2020-05-06,0.72,0.17,1.41
2020-05-07,0.63,0.13,1.31
2020-05-08,0.69,0.16,1.39
2020-05-09,nan,nan,nan
2020-05-11,0.73,0.17,1.43
2020-05-12,0.69,0.17,1.38
2020-05-13,0.64,0.16,1.35
2020-05-14,0.63,0.16,1.3
2020-05-15,0.64,0.16,1.32
2020-05-18,0.73,0.18,1.44
2020-05-19,0.7,0.17,1.43
2020-05-20,0.68,0.16,1.4
2020-05-21,0.68,0.17,1.4
2020-05-22,0.66,0.17,1.37
2020-05-25,nan,nan,nan
2020-05-26,0.69,0.18,1.43
2020-05-27,0.68,0.19,1.44
2020-05-28,0.7,0.17,1.47
2020-05-29,0.65,0.16,1.41
2020-06-01,0.66,0.14,1.46
2020-06-02,0.68,0.17,1.48
2020-06-03,0.77,0.19,1.56
2020-06-04,0.82,0.19,1.61
2020-06-05,0.91,0.22,1.68
2020-06-08,0.88,0.22,1.65
2020-06-09,0.84,0.2,1.59
2020-06-10,0.75,0.17,1.53
2020-06-11,0.66,0.19,1.41
2020-06-12,0.71,0.19,1.45
2020-06-15,0.71,0.19,1.45
2020-06-16,0.75,0.21,1.54
2020-06-17,0.74,0.19,1.52
2020-06-18,0.71,0.19,1.47
2020-06-19,0.7,0.19,1.47
2020-06-22,0.71,0.19,1.46
2020-06-23,0.72,0.18,1.49
2020-06-24,0.69,0.19,1.44
2020-06-25,0.68,0.17,1.43
2020-06-26,0.64,0.17,1.37
2020-06-28,nan,nan,nan
2020-06-29,0.64,0.16,1.39
2020-06-30,0.66,0.16,1.41
2020-07-01,0.69,0.17,1.43
2020-07-02,0.68,0.16,1.43
2020-07-03,nan,nan,nan
2020-07-06,0.69,0.16,1.45
2020-07-07,0.65,0.16,1.38
2020-07-08,0.67,0.16,1.39
2020-07-09,0.62,0.16,1.32
2020-07-10,0.65,0.16,1.33
2020-07-13,0.64,0.16,1.33
2020-07-14,0.63,0.14,1.3
2020-07-15,0.64,0.16,1.33
2020-07-16,0.62,0.16,1.31
2020-07-17,0.64,0.14,1.33
2020-07-20,0.62,0.16,1.32
2020-07-21,0.61,0.14,1.31
2020-07-22,0.6,0.14,1.29
2020-07-23,0.59,0.16,1.24
2020-07-24,0.59,0.14,1.23
2020-07-27,0.62,0.15,1.25
2020-07-28,0.59,0.14,1.22
2020-07-29,0.58,0.12,1.24
2020-07-30,0.55,0.11,1.2
2020-07-31,0.55,0.11,1.2
2020-08-03,0.56,0.11,1.23
2020-08-04,0.52,0.11,1.19
2020-08-05,0.55,0.11,1.22
2020-08-06,0.55,0.11,1.2
2020-08-07,0.57,0.13,1.23
2020-08-10,0.59,0.14,1.25
2020-08-11,0.64,0.16,1.32
2020-08-12,0.69,0.16,1.37
2020-08-13,0.71,0.16,1.42
2020-08-14,0.71,0.14,1.45
2020-08-17,0.69,0.14,1.43
2020-08-18,0.67,0.14,1.4
2020-08-19,0.68,0.14,1.42
2020-08-20,0.65,0.13,1.38
2020-08-21,0.64,0.16,1.35
2020-08-24,0.65,0.14,1.35
2020-08-25,0.69,0.15,1.39
2020-08-26,0.69,0.16,1.41
2020-08-27,0.74,0.16,1.5
2020-08-28,0.74,0.14,1.52
2020-08-31,0.72,0.14,1.49
2020-09-01,0.68,0.13,1.43
2020-09-02,0.66,0.14,1.38
2020-09-03,0.63,0.13,1.34
2020-09-04,0.72,0.14,1.46
2020-09-07,nan,nan,nan
2020-09-08,0.69,0.14,1.43
2020-09-09,0.71,0.14,1.45
2020-09-10,0.68,0.14,1.43
2020-09-11,0.67,0.13,1.42
2020-09-14,0.68,0.14,1.42
2020-09-15,0.68,0.14,1.43
2020-09-16,0.69,0.14,1.45
2020-09-17,0.69,0.13,1.43
2020-09-18,0.7,0.14,1.45
2020-09-21,0.68,0.14,1.43
2020-09-22,0.68,0.13,1.42
2020-09-23,0.68,0.14,1.42
2020-09-24,0.67,0.14,1.4
2020-09-25,0.66,0.12,1.4
2020-09-27,nan,nan,nan
2020-09-28,0.67,0.14,1.42
2020-09-29,0.66,0.11,1.41
2020-09-30,0.69,0.13,1.46
2020-10-01,0.68,0.14,1.45
2020-10-02,0.7,0.13,1.48
2020-10-05,0.78,0.14,1.57
2020-10-06,0.76,0.14,1.56
2020-10-07,0.81,0.16,1.6
2020-10-08,0.78,0.13,1.57
2020-10-09,0.79,0.16,1.58
2020-10-10,nan,nan,nan
2020-10-12,nan,nan,nan
2020-10-13,0.74,0.16,1.52
2020-10-14,0.73,0.14,1.5
2020-10-15,0.74,0.14,1.52
2020-10-16,0.76,0.14,1.52
2020-10-19,0.78,0.16,1.55
2020-10-20,0.81,0.14,1.6
2020-10-21,0.83,0.14,1.62
2020-10-22,0.87,0.16,1.67
2020-10-23,0.85,0.18,1.64
2020-10-26,0.81,0.16,1.59
2020-10-27,0.79,0.16,1.57
2020-10-28,0.79,0.16,1.56
2020-10-29,0.85,0.16,1.62
2020-10-30,0.88,0.14,1.65
2020-11-02,0.87,0.16,1.63
2020-11-03,0.9,0.17,1.66
2020-11-04,0.78,0.14,1.55
2020-11-05,0.79,0.14,1.54
2020-11-06,0.83,0.16,1.6
2020-11-09,0.96,0.17,1.73
2020-11-10,0.98,0.19,1.75
2020-11-11,nan,nan,nan
2020-11-12,0.88,0.17,1.64
2020-11-13,0.89,0.17,1.65
2020-11-16,0.91,0.19,1.66
2020-11-17,0.87,0.18,1.62
2020-11-18,0.88,0.16,1.62
2020-11-19,0.86,0.18,1.58
2020-11-20,0.83,0.16,1.53
2020-11-23,0.86,0.16,1.56
2020-11-24,0.88,0.16,1.6
2020-11-25,0.88,0.17,1.62
2020-11-26,nan,nan,nan
2020-11-27,0.84,0.16,1.57
2020-11-30,0.84,0.16,1.58
2020-12-01,0.92,0.17,1.66
2020-12-02,0.95,0.16,1.7
2020-12-03,0.92,0.16,1.67
2020-12-04,0.97,0.16,1.73
2020-12-07,0.94,0.14,1.69
2020-12-08,0.92,0.14,1.67
2020-12-09,0.95,0.16,1.69
2020-12-10,0.92,0.14,1.65
2020-12-11,0.9,0.11,1.63
2020-12-14,0.9,0.13,1.63
2020-12-15,0.92,0.11,1.65
2020-12-16,0.92,0.13,1.66
2020-12-17,0.94,0.13,1.68
2020-12-18,0.95,0.13,1.7
2020-12-21,0.95,0.13,1.68
2020-12-22,0.93,0.13,1.65
2020-12-23,0.96,0.13,1.7
2020-12-24,0.94,0.13,1.66
2020-12-25,nan,nan,nan
2020-12-28,0.94,0.13,1.67
2020-12-29,0.94,0.12,1.67
2020-12-30,0.93,0.12,1.66
2020-12-31,0.93,0.13,1.65
2021-01-04,0.93,0.11,1.66
2021-01-05,0.96,0.13,1.7
2021-01-06,1.04,0.14,1.81
2021-01-07,1.08,0.14,1.85
2021-01-08,1.13,0.14,1.87
2021-01-11,1.15,0.14,1.88
2021-01-12,1.15,0.14,1.88
2021-01-13,1.1,0.14,1.82
2021-01-14,1.15,0.16,1.88
2021-01-15,1.11,0.13,1.85
2021-01-18,nan,nan,nan
2021-01-19,1.1,0.14,1.84
2021-01-20,1.1,0.13,1.84
2021-01-21,1.12,0.13,1.87
2021-01-22,1.1,0.13,1.85
2021-01-25,1.05,0.13,1.8
2021-01-26,1.05,0.11,1.8
2021-01-27,1.04,0.12,1.79
2021-01-28,1.07,0.12,1.81
2021-01-29,1.11,0.11,1.87
2021-02-01,1.09,0.11,1.84
2021-02-02,1.12,0.11,1.87
2021-02-03,1.15,0.11,1.92
2021-02-04,1.15,0.11,1.93
2021-02-05,1.19,0.09,1.97
2021-02-07,nan,nan,nan
2021-02-08,1.19,0.11,1.96
2021-02-09,1.18,0.11,1.95
2021-02-10,1.15,0.11,1.92
2021-02-11,1.16,0.11,1.94
2021-02-12,1.2,0.11,2.01
2021-02-16,1.3,0.13,2.08
2021-02-17,1.29,0.11,2.06
2021-02-18,1.29,0.11,2.08
2021-02-19,1.34,0.11,2.14
2021-02-20,nan,nan,nan
2021-02-22,1.37,0.11,2.19
2021-02-23,1.37,0.11,2.21
2021-02-24,1.38,0.12,2.24
2021-02-25,1.54,0.17,2.33
2021-02-26,1.44,0.14,2.17
2021-03-01,1.45,0.13,2.23
2021-03-02,1.42,0.13,2.21
2021-03-03,1.47,0.14,2.25
2021-03-04,1.54,0.14,2.3
2021-03-05,1.56,0.14,2.28
2021-03-08,1.59,0.17,2.31
2021-03-09,1.55,0.17,2.26
2021-03-10,1.53,0.16,2.24
2021-03-11,1.54,0.14,2.29
2021-03-12,1.64,0.14,2.4
2021-03-15,1.62,0.14,2.37
2021-03-16,1.62,0.15,2.38
2021-03-17,1.63,0.13,2.42
2021-03-18,1.71,0.16,2.45
2021-03-19,1.74,0.16,2.45
2021-03-22,1.69,0.15,2.38
2021-03-23,1.63,0.15,2.34
2021-03-24,1.62,0.14,2.31
2021-03-25,1.63,0.14,2.34
2021-03-26,1.67,0.14,2.37
2021-03-29,1.73,0.14,2.43
2021-03-30,1.73,0.16,2.38
2021-03-31,1.74,0.16,2.41
2021-04-01,1.69,0.17,2.34
2021-04-02,1.72,0.19,2.35
2021-04-05,1.73,0.17,2.36
2021-04-06,1.67,0.16,2.32
2021-04-07,1.68,0.16,2.35
2021-04-08,1.64,0.14,2.32
2021-04-09,1.67,0.16,2.34
2021-04-12,1.69,0.18,2.34
2021-04-13,1.64,0.16,2.32
2021-04-14,1.64,0.16,2.32
2021-04-15,1.56,0.16,2.23
2021-04-16,1.59,0.16,2.26
2021-04-19,1.61,0.16,2.29
2021-04-20,1.58,0.15,2.27
2021-04-21,1.57,0.15,2.26
2021-04-22,1.57,0.16,2.24
2021-04-23,1.58,0.16,2.25
2021-04-25,nan,nan,nan
2021-04-26,1.58,0.18,2.24
2021-04-27,1.63,0.17,2.29
2021-04-28,1.63,0.17,2.29
2021-04-29,1.65,0.16,2.31
2021-04-30,1.65,0.16,2.3
2021-05-03,1.63,0.16,2.3
2021-05-04,1.61,0.16,2.27
2021-05-05,1.59,0.16,2.25
2021-05-06,1.58,0.16,2.24
2021-05-07,1.6,0.14,2.28
2021-05-08,nan,nan,nan
2021-05-10,1.63,0.16,2.32
2021-05-11,1.64,0.16,2.35
2021-05-12,1.69,0.16,2.4
2021-05-13,1.66,0.16,2.39
2021-05-14,1.63,0.16,2.35
2021-05-17,1.64,0.16,2.36
2021-05-18,1.64,0.16,2.37
2021-05-19,1.68,0.16,2.38
2021-05-20,1.63,0.15,2.34
2021-05-21,1.63,0.17,2.33
2021-05-24,1.61,0.15,2.31
2021-05-25,1.56,0.15,2.26
2021-05-26,1.58,0.14,2.27
2021-05-27,1.61,0.14,2.29
2021-05-28,1.58,0.14,2.26
2021-05-31,nan,nan,nan
2021-06-01,1.62,0.16,2.3
2021-06-02,1.59,0.13,2.28
2021-06-03,1.63,0.16,2.3
2021-06-04,1.56,0.14,2.24
2021-06-07,1.57,0.16,2.25
2021-06-08,1.53,0.14,2.21
2021-06-09,1.5,0.16,2.17
2021-06-10,1.45,0.14,2.15
2021-06-11,1.47,0.16,2.15
2021-06-14,1.51,0.16,2.19
2021-06-15,1.51,0.16,2.2
2021-06-16,1.57,0.21,2.2
2021-06-17,1.52,0.23,2.11
2021-06-18,1.45,0.26,2.01
2021-06-21,1.5,0.27,2.11
2021-06-22,1.48,0.25,2.1
2021-06-23,1.5,0.26,2.11
2021-06-24,1.49,0.26,2.1
2021-06-25,1.54,0.28,2.16
2021-06-28,1.49,0.25,2.1
2021-06-29,1.49,0.27,2.1
2021-06-30,1.45,0.25,2.06
2021-07-01,1.48,0.25,2.07
2021-07-02,1.44,0.24,2.05
2021-07-05,nan,nan,nan
2021-07-06,1.37,0.22,2.0
2021-07-07,1.33,0.22,1.94
2021-07-08,1.3,0.19,1.91
2021-07-09,1.37,0.23,1.99
2021-07-12,1.38,0.23,2.0
2021-07-13,1.42,0.26,2.04
2021-07-14,1.37,0.23,1.98
2021-07-15,1.31,0.23,1.92
2021-07-16,1.31,0.25,1.93
2021-07-19,1.19,0.21,1.81
2021-07-20,1.23,0.2,1.88
2021-07-21,1.3,0.22,1.94
2021-07-22,1.27,0.2,1.9
2021-07-23,1.3,0.22,1.92
2021-07-26,1.29,0.22,1.93
2021-07-27,1.25,0.2,1.89
2021-07-28,1.26,0.2,1.9
2021-07-29,1.28,0.2,1.91
2021-07-30,1.24,0.19,1.89
2021-08-02,1.2,0.17,1.86
2021-08-03,1.19,0.17,1.85
2021-08-04,1.19,0.17,1.83
2021-08-05,1.23,0.21,1.86
2021-08-06,1.31,0.21,1.94
2021-08-09,1.33,0.23,1.96
2021-08-10,1.36,0.24,1.99
2021-08-11,1.35,0.23,1.99
2021-08-12,1.36,0.23,2.03
2021-08-13,1.29,0.23,1.94
2021-08-16,1.26,0.21,1.92
2021-08-17,1.26,0.23,1.92
2021-08-18,1.27,0.23,1.91
2021-08-19,1.24,0.22,1.88
2021-08-20,1.26,0.23,1.87
2021-08-23,1.25,0.23,1.87
2021-08-24,1.29,0.24,1.91
2021-08-25,1.35,0.23,1.96
2021-08-26,1.34,0.25,1.94
2021-08-27,1.31,0.22,1.91
2021-08-30,1.29,0.2,1.9
2021-08-31,1.3,0.2,1.92
2021-09-01,1.31,0.2,1.92
2021-09-02,1.29,0.2,1.9
2021-09-03,1.33,0.21,1.94
2021-09-06,nan,nan,nan
2021-09-07,1.38,0.22,1.99
2021-09-08,1.35,0.22,1.95
2021-09-09,1.3,0.23,1.9
2021-09-10,1.35,0.23,1.94
2021-09-13,1.33,0.21,1.91
2021-09-14,1.28,0.21,1.85
2021-09-15,1.31,0.21,1.87
2021-09-16,1.34,0.23,1.88
2021-09-17,1.37,0.23,1.91
2021-09-18,nan,nan,nan
2021-09-20,1.31,0.23,1.85
2021-09-21,1.33,0.22,1.86
2021-09-22,1.32,0.25,1.84
2021-09-23,1.41,0.27,1.92
2021-09-24,1.47,0.29,1.99
2021-09-26,nan,nan,nan
2021-09-27,1.48,0.31,1.99
2021-09-28,1.54,0.31,2.07
2021-09-29,1.55,0.3,2.09
2021-09-30,1.52,0.28,2.08
2021-10-01,1.48,0.27,2.04
2021-10-04,1.49,0.27,2.05
2021-10-05,1.54,0.28,2.1
2021-10-06,1.53,0.3,2.08
2021-10-07,1.58,0.32,2.13
2021-10-08,1.61,0.32,2.16
2021-10-09,nan,nan,nan
2021-10-11,nan,nan,nan
2021-10-12,1.59,0.35,2.1
2021-10-13,1.56,0.37,2.05
2021-10-14,1.52,0.36,2.02
2021-10-15,1.59,0.41,2.05
2021-10-18,1.59,0.44,2.01
2021-10-19,1.65,0.41,2.09
2021-10-20,1.65,0.4,2.12
2021-10-21,1.68,0.45,2.13
2021-10-22,1.66,0.48,2.08
2021-10-25,1.64,0.47,2.09
2021-10-26,1.63,0.47,2.05
2021-10-27,1.54,0.5,1.95
2021-10-28,1.57,0.5,1.96
2021-10-29,1.55,0.48,1.93
2021-11-01,1.58,0.5,1.98
2021-11-02,1.56,0.46,1.96
2021-11-03,1.6,0.47,2.0
2021-11-04,1.53,0.41,1.96
2021-11-05,1.45,0.39,1.87
2021-11-08,1.51,0.45,1.89
2021-11-09,1.46,0.41,1.83
2021-11-10,1.56,0.51,1.92
2021-11-11,nan,nan,nan
2021-11-12,1.58,0.53,1.95
2021-11-15,1.63,0.53,2.01
2021-11-16,1.63,0.54,2.02
2021-11-17,1.6,0.52,2.0
2021-11-18,1.59,0.52,1.97
2021-11-19,1.54,0.52,1.91
2021-11-22,1.63,0.63,1.98
2021-11-23,1.67,0.6,2.02
2021-11-24,1.64,0.64,1.96
2021-11-25,nan,nan,nan
2021-11-26,1.48,0.5,1.83
2021-11-29,1.52,0.51,1.87
2021-11-30,1.43,0.52,1.78
2021-12-01,1.43,0.56,1.77
2021-12-02,1.44,0.63,1.76
2021-12-03,1.35,0.6,1.69
2021-12-06,1.43,0.65,1.75
2021-12-07,1.48,0.7,1.8
2021-12-08,1.52,0.68,1.87
2021-12-09,1.49,0.7,1.87
2021-12-10,1.48,0.67,1.88
2021-12-13,1.42,0.66,1.81
2021-12-14,1.44,0.67,1.82
2021-12-15,1.47,0.69,1.86
2021-12-16,1.44,0.64,1.87
2021-12-17,1.41,0.66,1.82
2021-12-20,1.43,0.65,1.85
2021-12-21,1.48,0.7,1.89
2021-12-22,1.46,0.68,1.86
2021-12-23,1.5,0.71,1.91
2021-12-24,nan,nan,nan
2021-12-27,1.48,0.76,1.88
2021-12-28,1.49,0.74,1.9
2021-12-29,1.55,0.75,1.96
2021-12-30,1.52,0.73,1.93
2021-12-31,1.52,0.73,1.9
2022-01-03,1.63,0.78,2.01
2022-01-04,1.66,0.77,2.07
2022-01-05,1.71,0.83,2.09
2022-01-06,1.73,0.88,2.09
2022-01-07,1.76,0.87,2.11
2022-01-10,1.78,0.92,2.11
2022-01-11,1.75,0.9,2.08
2022-01-12,1.74,0.92,2.08
2022-01-13,1.7,0.91,2.05
2022-01-14,1.78,0.99,2.12
2022-01-17,nan,nan,nan
2022-01-18,1.87,1.06,2.18
2022-01-19,1.83,1.04,2.14
2022-01-20,1.83,1.08,2.14
2022-01-21,1.75,1.01,2.07
2022-01-24,1.75,0.99,2.1
2022-01-25,1.78,1.02,2.12
2022-01-26,1.85,1.13,2.16
2022-01-27,1.81,1.18,2.09
2022-01-28,1.78,1.15,2.07
2022-01-29,nan,nan,nan
2022-01-30,nan,nan,nan
2022-01-31,1.79,1.18,2.11
2022-02-01,1.81,1.18,2.12
2022-02-02,1.78,1.16,2.11
2022-02-03,1.82,1.19,2.14
2022-02-04,1.93,1.31,2.23
2022-02-07,1.92,1.3,2.22
2022-02-08,1.96,1.35,2.25
2022-02-09,1.94,1.36,2.25
2022-02-10,2.03,1.61,2.3
2022-02-11,1.92,1.5,2.24
2022-02-14,1.98,1.58,2.29
2022-02-15,2.05,1.58,2.37
2022-02-16,2.03,1.52,2.34
2022-02-17,1.97,1.49,2.31
2022-02-18,1.92,1.47,2.24
2022-02-21,nan,nan,nan
2022-02-22,1.94,1.56,2.24
2022-02-23,1.99,1.58,2.29
2022-02-24,1.96,1.54,2.28
2022-02-25,1.97,1.55,2.29
2022-02-28,1.83,1.44,2.17
2022-03-01,1.72,1.31,2.11
2022-03-02,1.86,1.5,2.24
2022-03-03,1.86,1.53,2.24
2022-03-04,1.74,1.5,2.16
2022-03-07,1.78,1.55,2.19
2022-03-08,1.86,1.63,2.24
2022-03-09,1.94,1.68,2.29
2022-03-10,1.98,1.72,2.38
2022-03-11,2.0,1.75,2.36
2022-03-14,2.14,1.87,2.47
2022-03-15,2.15,1.85,2.49
2022-03-16,2.19,1.95,2.46
2022-03-17,2.2,1.94,2.5
2022-03-18,2.14,1.97,2.43
2022-03-21,2.32,2.14,2.55
2022-03-22,2.38,2.18,2.6
2022-03-23,2.32,2.13,2.52
2022-03-24,2.34,2.13,2.51
2022-03-25,2.48,2.3,2.6
2022-03-28,2.46,2.35,2.57
2022-03-29,2.41,2.35,2.53
2022-03-30,2.35,2.31,2.48
2022-03-31,2.32,2.28,2.44
2022-04-01,2.39,2.44,2.44
2022-04-02,nan,nan,nan
2022-04-04,2.42,2.43,2.48
2022-04-05,2.54,2.51,2.57
2022-04-06,2.61,2.5,2.63
2022-04-07,2.66,2.47,2.69
2022-04-08,2.72,2.53,2.76
2022-04-11,2.79,2.5,2.84
2022-04-12,2.72,2.39,2.82
2022-04-13,2.7,2.37,2.81
2022-04-14,2.83,2.47,2.92
2022-04-15,nan,nan,nan
2022-04-18,2.85,2.46,2.95
2022-04-19,2.93,2.61,3.01
2022-04-20,2.85,2.6,2.9
2022-04-21,2.9,2.68,2.94
2022-04-22,2.9,2.72,2.95
2022-04-24,nan,nan,nan
2022-04-25,2.81,2.63,2.88
2022-04-26,2.77,2.54,2.86
2022-04-27,2.82,2.58,2.91
2022-04-28,2.85,2.63,2.92
2022-04-29,2.89,2.7,2.96
2022-05-02,2.99,2.73,3.07
2022-05-03,2.97,2.78,3.03
2022-05-04,2.93,2.66,3.01
2022-05-05,3.05,2.71,3.15
2022-05-06,3.12,2.72,3.23
2022-05-07,nan,nan,nan
2022-05-09,3.05,2.61,3.19
2022-05-10,2.99,2.62,3.12
2022-05-11,2.91,2.66,3.05
2022-05-12,2.84,2.56,3.0
2022-05-13,2.93,2.61,3.1
2022-05-16,2.88,2.58,3.09
2022-05-17,2.98,2.71,3.17
2022-05-18,2.89,2.68,3.07
2022-05-19,2.84,2.63,3.05
2022-05-20,2.78,2.6,2.99
2022-05-23,2.86,2.65,3.08
2022-05-24,2.76,2.5,2.98
2022-05-25,2.75,2.48,2.97
2022-05-26,2.75,2.46,2.99
2022-05-27,2.74,2.47,2.97
2022-05-30,nan,nan,nan
2022-05-31,2.85,2.53,3.07
2022-06-01,2.94,2.66,3.09
2022-06-02,2.92,2.65,3.09
2022-06-03,2.96,2.66,3.11
2022-06-06,3.04,2.73,3.19
2022-06-07,2.98,2.75,3.13
2022-06-08,3.03,2.78,3.18
2022-06-09,3.04,2.83,3.18
2022-06-10,3.15,3.06,3.2
2022-06-13,3.43,3.4,3.42
2022-06-14,3.49,3.45,3.45
2022-06-15,3.33,3.2,3.39
2022-06-16,3.28,3.14,3.35
2022-06-17,3.25,3.17,3.3
2022-06-20,nan,nan,nan
2022-06-21,3.31,3.21,3.39
2022-06-22,3.16,3.06,3.25
2022-06-23,3.09,3.01,3.21
2022-06-24,3.13,3.04,3.26
2022-06-27,3.2,3.08,3.31
2022-06-28,3.2,3.1,3.3
2022-06-29,3.1,3.06,3.22
2022-06-30,2.98,2.92,3.14
2022-07-01,2.88,2.84,3.11
2022-07-04,nan,nan,nan
2022-07-05,2.82,2.82,3.05
2022-07-06,2.93,2.97,3.14
2022-07-07,3.01,3.03,3.2
2022-07-08,3.09,3.12,3.27
2022-07-11,2.99,3.07,3.18
2022-07-12,2.96,3.03,3.13
2022-07-13,2.91,3.13,3.08
2022-07-14,2.96,3.15,3.11
2022-07-15,2.93,3.13,3.1
2022-07-18,2.96,3.15,3.14
2022-07-19,3.01,3.23,3.17
2022-07-20,3.04,3.25,3.17
2022-07-21,2.91,3.1,3.08
2022-07-22,2.77,2.98,3.0
2022-07-25,2.81,3.0,3.04
2022-07-26,2.81,3.02,3.03
2022-07-27,2.78,2.96,3.03
2022-07-28,2.68,2.85,3.02
2022-07-29,2.67,2.89,3.0
2022-08-01,2.6,2.9,2.92
2022-08-02,2.75,3.06,3.0
2022-08-03,2.73,3.1,2.96
2022-08-04,2.68,3.03,2.97
2022-08-05,2.83,3.24,3.06
2022-08-08,2.77,3.21,3.0
2022-08-09,2.8,3.28,3.01
2022-08-10,2.78,3.23,3.04
2022-08-11,2.87,3.23,3.15
2022-08-12,2.84,3.25,3.12
2022-08-15,2.79,3.2,3.1
2022-08-16,2.82,3.25,3.11
2022-08-17,2.89,3.28,3.15
2022-08-18,2.88,3.22,3.14
2022-08-19,2.98,3.25,3.22
2022-08-22,3.03,3.32,3.24
2022-08-23,3.05,3.29,3.26
2022-08-24,3.11,3.36,3.32
2022-08-25,3.03,3.35,3.25
2022-08-26,3.04,3.37,3.21
2022-08-29,3.12,3.42,3.25
2022-08-30,3.11,3.46,3.23
2022-08-31,3.15,3.45,3.27
2022-09-01,3.26,3.51,3.37
2022-09-02,3.2,3.4,3.35
2022-09-05,nan,nan,nan
2022-09-06,3.33,3.5,3.49
2022-09-07,3.27,3.45,3.42
2022-09-08,3.29,3.48,3.45
2022-09-09,3.33,3.56,3.47
2022-09-12,3.37,3.58,3.53
2022-09-13,3.42,3.75,3.51
2022-09-14,3.41,3.78,3.47
2022-09-15,3.45,3.87,3.48
2022-09-16,3.45,3.85,3.52
2022-09-19,3.49,3.95,3.52
2022-09-20,3.57,3.96,3.59
2022-09-21,3.51,4.02,3.5
2022-09-22,3.7,4.11,3.65
2022-09-23,3.69,4.2,3.61
2022-09-26,3.88,4.27,3.72
2022-09-27,3.97,4.3,3.87
2022-09-28,3.72,4.07,3.7
2022-09-29,3.76,4.16,3.71
2022-09-30,3.83,4.22,3.79
2022-10-03,3.67,4.12,3.73
2022-10-04,3.62,4.1,3.7
2022-10-05,3.76,4.15,3.78
2022-10-06,3.83,4.23,3.81
2022-10-07,3.89,4.3,3.86
2022-10-08,nan,nan,nan
2022-10-09,nan,nan,nan
2022-10-10,nan,nan,nan
2022-10-11,3.93,4.3,3.92
2022-10-12,3.91,4.28,3.9
2022-10-13,3.97,4.47,3.97
2022-10-14,4.0,4.48,3.99
2022-10-17,4.02,4.45,4.04
2022-10-18,4.01,4.43,4.04
2022-10-19,4.14,4.55,4.15
2022-10-20,4.24,4.62,4.24
2022-10-21,4.21,4.49,4.33
2022-10-24,4.25,4.5,4.4
2022-10-25,4.1,4.42,4.26
2022-10-26,4.04,4.39,4.19
2022-10-27,3.96,4.3,4.12
2022-10-28,4.02,4.41,4.15
2022-10-31,4.1,4.51,4.22
2022-11-01,4.07,4.54,4.14
2022-11-02,4.1,4.61,4.15
2022-11-03,4.14,4.71,4.18
2022-11-04,4.17,4.66,4.27
2022-11-07,4.22,4.72,4.34
2022-11-08,4.14,4.67,4.28
2022-11-09,4.12,4.61,4.31
2022-11-10,3.82,4.34,4.03
2022-11-11,nan,nan,nan
2022-11-14,3.88,4.4,4.07
2022-11-15,3.8,4.37,3.98
2022-11-16,3.67,4.35,3.85
2022-11-17,3.77,4.43,3.89
2022-11-18,3.82,4.51,3.92
2022-11-21,3.83,4.48,3.91
2022-11-22,3.76,4.47,3.83
2022-11-23,3.71,4.46,3.74
2022-11-24,nan,nan,nan
2022-11-25,3.68,4.42,3.74
2022-11-28,3.69,4.46,3.74
2022-11-29,3.75,4.48,3.81
2022-11-30,3.68,4.38,3.8
2022-12-01,3.53,4.25,3.64
2022-12-02,3.51,4.28,3.56
2022-12-05,3.6,4.41,3.62
2022-12-06,3.51,4.34,3.52
2022-12-07,3.42,4.26,3.42
2022-12-08,3.48,4.31,3.44
2022-12-09,3.57,4.33,3.56
2022-12-12,3.61,4.39,3.57
2022-12-13,3.51,4.22,3.53
2022-12-14,3.49,4.23,3.52
2022-12-15,3.44,4.23,3.48
2022-12-16,3.48,4.17,3.53
2022-12-19,3.57,4.25,3.62
2022-12-20,3.69,4.25,3.74
2022-12-21,3.68,4.21,3.74
2022-12-22,3.67,4.24,3.73
2022-12-23,3.75,4.31,3.82
2022-12-26,nan,nan,nan
2022-12-27,3.84,4.32,3.93
2022-12-28,3.88,4.31,3.98
2022-12-29,3.83,4.34,3.92
2022-12-30,3.88,4.41,3.97
2022-12-31,nan,nan,nan
2023-01-03,3.79,4.4,3.88
2023-01-04,3.69,4.36,3.81
2023-01-05,3.71,4.45,3.78
2023-01-06,3.55,4.24,3.67
2023-01-09,3.53,4.19,3.66
2023-01-10,3.61,4.24,3.74
2023-01-11,3.54,4.2,3.67
2023-01-12,3.43,4.12,3.56
2023-01-13,3.49,4.22,3.61
2023-01-16,nan,nan,nan
2023-01-17,3.53,4.18,3.64
2023-01-18,3.37,4.06,3.54
2023-01-19,3.39,4.09,3.57
2023-01-20,3.48,4.14,3.66
2023-01-23,3.52,4.21,3.69
2023-01-24,3.46,4.12,3.62
2023-01-25,3.46,4.11,3.62
2023-01-26,3.49,4.17,3.62
2023-01-27,3.52,4.19,3.64
2023-01-28,nan,nan,nan
2023-01-29,nan,nan,nan
2023-01-30,3.55,4.25,3.66
2023-01-31,3.52,4.21,3.65
2023-02-01,3.39,4.09,3.55
2023-02-02,3.4,4.09,3.55
2023-02-03,3.53,4.3,3.63
2023-02-06,3.63,4.44,3.67
2023-02-07,3.67,4.47,3.72
2023-02-08,3.63,4.45,3.7
2023-02-09,3.67,4.48,3.75
2023-02-10,3.74,4.5,3.83
2023-02-13,3.72,4.52,3.79
2023-02-14,3.77,4.6,3.81
2023-02-15,3.81,4.62,3.85
2023-02-16,3.86,4.62,3.92
2023-02-17,3.82,4.6,3.88
2023-02-20,nan,nan,nan
2023-02-21,3.95,4.67,3.98
2023-02-22,3.93,4.66,3.94
2023-02-23,3.88,4.66,3.88
2023-02-24,3.95,4.78,3.93
2023-02-27,3.92,4.78,3.93
2023-02-28,3.92,4.81,3.93
2023-03-01,4.01,4.89,3.97
2023-03-02,4.08,4.89,4.03
2023-03-03,3.97,4.86,3.9
2023-03-06,3.98,4.89,3.92
2023-03-07,3.97,5.0,3.88
2023-03-08,3.98,5.05,3.88
2023-03-09,3.93,4.9,3.88
2023-03-10,3.7,4.6,3.7
2023-03-13,3.55,4.03,3.7
2023-03-14,3.64,4.2,3.77
2023-03-15,3.51,3.93,3.7
2023-03-16,3.56,4.14,3.71
2023-03-17,3.39,3.81,3.6
2023-03-20,3.47,3.92,3.65
2023-03-21,3.59,4.17,3.73
2023-03-22,3.48,3.96,3.68
2023-03-23,3.38,3.76,3.66
2023-03-24,3.38,3.76,3.64
2023-03-27,3.53,3.94,3.77
2023-03-28,3.55,4.02,3.77
2023-03-29,3.57,4.08,3.78
2023-03-30,3.55,4.1,3.74
2023-03-31,3.48,4.06,3.67
2023-04-03,3.43,3.97,3.64
2023-04-04,3.35,3.84,3.6
2023-04-05,3.3,3.79,3.56
2023-04-06,3.3,3.82,3.54
2023-04-07,3.39,3.97,3.61
2023-04-10,3.41,4.0,3.62
2023-04-11,3.43,4.03,3.62
2023-04-12,3.41,3.95,3.64
2023-04-13,3.45,3.96,3.69
2023-04-14,3.52,4.08,3.74
2023-04-17,3.6,4.18,3.81
2023-04-18,3.58,4.19,3.79
2023-04-19,3.6,4.24,3.79
2023-04-20,3.54,4.14,3.75
2023-04-21,3.57,4.17,3.78
2023-04-23,nan,nan,nan
2023-04-24,3.52,4.12,3.73
2023-04-25,3.4,3.86,3.65
2023-04-26,3.43,3.9,3.7
2023-04-27,3.53,4.07,3.76
2023-04-28,3.44,4.04,3.67
2023-05-01,3.59,4.14,3.84
2023-05-02,3.44,3.97,3.72
2023-05-03,3.38,3.89,3.7
2023-05-04,3.37,3.75,3.73
2023-05-05,3.44,3.92,3.76
2023-05-06,nan,nan,nan
2023-05-08,3.52,4.0,3.84
2023-05-09,3.53,4.01,3.85
2023-05-10,3.43,3.9,3.8
2023-05-11,3.39,3.89,3.73
2023-05-12,3.46,3.98,3.78
2023-05-15,3.5,3.99,3.84
2023-05-16,3.54,4.06,3.87
2023-05-17,3.57,4.12,3.88
2023-05-18,3.65,4.24,3.91
2023-05-19,3.7,4.28,3.95
2023-05-22,3.72,4.29,3.97
2023-05-23,3.7,4.26,3.96
2023-05-24,3.73,4.31,3.97
2023-05-25,3.83,4.5,4.01
2023-05-26,3.8,4.54,3.96
2023-05-29,nan,nan,nan
2023-05-30,3.69,4.46,3.9
2023-05-31,3.64,4.4,3.85
2023-06-01,3.61,4.33,3.84
2023-06-02,3.69,4.5,3.88
2023-06-05,3.69,4.46,3.89
2023-06-06,3.7,4.51,3.87
2023-06-07,3.79,4.56,3.95
2023-06-08,3.73,4.52,3.89
2023-06-09,3.75,4.59,3.89
2023-06-12,3.73,4.55,3.87
2023-06-13,3.84,4.67,3.94
2023-06-14,3.83,4.74,3.9
2023-06-15,3.72,4.62,3.85
2023-06-16,3.77,4.7,3.86
2023-06-19,nan,nan,nan
2023-06-20,3.74,4.68,3.83
2023-06-21,3.72,4.68,3.81
2023-06-22,3.8,4.77,3.88
2023-06-23,3.74,4.71,3.82
2023-06-25,nan,nan,nan
2023-06-26,3.72,4.65,3.83
2023-06-27,3.77,4.74,3.84
2023-06-28,3.71,4.71,3.81
2023-06-29,3.85,4.87,3.92
2023-06-30,3.81,4.87,3.85
2023-07-03,3.86,4.94,3.87
2023-07-04,nan,nan,nan
2023-07-05,3.95,4.94,3.95
2023-07-06,4.05,4.99,4.01
2023-07-07,4.06,4.94,4.05
2023-07-10,4.01,4.85,4.05
2023-07-11,3.99,4.88,4.03
2023-07-12,3.86,4.72,3.96
2023-07-13,3.76,4.59,3.9
2023-07-14,3.83,4.74,3.93
2023-07-17,3.81,4.74,3.94
2023-07-18,3.8,4.74,3.91
2023-07-19,3.75,4.74,3.84
2023-07-20,3.85,4.8,3.91
2023-07-21,3.84,4.82,3.91
2023-07-24,3.86,4.81,3.92
2023-07-25,3.91,4.85,3.95
2023-07-26,3.86,4.82,3.94
2023-07-27,4.01,4.91,4.06
2023-07-28,3.96,4.87,4.03
2023-07-31,3.97,4.88,4.02
2023-08-01,4.05,4.92,4.11
2023-08-02,4.08,4.88,4.17
2023-08-03,4.2,4.9,4.32
2023-08-04,4.05,4.78,4.21
2023-08-07,4.09,4.76,4.27
2023-08-08,4.02,4.74,4.2
2023-08-09,4.0,4.79,4.18
2023-08-10,4.09,4.82,4.24
2023-08-11,4.16,4.89,4.27
2023-08-14,4.19,4.96,4.29
2023-08-15,4.21,4.92,4.32
2023-08-16,4.28,4.97,4.38
2023-08-17,4.3,4.94,4.41
2023-08-18,4.26,4.92,4.38
2023-08-21,4.34,4.97,4.45
2023-08-22,4.34,5.02,4.42
2023-08-23,4.19,4.95,4.27
2023-08-24,4.23,4.98,4.3
2023-08-25,4.25,5.03,4.3
2023-08-28,4.2,4.98,4.29
2023-08-29,4.12,4.87,4.23
2023-08-30,4.12,4.9,4.23
2023-08-31,4.09,4.85,4.2
2023-09-01,4.18,4.87,4.29
2023-09-04,nan,nan,nan
2023-09-05,4.27,4.94,4.38
2023-09-06,4.3,5.01,4.37
2023-09-07,4.27,4.94,4.36
2023-09-08,4.26,4.98,4.33
2023-09-11,4.29,4.97,4.37
2023-09-12,4.27,4.98,4.35
2023-09-13,4.25,4.96,4.34
2023-09-14,4.29,5.0,4.39
2023-09-15,4.33,5.02,4.42
2023-09-18,4.32,5.05,4.4
2023-09-19,4.37,5.08,4.43
2023-09-20,4.35,5.12,4.4
2023-09-21,4.49,5.12,4.56
2023-09-22,4.44,5.1,4.53
2023-09-25,4.55,5.09,4.67
2023-09-26,4.56,5.04,4.7
2023-09-27,4.61,5.1,4.73
2023-09-28,4.59,5.04,4.71
2023-09-29,4.59,5.03,4.73
2023-10-02,4.69,5.12,4.81
2023-10-03,4.81,5.15,4.95
2023-10-04,4.73,5.05,4.87
2023-10-05,4.72,5.03,4.89
2023-10-06,4.78,5.08,4.95
2023-10-07,nan,nan,nan
2023-10-08,nan,nan,nan
2023-10-09,nan,nan,nan
2023-10-10,4.66,4.96,4.85
2023-10-11,4.58,4.99,4.73
2023-10-12,4.7,5.06,4.86
2023-10-13,4.63,5.04,4.78
2023-10-16,4.71,5.09,4.87
2023-10-17,4.83,5.19,4.94
2023-10-18,4.91,5.19,5.0
2023-10-19,4.98,5.14,5.11
2023-10-20,4.93,5.07,5.09
2023-10-23,4.86,5.05,5.01
2023-10-24,4.83,5.02,4.96
2023-10-25,4.95,5.08,5.09
2023-10-26,4.86,5.02,5.01
2023-10-27,4.84,4.99,5.03
2023-10-30,4.88,5.03,5.04
2023-10-31,4.88,5.07,5.04
2023-11-01,4.77,4.95,4.96
2023-11-02,4.67,4.98,4.82
2023-11-03,4.57,4.83,4.77
2023-11-06,4.67,4.93,4.84
2023-11-07,4.58,4.91,4.75
2023-11-08,4.49,4.93,4.64
2023-11-09,4.62,5.03,4.77
2023-11-10,4.61,5.04,4.73
2023-11-13,4.63,5.02,4.75
2023-11-14,4.44,4.8,4.61
2023-11-15,4.53,4.9,4.68
2023-11-16,4.45,4.83,4.63
2023-11-17,4.44,4.88,4.59
2023-11-20,4.42,4.89,4.57
2023-11-21,4.41,4.86,4.57
2023-11-22,4.42,4.89,4.55
2023-11-23,nan,nan,nan
2023-11-24,4.47,4.92,4.6
2023-11-27,4.39,4.84,4.53
2023-11-28,4.34,4.73,4.52
2023-11-29,4.27,4.64,4.44
2023-11-30,4.37,4.73,4.54
2023-12-01,4.22,4.56,4.4
2023-12-04,4.28,4.64,4.43
2023-12-05,4.18,4.57,4.3
2023-12-06,4.12,4.6,4.22
2023-12-07,4.14,4.58,4.25
2023-12-08,4.23,4.71,4.31
2023-12-11,4.23,4.71,4.32
2023-12-12,4.2,4.73,4.3
2023-12-13,4.04,4.46,4.19
2023-12-14,3.92,4.37,4.03
2023-12-15,3.91,4.44,4.0
2023-12-18,3.95,4.43,4.05
2023-12-19,3.93,4.41,4.03
2023-12-20,3.86,4.34,3.98
2023-12-21,3.89,4.33,4.03
2023-12-22,3.9,4.31,4.05
2023-12-25,nan,nan,nan
2023-12-26,3.89,4.26,4.04
2023-12-27,3.79,4.2,3.95
2023-12-28,3.84,4.26,3.98
2023-12-29,3.88,4.23,4.03
2023-12-31,nan,nan,nan
2024-01-02,3.95,4.33,4.08
2024-01-03,3.91,4.33,4.05
2024-01-04,3.99,4.38,4.13
2024-01-05,4.05,4.4,4.21
2024-01-08,4.01,4.36,4.17
2024-01-09,4.02,4.36,4.18
2024-01-10,4.04,4.37,4.2
2024-01-11,3.98,4.26,4.18
2024-01-12,3.96,4.14,4.2
2024-01-15,nan,nan,nan
2024-01-16,4.07,4.22,4.3
2024-01-17,4.1,4.34,4.31
2024-01-18,4.14,4.34,4.37
2024-01-19,4.15,4.39,4.36
2024-01-22,4.11,4.37,4.32
2024-01-23,4.14,4.31,4.38
2024-01-24,4.18,4.34,4.41
2024-01-25,4.14,4.28,4.38
2024-01-26,4.15,4.34,4.38
2024-01-29,4.08,4.29,4.31
2024-01-30,4.06,4.36,4.28
2024-01-31,3.99,4.27,4.22
2024-02-01,3.87,4.2,4.1
2024-02-02,4.03,4.36,4.22
2024-02-04,nan,nan,nan
2024-02-05,4.17,4.46,4.35
2024-02-06,4.09,4.39,4.29
2024-02-07,4.09,4.41,4.31
2024-02-08,4.15,4.46,4.36
2024-02-09,4.17,4.48,4.37
2024-02-12,4.17,4.46,4.37
2024-02-13,4.31,4.64,4.46
2024-02-14,4.27,4.56,4.45
2024-02-15,4.24,4.56,4.42
2024-02-16,4.3,4.64,4.45
2024-02-18,nan,nan,nan
2024-02-19,nan,nan,nan
2024-02-20,4.27,4.59,4.44
2024-02-21,4.32,4.64,4.49
2024-02-22,4.33,4.69,4.47
2024-02-23,4.26,4.67,4.37
2024-02-26,4.28,4.69,4.4
2024-02-27,4.31,4.7,4.44
2024-02-28,4.27,4.64,4.4
2024-02-29,4.25,4.64,4.38
2024-03-01,4.19,4.54,4.33
2024-03-04,4.22,4.61,4.36
2024-03-05,4.13,4.54,4.27
2024-03-06,4.11,4.55,4.24
2024-03-07,4.09,4.5,4.25
2024-03-08,4.09,4.48,4.26
2024-03-11,4.1,4.51,4.26
2024-03-12,4.16,4.58,4.31
2024-03-13,4.19,4.61,4.35
2024-03-14,4.29,4.68,4.44
2024-03-15,4.31,4.72,4.43
2024-03-18,4.34,4.73,4.46
2024-03-19,4.3,4.68,4.44
2024-03-20,4.27,4.59,4.45
2024-03-21,4.27,4.62,4.44
2024-03-22,4.22,4.59,4.39
2024-03-25,4.25,4.54,4.42
2024-03-26,4.24,4.56,4.4
2024-03-27,4.2,4.54,4.36
2024-03-28,4.2,4.59,4.34
2024-03-29,nan,nan,nan
2024-04-01,4.33,4.72,4.47
2024-04-02,4.36,4.7,4.51
2024-04-03,4.36,4.68,4.51
2024-04-04,4.31,4.65,4.47
2024-04-05,4.39,4.73,4.54
2024-04-07,nan,nan,nan
2024-04-08,4.42,4.78,4.55
2024-04-09,4.36,4.74,4.5
2024-04-10,4.55,4.97,4.64
2024-04-11,4.56,4.93,4.65
2024-04-12,4.5,4.88,4.61
2024-04-15,4.63,4.93,4.74
2024-04-16,4.67,4.97,4.77
2024-04-17,4.59,4.93,4.71
2024-04-18,4.64,4.98,4.74
2024-04-19,4.62,4.97,4.72
2024-04-22,4.62,4.97,4.72
2024-04-23,4.61,4.86,4.73
2024-04-24,4.65,4.89,4.78
2024-04-25,4.7,4.96,4.82
2024-04-26,4.67,4.96,4.78
2024-04-28,nan,nan,nan
2024-04-29,4.63,4.97,4.75
2024-04-30,4.69,5.04,4.79
2024-05-01,4.63,4.96,4.74
2024-05-02,4.58,4.87,4.72
2024-05-03,4.5,4.81,4.66
2024-05-06,4.49,4.82,4.64
2024-05-07,4.47,4.82,4.61
2024-05-08,4.48,4.84,4.64
2024-05-09,4.45,4.8,4.6
2024-05-10,4.5,4.87,4.64
2024-05-11,nan,nan,nan
2024-05-13,4.48,4.85,4.63
2024-05-14,4.45,4.81,4.59
2024-05-15,4.36,4.73,4.52
2024-05-16,4.38,4.78,4.52
2024-05-17,4.42,4.83,4.56
2024-05-20,4.44,4.82,4.58
2024-05-21,4.41,4.82,4.55
2024-05-22,4.43,4.86,4.55
2024-05-23,4.47,4.91,4.58
2024-05-24,4.46,4.93,4.57
2024-05-27,nan,nan,nan
2024-05-28,4.54,4.94,4.66
2024-05-29,4.61,4.96,4.74
2024-05-30,4.55,4.92,4.69
2024-05-31,4.51,4.89,4.65
2024-06-03,4.41,4.82,4.55
2024-06-04,4.33,4.77,4.48
2024-06-05,4.29,4.72,4.44
2024-06-06,4.28,4.72,4.43
2024-06-07,4.43,4.87,4.55
2024-06-10,4.47,4.87,4.59
2024-06-11,4.39,4.81,4.53
2024-06-12,4.31,4.75,4.47
2024-06-13,4.24,4.68,4.4
2024-06-14,4.2,4.67,4.34
2024-06-17,4.28,4.75,4.4
2024-06-18,4.22,4.69,4.36
2024-06-19,nan,nan,nan
2024-06-20,4.25,4.7,4.39
2024-06-21,4.25,4.7,4.39
2024-06-24,4.25,4.71,4.38
2024-06-25,4.23,4.65,4.36
2024-06-26,4.32,4.71,4.45
2024-06-27,4.29,4.7,4.43
2024-06-28,4.36,4.71,4.51
2024-07-01,4.48,4.77,4.64
2024-07-02,4.43,4.74,4.6
2024-07-03,4.36,4.71,4.53
2024-07-04,nan,nan,nan
2024-07-05,4.28,4.6,4.47
2024-07-08,4.28,4.62,4.46
2024-07-09,4.3,4.62,4.49
2024-07-10,4.28,4.62,4.47
2024-07-11,4.2,4.5,4.41
2024-07-12,4.18,4.45,4.39
2024-07-15,4.23,4.44,4.46
2024-07-16,4.17,4.43,4.38
2024-07-17,4.16,4.42,4.37
2024-07-18,4.2,4.46,4.41
2024-07-19,4.25,4.49,4.45
2024-07-22,4.26,4.5,4.48
2024-07-23,4.25,4.4,4.48
2024-07-24,4.28,4.37,4.54
2024-07-25,4.27,4.41,4.5
2024-07-26,4.2,4.36,4.45
2024-07-29,4.17,4.36,4.42
2024-07-30,4.15,4.35,4.4
2024-07-31,4.09,4.29,4.35
2024-08-01,3.99,4.16,4.27
2024-08-02,3.8,3.88,4.11
2024-08-05,3.78,3.89,4.06
2024-08-06,3.9,3.99,4.18
2024-08-07,3.96,4.0,4.26
2024-08-08,3.99,4.04,4.28
2024-08-09,3.94,4.05,4.23
2024-08-12,3.9,4.01,4.19
2024-08-13,3.85,3.93,4.16
2024-08-14,3.83,3.94,4.12
2024-08-15,3.92,4.08,4.18
2024-08-16,3.89,4.06,4.15
2024-08-19,3.86,4.06,4.11
2024-08-20,3.82,3.99,4.07
2024-08-21,3.79,3.92,4.06
2024-08-22,3.86,3.99,4.13
2024-08-23,3.81,3.9,4.1
2024-08-26,3.82,3.91,4.11
2024-08-27,3.83,3.83,4.13
2024-08-28,3.84,3.83,4.13
2024-08-29,3.87,3.87,4.15
2024-08-30,3.91,3.91,4.2
2024-09-02,nan,nan,nan
2024-09-03,3.84,3.88,4.13
2024-09-04,3.77,3.76,4.06
2024-09-05,3.73,3.75,4.02
2024-09-06,3.72,3.66,4.03
2024-09-09,3.7,3.68,4.0
2024-09-10,3.65,3.59,3.97
2024-09-11,3.65,3.62,3.96
2024-09-12,3.68,3.64,4.0
2024-09-13,3.66,3.57,3.98
2024-09-14,nan,nan,nan
2024-09-16,3.63,3.56,3.94
2024-09-17,3.65,3.59,3.96
2024-09-18,3.7,3.61,4.03
2024-09-19,3.73,3.59,4.06
2024-09-20,3.73,3.55,4.07
2024-09-23,3.75,3.57,4.09
2024-09-24,3.74,3.49,4.09
2024-09-25,3.79,3.53,4.14
2024-09-26,3.79,3.6,4.12
2024-09-27,3.75,3.55,4.1
2024-09-29,nan,nan,nan
2024-09-30,3.81,3.66,4.14
2024-10-01,3.74,3.61,4.08
2024-10-02,3.79,3.63,4.14
2024-10-03,3.85,3.7,4.18
2024-10-04,3.98,3.93,4.26
2024-10-07,4.03,3.99,4.3
2024-10-08,4.04,3.98,4.32
2024-10-09,4.06,3.99,4.34
2024-10-10,4.09,3.98,4.38
2024-10-11,4.08,3.95,4.39
2024-10-12,nan,nan,nan
2024-10-14,nan,nan,nan
2024-10-15,4.03,3.95,4.32
2024-10-16,4.02,3.93,4.3
2024-10-17,4.09,3.96,4.39
2024-10-18,4.08,3.95,4.38
2024-10-21,4.19,4.02,4.49
2024-10-22,4.2,4.03,4.49
2024-10-23,4.24,4.07,4.51
2024-10-24,4.21,4.07,4.47
2024-10-25,4.25,4.11,4.51
2024-10-28,4.28,4.12,4.53
2024-10-29,4.28,4.11,4.52
2024-10-30,4.29,4.15,4.49
2024-10-31,4.28,4.16,4.47
2024-11-01,4.37,4.21,4.57
2024-11-04,4.31,4.17,4.5
2024-11-05,4.26,4.19,4.44
2024-11-06,4.42,4.27,4.6
2024-11-07,4.31,4.21,4.52
2024-11-08,4.3,4.26,4.47
2024-11-11,nan,nan,nan
2024-11-12,4.43,4.34,4.58
2024-11-13,4.44,4.27,4.63
2024-11-14,4.43,4.34,4.58
2024-11-15,4.43,4.31,4.6
2024-11-18,4.42,4.29,4.61
2024-11-19,4.39,4.27,4.57
2024-11-20,4.41,4.31,4.59
2024-11-21,4.43,4.34,4.61
2024-11-22,4.41,4.37,4.6
2024-11-25,4.27,4.21,4.45
2024-11-26,4.3,4.21,4.48
2024-11-27,4.25,4.19,4.44
2024-11-28,nan,nan,nan
2024-11-29,4.18,4.13,4.36
2024-12-02,4.19,4.17,4.36
2024-12-03,4.23,4.17,4.4
2024-12-04,4.19,4.13,4.35
2024-12-05,4.17,4.15,4.33
2024-12-06,4.15,4.1,4.34
2024-12-09,4.2,4.13,4.39
2024-12-10,4.22,4.15,4.41
2024-12-11,4.26,4.15,4.48
2024-12-12,4.32,4.18,4.55
2024-12-13,4.4,4.25,4.61
2024-12-16,4.39,4.25,4.6
2024-12-17,4.4,4.25,4.59
2024-12-18,4.5,4.35,4.65
2024-12-19,4.57,4.32,4.74
2024-12-20,4.52,4.3,4.72
2024-12-23,4.59,4.3,4.78
2024-12-24,4.59,4.29,4.76
2024-12-25,nan,nan,nan
2024-12-26,4.58,4.3,4.76
2024-12-27,4.62,4.31,4.82
2024-12-30,4.55,4.24,4.77
2024-12-31,4.58,4.25,4.78
2025-01-02,4.57,4.25,4.79
2025-01-03,4.6,4.28,4.82
2025-01-06,4.62,4.28,4.85
2025-01-07,4.67,4.3,4.91
2025-01-08,4.67,4.28,4.91
2025-01-09,4.68,4.27,4.92
2025-01-10,4.77,4.4,4.96
2025-01-13,4.79,4.4,4.97
2025-01-14,4.78,4.37,4.98
2025-01-15,4.66,4.27,4.88
2025-01-16,4.61,4.23,4.84
2025-01-17,4.61,4.27,4.84
2025-01-20,nan,nan,nan
2025-01-21,4.57,4.29,4.8
2025-01-22,4.6,4.29,4.82
2025-01-23,4.65,4.29,4.87
2025-01-24,4.63,4.27,4.85
2025-01-26,nan,nan,nan
2025-01-27,4.53,4.17,4.76
2025-01-28,4.55,4.19,4.78
2025-01-29,4.55,4.21,4.79
2025-01-30,4.52,4.18,4.76
2025-01-31,4.58,4.22,4.83
2025-02-03,4.54,4.26,4.77
2025-02-04,4.52,4.21,4.75
2025-02-05,4.43,4.17,4.64
2025-02-06,4.45,4.21,4.65
2025-02-07,4.49,4.29,4.69
2025-02-08,nan,nan,nan
2025-02-10,4.51,4.28,4.71
2025-02-11,4.54,4.29,4.75
2025-02-12,4.62,4.36,4.83
2025-02-13,4.52,4.31,4.72
2025-02-14,4.47,4.26,4.69
2025-02-17,nan,nan,nan
2025-02-18,4.55,4.29,4.77
2025-02-19,4.53,4.28,4.76
2025-02-20,4.5,4.28,4.74
2025-02-21,4.42,4.19,4.67
2025-02-24,4.4,4.13,4.66
2025-02-25,4.3,4.07,4.55
2025-02-26,4.25,4.05,4.51
2025-02-27,4.29,4.07,4.56
2025-02-28,4.24,3.99,4.51
2025-03-03,4.16,3.96,4.45
2025-03-04,4.22,3.96,4.53
2025-03-05,4.28,3.99,4.57
2025-03-06,4.29,3.96,4.58
2025-03-07,4.32,3.99,4.62
2025-03-10,4.22,3.89,4.54
2025-03-11,4.28,3.94,4.59
2025-03-12,4.32,4.01,4.63
2025-03-13,4.27,3.94,4.59
2025-03-14,4.31,4.02,4.62
2025-03-17,4.31,4.06,4.6
2025-03-18,4.29,4.04,4.58
2025-03-19,4.25,3.99,4.56
2025-03-20,4.24,3.95,4.55
2025-03-21,4.25,3.94,4.59
2025-03-24,4.34,4.04,4.66
2025-03-25,4.31,3.96,4.65
2025-03-26,4.35,3.98,4.69
2025-03-27,4.38,3.97,4.73
2025-03-28,4.27,3.89,4.64
2025-03-31,4.23,3.89,4.59
2025-04-01,4.17,3.87,4.52
2025-04-02,4.2,3.91,4.54
2025-04-03,4.06,3.71,4.49
2025-04-04,4.01,3.68,4.41
2025-04-07,4.15,3.73,4.58
2025-04-08,4.26,3.71,4.71
2025-04-09,4.34,3.91,4.72
2025-04-10,4.4,3.84,4.86
2025-04-11,4.48,3.96,4.85
2025-04-14,4.38,3.84,4.8
2025-04-15,4.35,3.84,4.79
2025-04-16,4.29,3.77,4.74
2025-04-17,4.34,3.81,4.8
2025-04-18,nan,nan,nan
2025-04-21,4.42,3.75,4.91
2025-04-22,4.41,3.76,4.88
2025-04-23,4.4,3.81,4.83
2025-04-24,4.32,3.77,4.77
2025-04-25,4.29,3.74,4.74
2025-04-27,nan,nan,nan
2025-04-28,4.23,3.67,4.69
2025-04-29,4.19,3.65,4.64
2025-04-30,4.17,3.6,4.66
2025-05-01,4.25,3.7,4.74
2025-05-02,4.33,3.83,4.79
2025-05-05,4.36,3.83,4.83
2025-05-06,4.3,3.78,4.81
2025-05-07,4.26,3.78,4.77
2025-05-08,4.37,3.9,4.83
2025-05-09,4.37,3.88,4.83
2025-05-12,4.45,3.98,4.89
2025-05-13,4.49,4.02,4.94
2025-05-14,4.53,4.05,4.97
2025-05-15,4.45,3.96,4.91
2025-05-16,4.43,3.98,4.89
2025-05-19,4.46,3.97,4.92
2025-05-20,4.48,3.97,4.96
2025-05-21,4.58,4.0,5.08
2025-05-22,4.54,4.0,5.05
2025-05-23,4.51,4.0,5.04
2025-05-26,nan,nan,nan
2025-05-27,4.43,3.92,4.94
2025-05-28,4.47,3.96,4.97
2025-05-29,4.43,3.92,4.92
2025-05-30,4.41,3.89,4.92
2025-06-02,4.46,3.94,4.99
2025-06-03,4.46,3.96,4.98
2025-06-04,4.37,3.87,4.89
2025-06-05,4.4,3.92,4.88
2025-06-06,4.51,4.04,4.97
2025-06-09,4.49,4.01,4.95
2025-06-10,4.47,4.01,4.93
2025-06-11,4.41,3.94,4.91
2025-06-12,4.36,3.9,4.84
2025-06-13,4.41,3.96,4.9
2025-06-16,4.46,3.97,4.96
2025-06-17,4.39,3.94,4.88
2025-06-18,4.38,3.94,4.88
2025-06-19,nan,nan,nan
2025-06-20,4.38,3.9,4.89
2025-06-23,4.34,3.84,4.87
2025-06-24,4.3,3.75,4.83
2025-06-25,4.29,3.74,4.83
2025-06-26,4.26,3.7,4.81
2025-06-27,4.29,3.73,4.85
2025-06-30,4.24,3.72,4.78
2025-07-01,4.26,3.78,4.78
2025-07-02,4.3,3.78,4.82
2025-07-03,4.35,3.88,4.86
2025-07-04,nan,nan,nan
2025-07-07,4.4,3.9,4.92
2025-07-08,4.42,3.9,4.94
2025-07-09,4.34,3.86,4.87
2025-07-10,4.35,3.86,4.86
2025-07-11,4.43,3.9,4.96
2025-07-14,4.43,3.9,4.97
2025-07-15,4.5,3.95,5.01
2025-07-16,4.46,3.88,5.01
2025-07-17,4.47,3.91,5.01
2025-07-18,4.44,3.88,5.0
2025-07-21,4.38,3.85,4.94
2025-07-22,4.35,3.83,4.9
2025-07-23,4.4,3.88,4.95
2025-07-24,4.43,3.91,4.96
2025-07-25,4.4,3.91,4.92
2025-07-28,4.42,3.91,4.96
2025-07-29,4.34,3.86,4.86
2025-07-30,4.38,3.94,4.89
2025-07-31,4.37,3.94,4.89
2025-08-01,4.23,3.69,4.81
2025-08-04,4.22,3.69,4.8
2025-08-05,4.22,3.72,4.78
2025-08-06,4.22,3.69,4.81
2025-08-07,4.23,3.72,4.81
2025-08-08,4.27,3.76,4.85
2025-08-11,4.27,3.76,4.84
2025-08-12,4.29,3.72,4.88
2025-08-13,4.24,3.67,4.83
2025-08-14,4.29,3.74,4.88
2025-08-15,4.33,3.75,4.92
2025-08-18,4.34,3.77,4.94
2025-08-19,4.3,3.75,4.9
2025-08-20,4.29,3.74,4.89
2025-08-21,4.33,3.79,4.92
2025-08-22,4.26,3.68,4.88
2025-08-25,4.28,3.73,4.89
2025-08-26,4.26,3.61,4.9
2025-08-27,4.24,3.59,4.91
2025-08-28,4.22,3.62,4.88
2025-08-29,4.23,3.59,4.92
2025-09-01,nan,nan,nan
2025-09-02,4.28,3.66,4.97
2025-09-03,4.22,3.61,4.9
2025-09-04,4.17,3.59,4.86
2025-09-05,4.1,3.51,4.78
2025-09-08,4.05,3.49,4.69
2025-09-09,4.08,3.54,4.72
2025-09-10,4.04,3.54,4.69
2025-09-11,4.01,3.52,4.65
2025-09-12,4.06,3.56,4.68
2025-09-15,4.05,3.54,4.66
2025-09-16,4.04,3.51,4.65
2025-09-17,4.06,3.52,4.66
2025-09-18,4.11,3.57,4.72
2025-09-19,4.14,3.57,4.75
2025-09-22,4.15,3.61,4.77
2025-09-23,4.12,3.53,4.73
2025-09-24,4.16,3.57,4.76
2025-09-25,4.18,3.64,4.75
2025-09-26,4.2,3.63,4.77
2025-09-28,nan,nan,nan
2025-09-29,4.15,3.63,4.71
2025-09-30,4.16,3.6,4.73
2025-10-01,4.12,3.55,4.72
2025-10-02,4.1,3.55,4.69
2025-10-03,4.13,3.58,4.71
2025-10-06,4.18,3.6,4.76
2025-10-07,4.14,3.57,4.73
2025-10-08,4.13,3.58,4.72
2025-10-09,4.14,3.6,4.72
2025-10-10,4.05,3.52,4.63
2025-10-11,nan,nan,nan
2025-10-13,nan,nan,nan
2025-10-14,4.03,3.48,4.62
2025-10-15,4.05,3.5,4.64
2025-10-16,3.99,3.41,4.58
2025-10-17,4.02,3.46,4.6
2025-10-20,4.0,3.46,4.58
2025-10-21,3.98,3.45,4.55
2025-10-22,3.97,3.45,4.54
2025-10-23,4.01,3.48,4.58
2025-10-24,4.02,3.48,4.59
2025-10-27,4.01,3.48,4.57
2025-10-28,3.99,3.47,4.55
2025-10-29,4.08,3.59,4.61
2025-10-30,4.11,3.61,4.65
2025-10-31,4.11,3.6,4.67
2025-11-03,4.13,3.6,4.69
2025-11-04,4.1,3.58,4.67
2025-11-05,4.17,3.63,4.74
2025-11-06,4.11,3.57,4.69
2025-11-07,4.11,3.55,4.7
2025-11-10,4.13,3.58,4.71
2025-11-11,nan,nan,nan
2025-11-12,4.08,3.56,4.67
2025-11-13,4.11,3.58,4.7
2025-11-14,4.14,3.62,4.74
2025-11-17,4.13,3.6,4.73
2025-11-18,4.12,3.58,4.74
2025-11-19,4.13,3.58,4.75
2025-11-20,4.1,3.55,4.73
2025-11-21,4.06,3.51,4.71
2025-11-24,4.04,3.46,4.68
2025-11-25,4.01,3.43,4.67
2025-11-26,4.0,3.45,4.64
2025-11-27,nan,nan,nan
2025-11-28,4.02,3.47,4.67
2025-12-01,4.09,3.54,4.74
2025-12-02,4.09,3.51,4.74
2025-12-03,4.06,3.49,4.73
2025-12-04,4.11,3.52,4.76
2025-12-05,4.14,3.56,4.79
2025-12-08,4.17,3.57,4.81
2025-12-09,4.18,3.61,4.8
2025-12-10,4.13,3.54,4.78
2025-12-11,4.14,3.52,4.79
2025-12-12,4.19,3.52,4.85
2025-12-15,4.18,3.51,4.84
2025-12-16,4.15,3.48,4.82
2025-12-17,4.16,3.49,4.83
2025-12-18,4.12,3.46,4.8
2025-12-19,4.16,3.48,4.82
2025-12-22,4.17,3.44,4.84
2025-12-23,4.18,3.48,4.83
2025-12-24,4.15,3.47,4.79
2025-12-25,nan,nan,nan
2025-12-26,4.14,3.46,4.81
2025-12-29,4.12,3.45,4.8
2025-12-30,4.14,3.45,4.81
2025-12-31,4.18,3.47,4.84
2026-01-02,4.19,3.47,4.86
2026-01-04,nan,nan,nan
2026-01-05,4.17,3.46,4.85
2026-01-06,4.18,3.47,4.86
2026-01-07,4.15,3.47,4.82
2026-01-08,4.19,3.49,4.85
2026-01-09,4.18,3.54,4.82
2026-01-12,4.19,3.54,4.83
2026-01-13,4.18,3.53,4.83
2026-01-14,4.15,3.51,4.79
2026-01-15,4.17,3.56,4.79
2026-01-16,4.24,3.59,4.83
2026-01-19,nan,nan,nan
2026-01-20,4.3,3.6,4.91
2026-01-21,4.26,3.6,4.87
2026-01-22,4.26,3.61,4.84
2026-01-23,4.24,3.6,4.82
2026-01-26,4.22,3.56,4.8
2026-01-27,4.24,3.53,4.83
2026-01-28,4.26,3.56,4.85
2026-01-29,4.24,3.53,4.85
2026-01-30,4.26,3.52,4.87
2026-02-02,4.29,3.57,4.9
2026-02-03,4.28,3.57,4.9
2026-02-04,4.29,3.57,4.91
2026-02-05,4.21,3.47,4.85
2026-02-06,4.22,3.5,4.85
2026-02-09,4.22,3.48,4.85
2026-02-10,4.16,3.45,4.78
2026-02-11,4.18,3.52,4.82
2026-02-12,4.09,3.47,4.72
2026-02-13,4.04,3.4,4.69
2026-02-14,nan,nan,nan
2026-02-17,4.05,3.43,4.68
2026-02-18,4.09,3.47,4.71
2026-02-19,4.08,3.47,4.7
2026-02-20,4.08,3.48,4.72
2026-02-23,4.03,3.43,4.7
2026-02-24,4.04,3.43,4.7
2026-02-25,4.05,3.45,4.7
2026-02-26,4.02,3.42,4.67
2026-02-27,3.97,3.38,4.64
2026-02-28,nan,nan,nan
2026-03-02,4.05,3.47,4.7
2026-03-03,4.06,3.51,4.7
2026-03-04,4.09,3.54,4.72
2026-03-05,4.13,3.57,4.74
2026-03-06,4.15,3.56,4.77
2026-03-09,4.12,3.56,4.72
2026-03-10,4.15,3.57,4.78
2026-03-11,4.21,3.64,4.86
2026-03-12,4.27,3.76,4.88
2026-03-13,4.28,3.73,4.9
2026-03-16,4.23,3.68,4.86
2026-03-17,4.2,3.68,4.85
2026-03-18,4.26,3.76,4.88
2026-03-19,4.25,3.79,4.83
2026-03-20,4.39,3.88,4.96
2026-03-23,4.34,3.83,4.91
2026-03-24,4.39,3.9,4.94
2026-03-25,4.33,3.84,4.89
2026-03-26,4.42,3.96,4.93
2026-03-27,4.44,3.88,4.98
2026-03-30,4.35,3.82,4.91
2026-03-31,4.3,3.79,4.88
2026-04-01,4.33,3.81,4.91
2026-04-02,4.31,3.79,4.88
2026-04-03,4.35,3.84,4.91
2026-04-06,4.34,3.84,4.89
2026-04-07,4.33,3.81,4.9
2026-04-08,4.29,3.79,4.89
2026-04-09,4.29,3.78,4.9
2026-04-10,4.31,3.81,4.91
2026-04-13,4.3,3.78,4.9
2026-04-14,4.26,3.76,4.87
2026-04-15,4.29,3.76,4.89
2026-04-16,4.32,3.78,4.93
2026-04-17,4.26,3.71,4.88
2026-04-20,4.26,3.72,4.88
2026-04-21,4.3,3.78,4.89
2026-04-22,4.3,3.79,4.9
2026-04-23,4.34,3.83,4.92
2026-04-24,4.31,3.78,4.91
2026-04-27,4.35,3.78,4.94
2026-04-28,4.36,3.84,4.94
2026-04-29,4.42,3.92,4.98
2026-04-30,4.4,3.88,4.98
2026-05-01,4.39,3.88,4.97
2026-05-04,4.45,3.95,5.02
2026-05-05,4.43,3.93,4.98
2026-05-06,4.36,3.87,4.94
2026-05-07,4.41,3.92,4.97
2026-05-08,4.38,3.9,4.95
2026-05-09,nan,nan,nan
2026-05-11,4.42,3.95,4.98
2026-05-12,4.46,4.0,5.03
2026-05-13,4.46,3.98,5.03
2026-05-14,4.47,4.0,5.02
2026-05-15,4.59,4.09,5.12
2026-05-18,4.61,4.07,5.14
2026-05-19,4.67,4.13,5.18
2026-05-20,4.57,4.04,5.11
2026-05-21,4.57,4.08,5.1
2026-05-22,4.56,4.13,5.07
2026-05-25,nan,nan,nan
2026-05-26,4.5,4.01,5.03
2026-05-27,4.48,4.0,5.01
2026-05-28,4.45,3.99,4.98
2026-05-29,4.45,3.98,4.99
2026-06-01,4.47,4.05,4.99
2026-06-02,4.46,4.05,4.97
2026-06-03,4.49,4.08,4.99
2026-06-04,4.47,4.05,4.97
2026-06-05,4.55,4.17,5.01
2026-06-08,4.56,4.15,5.03
